# Blender 5.2.0 LTS
# www.blender.org
mtllib sample_hunyuan_quadriflow.mtl
o geometry_0
v 0.819313 0.459691 0.039315
v 0.819313 0.459691 0.040535
v 0.820590 0.479076 0.021718
v 0.816498 0.470215 0.031553
v 0.812299 0.469093 0.047166
v 0.816813 0.464828 0.041322
v 0.820309 0.459691 0.040535
v 0.820316 0.479233 0.021858
v 0.823434 0.470447 0.031703
v 0.821044 0.470228 0.040685
v 0.820441 0.481946 0.021248
v 0.816732 0.484760 0.029982
v 0.820096 0.479834 0.038631
v 0.820777 0.482089 0.021058
v 0.829334 0.490091 0.030465
v 0.815733 0.476292 0.033706
v -0.982117 0.077949 0.001278
v -0.984064 0.090323 -0.001041
v -0.981604 0.110374 -0.000491
v -0.976488 0.141694 -0.016435
v -0.981091 0.132713 -0.007226
v -0.978202 0.151400 -0.019668
v -0.985630 0.150567 -0.008535
v -0.970192 0.077382 0.000790
v -0.969924 0.090703 -0.002970
v -0.969419 0.111149 -0.006678
v -0.968636 0.137905 -0.019418
v -0.968965 0.127410 -0.013150
v -0.961916 0.159353 -0.038297
v -0.968277 0.152122 -0.029526
v -0.979564 0.170539 -0.023096
v -0.987828 0.169994 -0.008887
v -0.978639 0.189374 -0.023226
v -0.986543 0.189348 -0.009339
v -0.977007 0.208654 -0.020553
v -0.980839 0.208864 -0.009635
v -0.974876 0.217691 -0.018250
v -0.976628 0.218813 -0.009876
v -0.964696 0.170982 -0.042121
v -0.972640 0.170918 -0.032701
v -0.957717 0.199816 -0.055952
v -0.964431 0.191673 -0.048663
v -0.971870 0.189731 -0.032023
v -0.957676 0.206304 -0.056461
v -0.960557 0.211050 -0.049580
v -0.968573 0.208182 -0.028614
v -0.957032 0.224143 -0.044494
v -0.962409 0.226417 -0.026968
v -0.971253 0.228882 -0.010057
v -0.957166 0.241295 -0.024556
v -0.959685 0.243003 -0.010285
v -0.956087 0.317222 -0.040247
v -0.957405 0.318245 -0.030358
v -0.953546 0.324550 -0.020988
v -0.995329 0.362471 -0.004989
v -0.996158 0.375549 -0.016971
v -0.997921 0.369968 -0.010542
v -0.996082 0.376680 -0.016638
v -0.997295 0.378202 -0.009543
v -0.977344 0.341634 -0.021814
v -0.976957 0.342703 -0.019269
v -0.984160 0.350660 -0.024859
v -0.987432 0.354338 -0.011350
v -0.991165 0.369410 -0.022965
v -0.995832 0.364293 -0.016414
v -0.989377 0.378649 -0.019121
v -0.989718 0.382019 -0.009753
v -0.962372 0.330292 -0.042140
v -0.970383 0.332494 -0.029377
v -0.961122 0.337707 -0.013851
v -0.962795 0.344096 -0.040120
v -0.970180 0.350870 -0.035261
v -0.968832 0.351288 -0.007313
v -0.969203 0.367920 -0.025883
v -0.969859 0.377510 -0.018878
v -0.970056 0.380217 -0.009387
v -0.959663 0.080114 0.002744
v -0.956031 0.091430 0.000804
v -0.950928 0.111226 -0.002411
v -0.950752 0.136767 -0.020935
v -0.951128 0.126503 -0.012727
v -0.953565 0.159033 -0.038985
v -0.948755 0.152191 -0.032918
v -0.943309 0.117967 0.001282
v -0.941077 0.140747 -0.018465
v -0.938245 0.133025 -0.006971
v -0.936775 0.152610 -0.023224
v -0.927346 0.151525 -0.010106
v -0.922464 0.157532 -0.005402
v -0.878775 0.029888 -0.002314
v -0.878200 0.049766 -0.001972
v -0.876565 0.069834 -0.000659
v -0.877227 0.089784 -0.001291
v -0.876322 0.103970 -0.000524
v -0.862730 0.030069 -0.019318
v -0.871802 0.029974 -0.011661
v -0.862585 0.049971 -0.019713
v -0.871634 0.049876 -0.011470
v -0.861910 0.070211 -0.019478
v -0.870958 0.070011 -0.010363
v -0.863310 0.090227 -0.021908
v -0.872193 0.089970 -0.010801
v -0.863448 0.109649 -0.023443
v -0.872196 0.109910 -0.007306
v -0.859188 0.128594 -0.019893
v -0.865509 0.128278 -0.007983
v -0.856052 0.137850 -0.016796
v -0.858482 0.142383 -0.007888
v -0.849306 0.030154 -0.025194
v -0.849406 0.049993 -0.026117
v -0.849338 0.070283 -0.025773
v -0.849239 0.090527 -0.029200
v -0.848875 0.110004 -0.031505
v -0.849140 0.129451 -0.029944
v -0.846976 0.146273 -0.021156
v -0.852603 0.152245 -0.007818
v -0.831132 0.030184 -0.023781
v -0.831134 0.049905 -0.024195
v -0.831239 0.070411 -0.022788
v -0.830437 0.090745 -0.028499
v -0.829961 0.110585 -0.032490
v -0.829491 0.129334 -0.032584
v -0.829324 0.148715 -0.026793
v -0.810163 0.010929 -0.009695
v -0.818496 0.030249 -0.017516
v -0.808188 0.030747 -0.010872
v -0.818942 0.049823 -0.017526
v -0.808648 0.050149 -0.008877
v -0.823331 0.071236 -0.010852
v -0.813604 0.071979 0.002512
v -0.813744 0.099187 -0.008045
v -0.808727 0.091951 -0.001816
v -0.798126 0.119761 -0.031536
v -0.805721 0.116217 -0.017651
v -0.798675 0.122966 -0.032149
v -0.806314 0.128321 -0.024646
v -0.808941 0.147939 -0.027139
v -0.948562 0.169300 -0.043570
v -0.943014 0.163069 -0.035208
v -0.949863 0.198764 -0.057553
v -0.950052 0.188911 -0.053835
v -0.951172 0.211800 -0.059023
v -0.955716 0.218430 -0.055958
v -0.947371 0.229911 -0.060577
v -0.954604 0.230451 -0.049664
v -0.953011 0.237148 -0.037390
v -0.945340 0.250179 -0.061782
v -0.952622 0.249622 -0.048758
v -0.948479 0.247543 -0.030540
v -0.952316 0.253305 -0.010593
v -0.944806 0.270116 -0.062484
v -0.953639 0.269889 -0.049427
v -0.932033 0.266230 -0.032715
v -0.944614 0.268372 -0.010927
v -0.944091 0.289912 -0.062652
v -0.952326 0.290034 -0.049157
v -0.936238 0.290795 -0.033389
v -0.934730 0.290545 -0.011927
v -0.942873 0.309397 -0.061098
v -0.950436 0.309464 -0.046894
v -0.948772 0.308234 -0.031383
v -0.942428 0.316487 -0.013404
v -0.939409 0.175447 -0.039800
v -0.932136 0.169070 -0.028086
v -0.924867 0.162780 -0.016746
v -0.940546 0.199808 -0.056438
v -0.935318 0.191867 -0.048311
v -0.928200 0.191785 -0.032189
v -0.937347 0.210917 -0.058206
v -0.927821 0.210966 -0.048148
v -0.928989 0.205887 -0.032970
v -0.930641 0.231167 -0.060180
v -0.926133 0.225540 -0.053725
v -0.930285 0.250661 -0.064585
v -0.929823 0.270570 -0.067156
v -0.929430 0.290060 -0.068593
v -0.929436 0.309242 -0.067386
v -0.921811 0.174936 -0.020993
v -0.919301 0.169264 -0.010797
v -0.919737 0.190946 -0.024149
v -0.914683 0.190787 -0.009504
v -0.927629 0.219988 -0.038431
v -0.920782 0.212426 -0.027032
v -0.909314 0.213101 -0.009892
v -0.923038 0.238783 -0.057227
v -0.923994 0.232551 -0.046341
v -0.910405 0.230294 -0.026342
v -0.904909 0.223444 -0.016158
v -0.919844 0.251486 -0.059716
v -0.918927 0.251980 -0.047583
v -0.913163 0.252267 -0.028280
v -0.910840 0.271661 -0.064053
v -0.911038 0.270950 -0.047460
v -0.912696 0.270217 -0.030105
v -0.910846 0.290306 -0.068023
v -0.910853 0.309160 -0.066182
v -0.903422 0.220724 -0.004463
v -0.902748 0.236010 -0.018923
v -0.899621 0.230217 -0.009929
v -0.901194 0.251999 -0.019214
v -0.891478 0.254083 -0.006966
v -0.902520 0.281617 -0.057415
v -0.902312 0.283931 -0.045999
v -0.896674 0.279350 -0.022487
v -0.887137 0.267854 -0.011460
v -0.893938 0.293216 -0.058616
v -0.890067 0.290998 -0.045779
v -0.886769 0.289681 -0.032220
v -0.892886 0.307562 -0.058439
v -0.887945 0.311122 -0.047078
v -0.870555 0.267314 0.003043
v -0.870734 0.284236 -0.018084
v -0.870631 0.272724 -0.007073
v -0.880683 0.300332 -0.056502
v -0.871381 0.294948 -0.048653
v -0.870730 0.288642 -0.031685
v -0.880527 0.301176 -0.056066
v -0.871976 0.308760 -0.046876
v -0.839455 0.158998 -0.017670
v -0.842850 0.166418 -0.006445
v -0.837836 0.177238 0.001508
v -0.837557 0.243175 0.003400
v -0.845757 0.255560 -0.001419
v -0.837007 0.284790 -0.037159
v -0.844990 0.282101 -0.022910
v -0.848306 0.267055 -0.013104
v -0.839358 0.299914 -0.056974
v -0.846498 0.293886 -0.045383
v -0.853159 0.290631 -0.030180
v -0.843068 0.311085 -0.059227
v -0.853405 0.311276 -0.051762
v -0.829059 0.162522 -0.019900
v -0.828880 0.172245 -0.011931
v -0.828706 0.181368 -0.002222
v -0.817284 0.221904 0.004573
v -0.826045 0.234100 0.001317
v -0.815386 0.262226 -0.057211
v -0.817820 0.260025 -0.048600
v -0.811951 0.271364 -0.023510
v -0.828462 0.255606 -0.009204
v -0.818252 0.272134 -0.058475
v -0.826811 0.274726 -0.046377
v -0.826822 0.275127 -0.022748
v -0.836201 0.265687 -0.015471
v -0.826993 0.292417 -0.061679
v -0.833206 0.287194 -0.052214
v -0.827869 0.310739 -0.068148
v -0.807802 0.168155 -0.020349
v -0.813266 0.174465 -0.014346
v -0.800134 0.176883 -0.015947
v -0.805333 0.183999 -0.002571
v -0.799010 0.222465 -0.059967
v -0.799236 0.222064 -0.050151
v -0.798308 0.223663 -0.041652
v -0.806003 0.212805 0.004523
v -0.801395 0.231799 -0.063379
v -0.803681 0.232128 -0.049816
v -0.799695 0.236907 -0.033040
v -0.803810 0.239204 -0.003453
v -0.798328 0.258674 -0.075298
v -0.805571 0.253265 -0.066307
v -0.812661 0.249675 -0.049241
v -0.806516 0.252016 -0.029045
v -0.804351 0.254944 -0.008656
v -0.799686 0.270618 -0.075665
v -0.808358 0.271086 -0.068336
v -0.802399 0.290510 -0.076291
v -0.810967 0.291128 -0.071400
v -0.806064 0.310170 -0.077624
v -0.814871 0.310549 -0.074123
v -0.941754 0.323848 -0.059728
v -0.948723 0.330213 -0.052731
v -0.951084 0.328403 -0.006468
v -0.948322 0.344222 -0.041090
v -0.949342 0.354123 -0.033245
v -0.949936 0.367073 -0.025394
v -0.950170 0.375784 -0.017726
v -0.950100 0.378118 -0.009262
v -0.929576 0.326987 -0.061421
v -0.929495 0.335435 -0.054610
v -0.929285 0.339313 -0.038677
v -0.929942 0.352490 -0.031745
v -0.930053 0.367092 -0.025860
v -0.930093 0.376002 -0.017810
v -0.930027 0.379639 -0.009330
v -0.910739 0.325040 -0.060683
v -0.911297 0.332842 -0.052285
v -0.911301 0.340180 -0.037874
v -0.910092 0.354646 -0.034302
v -0.909334 0.368548 -0.024033
v -0.902782 0.375005 -0.016386
v -0.915273 0.376370 -0.017950
v -0.909364 0.379743 -0.010624
v -0.900298 0.319987 -0.056704
v -0.893165 0.324999 -0.042632
v -0.888613 0.346366 -0.035080
v -0.895285 0.353357 -0.032556
v -0.877551 0.352935 -0.030227
v -0.888574 0.360376 -0.026100
v -0.890806 0.373528 -0.010328
v -0.898483 0.376541 -0.005067
v -0.868021 0.328778 -0.043399
v -0.867266 0.348475 -0.044642
v -0.867700 0.367665 -0.043956
v -0.868760 0.369698 -0.028573
v -0.867654 0.367339 -0.008473
v -0.858606 0.375701 -0.039593
v -0.858669 0.374676 -0.029518
v -0.856584 0.372182 -0.008382
v -0.844678 0.330340 -0.059497
v -0.854437 0.330102 -0.052381
v -0.845696 0.349454 -0.060021
v -0.855117 0.349317 -0.054053
v -0.844686 0.365712 -0.060671
v -0.851034 0.371294 -0.055557
v -0.847192 0.372530 -0.023353
v -0.847100 0.371407 -0.016366
v -0.848593 0.375979 -0.044234
v -0.851322 0.374093 -0.029723
v -0.841068 0.354209 0.001961
v -0.839124 0.415132 0.002661
v -0.839775 0.429797 0.002490
v -0.838018 0.440275 0.003655
v -0.827826 0.330100 -0.069200
v -0.828213 0.349189 -0.068624
v -0.831450 0.371206 -0.064899
v -0.837875 0.375515 -0.056265
v -0.835466 0.368867 -0.023162
v -0.828472 0.356469 -0.007844
v -0.825821 0.375930 -0.058562
v -0.831149 0.376813 -0.050651
v -0.827224 0.369077 -0.026370
v -0.823086 0.380950 0.000888
v -0.828142 0.408752 -0.002637
v -0.817032 0.439106 -0.014233
v -0.823434 0.431719 -0.006800
v -0.816949 0.439255 -0.014349
v -0.824817 0.445996 -0.005036
v -0.818176 0.466935 -0.000810
v -0.806315 0.329742 -0.076793
v -0.815278 0.329837 -0.074120
v -0.803233 0.343475 -0.075410
v -0.809364 0.349404 -0.073749
v -0.809897 0.369465 -0.070565
v -0.809751 0.376939 -0.060051
v -0.809835 0.377050 -0.049201
v -0.807981 0.356167 -0.015109
v -0.808422 0.390921 -0.005138
v -0.805392 0.414822 -0.019390
v -0.810777 0.408756 -0.016153
v -0.810706 0.431738 -0.018817
v -0.816336 0.426823 -0.014388
v -0.809129 0.447966 -0.020322
v -0.814225 0.452841 -0.016049
v -0.801520 0.469219 -0.015773
v -0.812341 0.469633 -0.014235
v -0.816334 0.477518 0.000559
v -0.798020 0.473942 -0.009473
v -0.810306 0.488428 -0.010787
v -0.802225 0.011603 -0.000052
v -0.770982 0.043196 -0.019823
v -0.800570 0.056739 0.008363
v -0.776188 0.056129 -0.038273
v -0.774678 0.051198 -0.026177
v -0.775229 0.056612 0.022574
v -0.783467 0.042342 -0.004387
v -0.778702 0.070718 -0.040399
v -0.780652 0.071443 -0.026573
v -0.780130 0.074358 0.008666
v -0.782523 0.090650 -0.041934
v -0.789209 0.093769 -0.024664
v -0.789174 0.092600 -0.002844
v -0.788752 0.111767 -0.039749
v -0.794244 0.108703 -0.030481
v -0.790239 0.129142 -0.038303
v -0.797599 0.135422 -0.034606
v -0.784838 0.141306 -0.036305
v -0.790495 0.147917 -0.032767
v -0.762094 0.011918 -0.011415
v -0.757542 0.041430 -0.054586
v -0.765216 0.032475 -0.050058
v -0.770681 0.032095 -0.028880
v -0.766850 0.034469 -0.014230
v -0.758083 0.050232 -0.054664
v -0.770470 0.049405 -0.047604
v -0.773591 0.043615 -0.034951
v -0.770209 0.051844 -0.010383
v -0.758315 0.062731 -0.054688
v -0.766758 0.070183 -0.052027
v -0.768816 0.089909 -0.050736
v -0.768911 0.109296 -0.047263
v -0.769320 0.128578 -0.041869
v -0.769570 0.142997 -0.036698
v -0.769647 0.152543 -0.032754
v -0.759724 0.041537 -0.053704
v -0.752501 0.032623 -0.054082
v -0.745043 0.024564 -0.004527
v -0.759542 0.050159 -0.054164
v -0.750400 0.050228 -0.054701
v -0.758531 0.062714 -0.054627
v -0.751977 0.069875 -0.054628
v -0.750615 0.089611 -0.052329
v -0.750476 0.109049 -0.047913
v -0.750249 0.128431 -0.042222
v -0.750128 0.143518 -0.036946
v -0.750131 0.153017 -0.033074
v -0.738124 0.030566 -0.044696
v -0.736057 0.031193 -0.029667
v -0.741512 0.031376 -0.009984
v -0.735625 0.050415 -0.046288
v -0.731523 0.054097 -0.026742
v -0.734262 0.058198 -0.010830
v -0.733316 0.070224 -0.046961
v -0.727354 0.071566 -0.031724
v -0.729175 0.074933 -0.008862
v -0.730236 0.089292 -0.044394
v -0.725446 0.083310 -0.034919
v -0.731366 0.109672 -0.044877
v -0.730995 0.128933 -0.040730
v -0.730707 0.142175 -0.036521
v -0.730692 0.151617 -0.032762
v -0.699053 0.031242 -0.000450
v -0.730555 0.065714 -0.015122
v -0.705886 0.069010 0.007695
v -0.727346 0.073183 -0.019806
v -0.717864 0.075875 0.008807
v -0.697226 0.110051 -0.018152
v -0.722602 0.096481 -0.036137
v -0.719423 0.096188 -0.020997
v -0.711085 0.095811 -0.002127
v -0.719252 0.110603 -0.036426
v -0.711998 0.114024 -0.018570
v -0.717557 0.129396 -0.037100
v -0.708598 0.129290 -0.027285
v -0.719645 0.140170 -0.035628
v -0.711869 0.147363 -0.031090
v -0.679969 0.030475 -0.017334
v -0.690282 0.030624 -0.010136
v -0.680046 0.049926 -0.017740
v -0.689830 0.050383 -0.008010
v -0.674356 0.071483 -0.010687
v -0.685040 0.072038 0.002050
v -0.687449 0.093728 -0.020642
v -0.691193 0.092423 -0.005678
v -0.689968 0.110447 -0.032192
v -0.690287 0.129617 -0.032997
v -0.690826 0.148028 -0.026080
v -0.668760 0.030418 -0.022372
v -0.668883 0.050041 -0.023997
v -0.668130 0.070642 -0.020691
v -0.669577 0.090698 -0.028970
v -0.670318 0.110417 -0.031903
v -0.670680 0.129299 -0.031388
v -0.669928 0.149319 -0.021365
v -0.662050 0.155285 -0.010637
v -0.650401 0.030276 -0.024737
v -0.650547 0.050070 -0.025518
v -0.650725 0.070183 -0.025513
v -0.651072 0.090269 -0.026807
v -0.651287 0.109827 -0.027353
v -0.650863 0.129494 -0.020083
v -0.644268 0.135166 -0.009126
v -0.647630 0.150818 0.005887
v -0.644323 0.146581 0.004416
v -0.653918 0.154504 -0.000089
v -0.789363 0.167501 -0.023404
v -0.789475 0.177359 -0.016452
v -0.788947 0.183459 0.000354
v -0.794339 0.218914 -0.062370
v -0.793755 0.218868 -0.050061
v -0.798130 0.223406 -0.041573
v -0.789699 0.209998 0.003481
v -0.787653 0.227202 -0.069011
v -0.785637 0.225252 -0.050227
v -0.792496 0.234229 -0.032551
v -0.793862 0.242039 -0.003672
v -0.798603 0.258480 -0.075041
v -0.791457 0.250349 -0.074346
v -0.800874 0.260637 -0.025521
v -0.795577 0.256574 -0.008972
v -0.797216 0.270322 -0.077212
v -0.788253 0.270543 -0.074007
v -0.794050 0.290272 -0.077453
v -0.785644 0.290732 -0.073947
v -0.789131 0.309834 -0.078200
v -0.783047 0.303537 -0.074706
v -0.769780 0.167528 -0.025467
v -0.769925 0.178009 -0.017499
v -0.770544 0.183365 0.000440
v -0.770850 0.209543 0.003555
v -0.782264 0.236192 -0.060727
v -0.782270 0.235761 -0.050026
v -0.783287 0.240161 -0.038499
v -0.771336 0.233034 -0.000831
v -0.779617 0.251141 -0.063083
v -0.776761 0.252058 -0.049006
v -0.783837 0.264001 -0.025720
v -0.773542 0.252890 -0.007441
v -0.776436 0.271293 -0.063919
v -0.768308 0.272680 -0.048753
v -0.769955 0.269465 -0.032014
v -0.771228 0.289999 -0.064723
v -0.764482 0.283888 -0.055522
v -0.781464 0.316280 -0.075225
v -0.773972 0.310118 -0.071054
v -0.750136 0.167550 -0.025986
v -0.750272 0.177892 -0.017785
v -0.753465 0.182813 0.001996
v -0.756389 0.209671 0.005285
v -0.749694 0.229948 0.000598
v -0.758894 0.265525 -0.016260
v -0.750511 0.255017 -0.009101
v -0.761778 0.281301 -0.041599
v -0.753816 0.275550 -0.022761
v -0.742371 0.264215 -0.014979
v -0.752877 0.298121 -0.057158
v -0.754100 0.291089 -0.046832
v -0.747145 0.288810 -0.031722
v -0.751890 0.310230 -0.060612
v -0.729287 0.169209 -0.022816
v -0.722181 0.175580 -0.015551
v -0.734962 0.176891 -0.016936
v -0.729661 0.180407 -0.007434
v -0.737491 0.235926 0.001813
v -0.731119 0.252182 -0.003891
v -0.731013 0.275579 -0.020589
v -0.731149 0.265393 -0.014427
v -0.740376 0.301854 -0.055608
v -0.732432 0.300375 -0.045373
v -0.731223 0.290900 -0.029622
v -0.738528 0.310091 -0.058534
v -0.728052 0.310126 -0.055434
v -0.710766 0.165443 -0.022216
v -0.710931 0.174499 -0.014413
v -0.711008 0.182104 -0.004758
v -0.710730 0.260346 -0.000681
v -0.709147 0.281205 -0.018589
v -0.710028 0.267738 -0.011697
v -0.701654 0.299452 -0.057764
v -0.709309 0.296112 -0.048357
v -0.708211 0.291422 -0.029583
v -0.701716 0.302685 -0.057188
v -0.709706 0.309515 -0.053185
v -0.691056 0.160863 -0.017871
v -0.690441 0.170904 -0.009731
v -0.690030 0.178264 -0.000388
v -0.675825 0.221976 -0.001771
v -0.676146 0.238851 -0.017683
v -0.680066 0.231550 -0.008554
v -0.677741 0.252119 -0.018145
v -0.687496 0.255043 -0.005930
v -0.676820 0.283366 -0.056472
v -0.678466 0.284505 -0.046404
v -0.683987 0.279063 -0.022950
v -0.691971 0.269420 -0.009402
v -0.685860 0.293105 -0.058251
v -0.690164 0.290068 -0.046435
v -0.694976 0.286352 -0.034737
v -0.687713 0.308572 -0.058823
v -0.693102 0.312998 -0.050587
v -0.675891 0.159218 -0.016744
v -0.667470 0.164846 -0.005434
v -0.653745 0.200012 -0.016078
v -0.651271 0.184314 0.004262
v -0.653013 0.223188 -0.036212
v -0.660013 0.213601 -0.026199
v -0.668101 0.213710 -0.008018
v -0.655364 0.241770 -0.056379
v -0.650822 0.235775 -0.042833
v -0.667667 0.232119 -0.025603
v -0.675092 0.225919 -0.013869
v -0.658357 0.251366 -0.058817
v -0.657716 0.252073 -0.047630
v -0.664606 0.252825 -0.026128
v -0.668158 0.272345 -0.063277
v -0.667521 0.272129 -0.047477
v -0.666852 0.271046 -0.029015
v -0.669130 0.290379 -0.067734
v -0.669130 0.309202 -0.066154
v -0.636221 0.181578 -0.036786
v -0.642177 0.173408 -0.024674
v -0.647804 0.169861 -0.001598
v -0.637070 0.201676 -0.056024
v -0.638877 0.193741 -0.045657
v -0.647203 0.192805 -0.023952
v -0.650930 0.185022 -0.010416
v -0.640088 0.211147 -0.058089
v -0.645496 0.214734 -0.044395
v -0.651391 0.208871 -0.031078
v -0.648173 0.232903 -0.059995
v -0.649824 0.229924 -0.049365
v -0.649631 0.250397 -0.064978
v -0.649925 0.270574 -0.067940
v -0.650389 0.290109 -0.069225
v -0.650415 0.309298 -0.068104
v -0.790001 0.329374 -0.076889
v -0.783944 0.335442 -0.074250
v -0.795863 0.343451 -0.075443
v -0.790228 0.349278 -0.073744
v -0.790159 0.369336 -0.070158
v -0.790287 0.377078 -0.060036
v -0.790311 0.377154 -0.049341
v -0.795990 0.352929 -0.017666
v -0.796056 0.384786 -0.001042
v -0.799260 0.415760 -0.016756
v -0.792766 0.408688 -0.010492
v -0.798475 0.430073 -0.017060
v -0.790457 0.429961 -0.009827
v -0.798984 0.449684 -0.018136
v -0.789923 0.449418 -0.010054
v -0.801542 0.469227 -0.015797
v -0.795260 0.465620 -0.004726
v -0.781569 0.322612 -0.074885
v -0.773925 0.329303 -0.070557
v -0.771985 0.349012 -0.067845
v -0.769760 0.370585 -0.064096
v -0.763919 0.375643 -0.055585
v -0.776061 0.376492 -0.058701
v -0.770012 0.377311 -0.049938
v -0.772469 0.370971 -0.028122
v -0.785600 0.371962 0.004757
v -0.777852 0.409753 0.000353
v -0.776017 0.429836 -0.000547
v -0.778890 0.448878 0.000502
v -0.786209 0.455312 0.005813
v -0.754642 0.327305 -0.054338
v -0.747586 0.332376 -0.050226
v -0.757630 0.349025 -0.058920
v -0.747852 0.348621 -0.051945
v -0.758480 0.364481 -0.059221
v -0.749582 0.372198 -0.051264
v -0.748807 0.374688 -0.029740
v -0.751524 0.371119 -0.010275
v -0.758136 0.376944 -0.044204
v -0.759602 0.374844 -0.029669
v -0.776705 0.355855 -0.006227
v -0.742277 0.319517 -0.052471
v -0.734806 0.325816 -0.045344
v -0.735266 0.344611 -0.035972
v -0.725098 0.352278 -0.031875
v -0.742469 0.358405 -0.037712
v -0.734237 0.356295 -0.025631
v -0.731177 0.360678 -0.010150
v -0.710119 0.327890 -0.044307
v -0.710344 0.342370 -0.038106
v -0.710246 0.351767 -0.032486
v -0.709614 0.359704 -0.022652
v -0.708048 0.362806 -0.008687
v -0.679993 0.318732 -0.055621
v -0.685749 0.322411 -0.041613
v -0.688505 0.341380 -0.035698
v -0.689229 0.352589 -0.033028
v -0.689102 0.364962 -0.024836
v -0.689464 0.374934 -0.010080
v -0.683000 0.376401 -0.004756
v -0.669222 0.324167 -0.060551
v -0.668553 0.332118 -0.052040
v -0.667784 0.339676 -0.035976
v -0.669479 0.354707 -0.034123
v -0.670607 0.368485 -0.024491
v -0.677407 0.375073 -0.015907
v -0.664681 0.376466 -0.018146
v -0.670485 0.379059 -0.010132
v -0.650242 0.327412 -0.061750
v -0.650206 0.335573 -0.054508
v -0.650238 0.338999 -0.038223
v -0.650008 0.353629 -0.032836
v -0.649962 0.367101 -0.026914
v -0.649913 0.377785 -0.019148
v -0.649928 0.383163 -0.009567
v -0.801831 0.478268 -0.015900
v -0.799357 0.483184 -0.008747
v -0.635290 0.029992 -0.018796
v -0.626418 0.029622 -0.013282
v -0.636316 0.049944 -0.019176
v -0.627191 0.049738 -0.012506
v -0.636871 0.070031 -0.019165
v -0.627929 0.070117 -0.011488
v -0.636401 0.089955 -0.020109
v -0.627375 0.090304 -0.012073
v -0.637428 0.109859 -0.018896
v -0.629059 0.110869 -0.009018
v -0.631391 0.130792 -0.022422
v -0.631747 0.135129 0.013946
v -0.630955 0.133633 0.013552
v -0.620875 0.159609 -0.037912
v -0.628448 0.151809 -0.025452
v -0.632851 0.146751 -0.005506
v -0.616037 0.029282 -0.003299
v -0.618504 0.049597 -0.002662
v -0.619873 0.070436 -0.000739
v -0.616013 0.094958 0.007302
v -0.610000 0.110000 -0.012444
v -0.609812 0.135714 -0.022706
v -0.610213 0.126921 -0.011130
v -0.609813 0.156576 -0.040266
v -0.609748 0.146816 -0.032952
v -0.581650 0.080040 0.003727
v -0.589484 0.092641 0.002260
v -0.590743 0.111773 -0.006375
v -0.591208 0.135391 -0.021493
v -0.590942 0.125167 -0.014449
v -0.597488 0.157379 -0.039495
v -0.590833 0.150536 -0.032282
v -0.570160 0.077649 0.001714
v -0.570306 0.090396 -0.002649
v -0.570148 0.112204 -0.001301
v -0.581261 0.138362 -0.018057
v -0.573747 0.130717 -0.008140
v -0.580346 0.150990 -0.020727
v -0.570340 0.150075 -0.007930
v -0.559836 0.078363 0.002889
v -0.558774 0.090114 0.001195
v -0.561394 0.105514 0.003253
v -0.627687 0.173526 -0.041659
v -0.633180 0.168067 -0.032562
v -0.629188 0.197465 -0.057697
v -0.628828 0.187446 -0.052324
v -0.629895 0.210365 -0.061036
v -0.630357 0.230112 -0.062132
v -0.629775 0.251662 -0.061423
v -0.623697 0.258468 -0.048927
v -0.633401 0.256273 -0.035583
v -0.625385 0.256366 -0.003294
v -0.632616 0.270113 -0.063139
v -0.623304 0.268871 -0.049572
v -0.637899 0.260569 -0.035147
v -0.645125 0.268552 -0.032437
v -0.629718 0.266561 -0.010283
v -0.634210 0.289918 -0.063297
v -0.626231 0.289955 -0.052040
v -0.635703 0.290300 -0.033026
v -0.641468 0.290030 -0.012113
v -0.635585 0.309437 -0.061578
v -0.628152 0.309885 -0.050367
v -0.630003 0.306825 -0.028828
v -0.632741 0.314070 -0.010679
v -0.610307 0.171384 -0.047977
v -0.616695 0.195791 -0.058485
v -0.609788 0.189085 -0.055930
v -0.616897 0.209865 -0.059365
v -0.608967 0.209034 -0.047314
v -0.607575 0.214090 -0.034289
v -0.621469 0.229206 -0.057457
v -0.618392 0.228045 -0.047375
v -0.610464 0.227876 -0.027992
v -0.604006 0.236417 -0.010101
v -0.623966 0.244936 -0.056806
v -0.622842 0.247400 -0.048392
v -0.623224 0.247648 -0.029195
v -0.617915 0.247663 -0.009891
v -0.623181 0.274937 -0.043699
v -0.642481 0.263883 -0.032657
v -0.623477 0.259218 -0.015624
v -0.624097 0.290200 -0.043312
v -0.624334 0.290361 -0.039126
v -0.623356 0.311081 -0.041807
v -0.620991 0.312736 -0.032106
v -0.624949 0.323566 -0.017957
v -0.595588 0.170489 -0.043187
v -0.588165 0.170249 -0.031610
v -0.598646 0.189539 -0.043298
v -0.590239 0.188798 -0.029647
v -0.603051 0.201902 -0.039978
v -0.595371 0.207061 -0.026328
v -0.586464 0.212513 -0.009565
v -0.599960 0.223087 -0.022509
v -0.596109 0.226674 -0.009832
v -0.580180 0.169849 -0.022327
v -0.570321 0.169506 -0.008764
v -0.581336 0.188889 -0.020932
v -0.575142 0.188824 -0.009162
v -0.583480 0.200177 -0.018797
v -0.581352 0.202787 -0.009392
v -0.636690 0.324953 -0.060384
v -0.630035 0.331013 -0.055308
v -0.625743 0.324941 -0.002457
v -0.631568 0.344062 -0.041682
v -0.630592 0.354029 -0.032866
v -0.630138 0.366453 -0.025095
v -0.630065 0.375872 -0.017729
v -0.630152 0.378700 -0.009093
v -0.613222 0.332476 -0.041861
v -0.607117 0.329214 -0.029824
v -0.617822 0.336782 -0.010992
v -0.611570 0.342467 -0.039332
v -0.611058 0.352345 -0.034875
v -0.608073 0.349330 -0.004337
v -0.610603 0.367211 -0.025065
v -0.609995 0.377098 -0.018518
v -0.609885 0.380065 -0.009354
v -0.604302 0.341902 -0.036231
v -0.599743 0.339210 -0.029584
v -0.600149 0.339747 -0.016396
v -0.603989 0.339871 -0.035298
v -0.593985 0.349399 -0.028409
v -0.593223 0.349435 -0.009622
v -0.591069 0.368925 -0.023881
v -0.590528 0.378352 -0.018959
v -0.590211 0.381859 -0.009453
v -0.582228 0.359608 -0.018959
v -0.579834 0.358760 -0.009446
v -0.579295 0.369768 -0.020376
v -0.570860 0.369984 -0.010135
v -0.581076 0.377979 -0.017913
v -0.576320 0.381832 -0.009672
v -0.995498 0.080816 0.019949
v -0.995190 0.080749 0.024204
v -0.997365 0.090208 0.018360
v -0.997885 0.089483 0.030060
v -0.997440 0.095333 0.040662
v -0.995906 0.102126 0.019329
v -0.996695 0.103256 0.029871
v -0.996344 0.101792 0.040129
v -0.976424 0.022781 0.036770
v -0.976351 0.022822 0.049599
v -0.975661 0.023393 0.057999
v -0.979328 0.036048 0.020436
v -0.979794 0.030876 0.030956
v -0.981299 0.031523 0.049535
v -0.979243 0.031148 0.061763
v -0.983600 0.050451 0.015826
v -0.988076 0.050870 0.030532
v -0.988112 0.050665 0.049216
v -0.983250 0.050126 0.065299
v -0.986443 0.073190 0.013751
v -0.989069 0.073870 0.030449
v -0.987598 0.070461 0.047991
v -0.980427 0.069555 0.060408
v -0.994246 0.090124 0.008072
v -0.994434 0.083019 0.035899
v -0.993049 0.089177 0.048256
v -0.978725 0.089227 0.056056
v -0.991167 0.109342 0.012476
v -0.993979 0.113018 0.029544
v -0.988554 0.109865 0.048830
v -0.981296 0.104527 0.058911
v -0.988104 0.129955 0.011193
v -0.988823 0.129000 0.028813
v -0.981855 0.128222 0.042608
v -0.990121 0.150041 0.010128
v -0.986704 0.149540 0.028764
v -0.978258 0.148610 0.037467
v -0.959162 0.022253 0.076071
v -0.971257 0.029033 0.015167
v -0.975479 0.024503 0.025459
v -0.968636 0.031283 0.074807
v -0.959489 0.025398 0.076227
v -0.969992 0.050400 0.012097
v -0.968297 0.049726 0.071519
v -0.970230 0.067729 0.008313
v -0.968138 0.068628 0.065751
v -0.968577 0.088153 0.059666
v -0.974782 0.116496 0.055097
v -0.969665 0.110356 0.060245
v -0.969054 0.126453 0.050695
v -0.963506 0.118828 0.055906
v -0.969050 0.148620 0.041657
v -0.989874 0.169535 0.009482
v -0.982692 0.167561 0.028628
v -0.976863 0.159260 0.035537
v -0.985893 0.188966 0.009193
v -0.980201 0.188459 0.021467
v -0.979415 0.207467 0.007512
v -0.977248 0.199727 0.017837
v -0.976047 0.218238 0.000078
v -0.972511 0.172533 0.034334
v -0.967693 0.167286 0.037832
v -0.967226 0.186956 0.030424
v -0.960381 0.178987 0.035005
v -0.972843 0.213327 0.012513
v -0.967216 0.207438 0.020649
v -0.966792 0.226745 0.007656
v -0.958641 0.219784 0.016452
v -0.957673 0.240057 0.001241
v -0.995149 0.362724 0.006097
v -0.997363 0.368771 0.011185
v -0.997143 0.373266 0.018448
v -0.997244 0.378279 0.009714
v -0.996561 0.377347 0.017866
v -0.988492 0.358063 0.010964
v -0.984952 0.354556 0.029798
v -0.976394 0.359452 0.035222
v -0.995043 0.362868 0.017072
v -0.990586 0.367085 0.029110
v -0.977232 0.359000 0.035182
v -0.989621 0.382021 0.009790
v -0.989429 0.380086 0.021412
v -0.960399 0.338596 0.009924
v -0.960328 0.339693 0.028190
v -0.963579 0.336776 0.042470
v -0.967896 0.351910 0.009601
v -0.976258 0.346128 0.029215
v -0.969469 0.351282 0.040952
v -0.969459 0.370248 0.031466
v -0.968881 0.359903 0.037168
v -0.970071 0.379496 0.009491
v -0.969740 0.378355 0.021624
v -0.958033 0.022090 0.076178
v -0.952825 0.029939 0.014196
v -0.948955 0.028727 0.032474
v -0.949858 0.033620 0.046704
v -0.947223 0.029035 0.073409
v -0.952099 0.037965 0.071807
v -0.950432 0.033696 0.072547
v -0.960291 0.050897 0.020844
v -0.958784 0.050298 0.034455
v -0.956831 0.050160 0.050670
v -0.948805 0.047752 0.073636
v -0.941440 0.039891 0.073355
v -0.955129 0.074575 0.014816
v -0.953874 0.075201 0.034413
v -0.947223 0.070586 0.043934
v -0.950429 0.069472 0.072598
v -0.946390 0.091155 0.007068
v -0.949341 0.082610 0.039820
v -0.949215 0.081530 0.041593
v -0.946842 0.096347 0.054149
v -0.950711 0.089222 0.060829
v -0.945268 0.103896 0.004935
v -0.946310 0.109318 0.054805
v -0.955387 0.109264 0.059770
v -0.952939 0.126977 0.048701
v -0.959736 0.118722 0.055576
v -0.950943 0.149036 0.041879
v -0.942184 0.019699 0.050041
v -0.942515 0.020352 0.062570
v -0.944597 0.021667 0.038835
v -0.945255 0.028885 0.051264
v -0.943636 0.033547 0.067999
v -0.945365 0.041101 0.073097
v -0.942330 0.050122 0.055338
v -0.935008 0.049202 0.072733
v -0.946157 0.039881 0.072644
v -0.944155 0.081896 0.020207
v -0.945533 0.082243 0.026574
v -0.941569 0.069885 0.052506
v -0.939510 0.069367 0.064919
v -0.940328 0.090780 0.015947
v -0.941242 0.089072 0.031529
v -0.945803 0.088955 0.048310
v -0.944954 0.083035 0.058577
v -0.940324 0.110605 0.010337
v -0.936647 0.110485 0.029637
v -0.939983 0.109758 0.045232
v -0.933765 0.131896 0.010461
v -0.936220 0.130733 0.028460
v -0.942270 0.129387 0.039323
v -0.926159 0.146468 0.009822
v -0.930245 0.150775 0.026988
v -0.941211 0.149686 0.037095
v -0.921871 0.156067 0.009600
v -0.923529 0.158298 0.019348
v -0.884935 0.029805 0.011611
v -0.888590 0.029813 0.030035
v -0.884726 0.029906 0.048186
v -0.878559 0.030003 0.062782
v -0.883729 0.049666 0.011475
v -0.887366 0.049570 0.030059
v -0.884271 0.049580 0.048420
v -0.878257 0.049697 0.062610
v -0.880953 0.069723 0.011762
v -0.883266 0.069500 0.029917
v -0.881117 0.069420 0.048175
v -0.876930 0.069415 0.060619
v -0.882749 0.089710 0.011133
v -0.886385 0.089723 0.029889
v -0.878058 0.090762 0.049553
v -0.874339 0.084719 0.057690
v -0.878817 0.109686 0.010388
v -0.883269 0.109097 0.029966
v -0.881032 0.109446 0.047963
v -0.876194 0.121233 0.016225
v -0.877785 0.124082 0.030106
v -0.877636 0.123173 0.044484
v -0.872426 0.030087 0.072171
v -0.863311 0.030199 0.081176
v -0.872518 0.049803 0.071995
v -0.863330 0.049921 0.081586
v -0.871830 0.069471 0.070299
v -0.862440 0.069548 0.081251
v -0.873310 0.098009 0.055642
v -0.869685 0.090324 0.064839
v -0.860700 0.089168 0.080124
v -0.874276 0.116250 0.003713
v -0.874727 0.108972 0.055907
v -0.861817 0.107043 0.064000
v -0.857935 0.100667 0.077387
v -0.871911 0.127766 0.010481
v -0.873386 0.133608 0.030131
v -0.873468 0.129304 0.049733
v -0.864594 0.128982 0.063102
v -0.861406 0.149153 0.010073
v -0.866159 0.147518 0.030148
v -0.863175 0.149963 0.050383
v -0.860118 0.144948 0.060234
v -0.846465 0.031845 0.091216
v -0.838921 0.039708 0.094383
v -0.847862 0.049989 0.090972
v -0.838850 0.050040 0.094628
v -0.845804 0.068171 0.091086
v -0.838530 0.060788 0.094318
v -0.847927 0.089140 0.088256
v -0.851502 0.112958 0.070974
v -0.847762 0.108151 0.082375
v -0.848482 0.128084 0.069879
v -0.837857 0.127579 0.074551
v -0.855023 0.156277 0.003251
v -0.855735 0.157109 0.056561
v -0.847883 0.149067 0.068307
v -0.835664 0.138742 0.073017
v -0.830431 0.032247 0.094382
v -0.836346 0.039677 0.095172
v -0.824430 0.041858 0.094886
v -0.830067 0.048786 0.096217
v -0.835962 0.073733 0.094224
v -0.829996 0.068427 0.096493
v -0.832029 0.089151 0.093878
v -0.822884 0.089507 0.095149
v -0.826931 0.107440 0.092616
v -0.819571 0.099876 0.094182
v -0.827744 0.128966 0.084658
v -0.834362 0.152198 0.073248
v -0.826751 0.146891 0.077936
v -0.812060 0.031208 0.087120
v -0.812511 0.049445 0.092167
v -0.819049 0.054622 0.095553
v -0.808428 0.070608 0.091889
v -0.817781 0.070073 0.095946
v -0.809028 0.090276 0.092461
v -0.818777 0.089917 0.094977
v -0.807073 0.108443 0.089521
v -0.812421 0.112673 0.092038
v -0.809138 0.110490 0.090391
v -0.808624 0.128914 0.087789
v -0.799180 0.130082 0.093291
v -0.811159 0.149446 0.091644
v -0.801719 0.149669 0.098798
v -0.950361 0.169258 0.038587
v -0.949886 0.188704 0.031474
v -0.950231 0.178952 0.034989
v -0.948530 0.208663 0.024117
v -0.952101 0.232717 0.012319
v -0.944964 0.227824 0.018455
v -0.950346 0.247819 0.007944
v -0.941609 0.249366 0.025737
v -0.942487 0.268731 0.008876
v -0.937470 0.269239 0.023580
v -0.933577 0.290803 0.008728
v -0.936132 0.290889 0.023810
v -0.941725 0.313759 0.009456
v -0.942086 0.311363 0.029629
v -0.936100 0.321042 0.044327
v -0.938169 0.321014 0.056513
v -0.930667 0.169929 0.030917
v -0.940941 0.169496 0.036389
v -0.933666 0.187515 0.029199
v -0.941947 0.178479 0.034435
v -0.931429 0.210819 0.023003
v -0.930368 0.230717 0.034794
v -0.924297 0.238105 0.037713
v -0.935093 0.250060 0.035157
v -0.926767 0.250264 0.039292
v -0.933205 0.269796 0.032485
v -0.925435 0.270352 0.039520
v -0.934218 0.290821 0.033411
v -0.924720 0.291592 0.041788
v -0.934266 0.303740 0.035313
v -0.925068 0.311337 0.043790
v -0.928511 0.316876 0.058818
v -0.917059 0.170468 0.009549
v -0.921623 0.170256 0.020604
v -0.916867 0.190748 0.009168
v -0.922334 0.190460 0.018879
v -0.912092 0.211606 0.008790
v -0.915556 0.214571 0.019230
v -0.911253 0.231379 0.031516
v -0.917452 0.238589 0.037106
v -0.905931 0.246247 0.034091
v -0.910802 0.251575 0.038651
v -0.909370 0.271742 0.040061
v -0.906239 0.297185 0.043546
v -0.900106 0.303318 0.055018
v -0.913382 0.307188 0.050641
v -0.910555 0.308987 0.065355
v -0.903774 0.221477 0.009357
v -0.904488 0.222911 0.017478
v -0.899047 0.232066 0.009539
v -0.901039 0.231803 0.021341
v -0.890515 0.253613 0.009784
v -0.894091 0.255035 0.026223
v -0.900676 0.260103 0.035719
v -0.886679 0.270164 0.028493
v -0.890909 0.277769 0.035858
v -0.883782 0.296096 0.043566
v -0.888281 0.294874 0.068099
v -0.877951 0.299109 0.078704
v -0.887865 0.309834 0.071261
v -0.878674 0.303023 0.078274
v -0.856918 0.159476 0.015635
v -0.858218 0.161456 0.030176
v -0.858390 0.161002 0.045673
v -0.868123 0.265430 0.012816
v -0.864667 0.262200 0.025515
v -0.859598 0.256946 0.048277
v -0.856704 0.260909 0.059972
v -0.873055 0.271635 0.028319
v -0.869596 0.275958 0.047339
v -0.860332 0.274657 0.066314
v -0.856846 0.282061 0.083375
v -0.872813 0.289048 0.052842
v -0.870845 0.289580 0.066292
v -0.868270 0.289598 0.090362
v -0.864889 0.293313 0.103638
v -0.872951 0.315112 0.075398
v -0.867929 0.308803 0.086889
v -0.862443 0.301600 0.100801
v -0.850803 0.166581 0.010120
v -0.851827 0.171235 0.030140
v -0.852083 0.167733 0.050445
v -0.842517 0.167692 0.061815
v -0.840113 0.180700 0.011628
v -0.841760 0.183464 0.030265
v -0.840774 0.182155 0.048749
v -0.837265 0.178503 0.058410
v -0.833905 0.221286 0.034639
v -0.832980 0.221739 0.042863
v -0.841080 0.238605 0.012745
v -0.841166 0.233099 0.029797
v -0.841326 0.232145 0.048768
v -0.840653 0.236648 0.064089
v -0.852398 0.247137 0.011650
v -0.855023 0.244975 0.030027
v -0.853804 0.246779 0.048652
v -0.846379 0.252289 0.068290
v -0.839099 0.257818 0.083336
v -0.852713 0.266750 0.072917
v -0.847594 0.272155 0.089915
v -0.843497 0.276222 0.100744
v -0.854795 0.284375 0.095158
v -0.849060 0.289033 0.102991
v -0.846835 0.310774 0.090320
v -0.846803 0.302797 0.099848
v -0.831377 0.168139 0.071179
v -0.821667 0.168585 0.079763
v -0.826637 0.190551 0.013186
v -0.827017 0.192984 0.031592
v -0.827839 0.191737 0.047420
v -0.823428 0.186685 0.065224
v -0.816880 0.180617 0.076073
v -0.822087 0.213210 0.014214
v -0.829641 0.212539 0.030513
v -0.829961 0.212200 0.048528
v -0.820686 0.211496 0.066905
v -0.816658 0.219144 0.078366
v -0.831936 0.227379 0.012640
v -0.834545 0.223783 0.023550
v -0.832587 0.224862 0.054316
v -0.832557 0.231003 0.069243
v -0.821185 0.233956 0.086043
v -0.817272 0.241188 0.097450
v -0.834844 0.243947 0.076164
v -0.831612 0.251980 0.088245
v -0.822062 0.252792 0.101005
v -0.836108 0.263436 0.096343
v -0.825302 0.272702 0.103463
v -0.822334 0.276101 0.120071
v -0.834233 0.289928 0.114938
v -0.825046 0.289764 0.121245
v -0.837160 0.315475 0.095925
v -0.830060 0.308112 0.107125
v -0.821956 0.299158 0.116668
v -0.806808 0.168560 0.089825
v -0.799882 0.161506 0.096535
v -0.809771 0.194321 0.009431
v -0.813073 0.195422 0.072796
v -0.805620 0.188886 0.080486
v -0.810534 0.206563 0.008365
v -0.813697 0.203857 0.073741
v -0.805805 0.211107 0.086182
v -0.799098 0.217463 0.099526
v -0.812200 0.227868 0.092139
v -0.804838 0.234330 0.105141
v -0.792045 0.245168 0.112380
v -0.805988 0.255778 0.106114
v -0.800425 0.253925 0.125361
v -0.797545 0.260641 0.135886
v -0.811364 0.266998 0.110730
v -0.808676 0.268844 0.129513
v -0.797725 0.261832 0.135557
v -0.808679 0.288819 0.125076
v -0.809411 0.309918 0.109994
v -0.809109 0.300528 0.118387
v -0.952255 0.327364 0.009825
v -0.949267 0.329497 0.028176
v -0.951501 0.329495 0.050123
v -0.939897 0.330068 0.057747
v -0.947270 0.346890 0.049251
v -0.939106 0.338683 0.055078
v -0.949773 0.371910 0.030759
v -0.949256 0.360865 0.037745
v -0.950048 0.376850 0.009439
v -0.949875 0.376096 0.020826
v -0.929647 0.329576 0.060277
v -0.929974 0.346994 0.048184
v -0.929838 0.338334 0.055768
v -0.929907 0.373431 0.032775
v -0.929900 0.362613 0.039174
v -0.929954 0.380032 0.009665
v -0.929902 0.378628 0.023332
v -0.906726 0.334493 0.053218
v -0.911406 0.328964 0.059140
v -0.912206 0.344607 0.047836
v -0.919643 0.337313 0.054773
v -0.910338 0.373422 0.032552
v -0.910401 0.362944 0.039536
v -0.910537 0.380342 0.009782
v -0.910415 0.379018 0.023195
v -0.890534 0.331458 0.050600
v -0.888287 0.318394 0.055113
v -0.890919 0.346012 0.042562
v -0.888171 0.370531 0.009164
v -0.891855 0.370189 0.026878
v -0.890634 0.360702 0.038812
v -0.898720 0.375110 0.009567
v -0.900201 0.375244 0.019648
v -0.876754 0.481293 0.023048
v -0.880648 0.479155 0.022909
v -0.868992 0.329821 0.049098
v -0.867724 0.322313 0.068714
v -0.858948 0.315531 0.076770
v -0.861866 0.349419 0.026745
v -0.870022 0.341567 0.032906
v -0.867358 0.354883 0.008271
v -0.865917 0.352401 0.014538
v -0.877442 0.357856 0.036589
v -0.840632 0.354704 0.014263
v -0.834490 0.357235 0.009968
v -0.856857 0.417242 0.019264
v -0.856291 0.417656 0.029763
v -0.854434 0.420311 0.038862
v -0.858622 0.430153 0.017808
v -0.856564 0.430518 0.029742
v -0.853833 0.430891 0.039305
v -0.852813 0.449959 0.024535
v -0.855470 0.452026 0.030087
v -0.858572 0.451168 0.047013
v -0.857810 0.457059 0.057682
v -0.866181 0.472670 0.023271
v -0.871470 0.472012 0.029247
v -0.863481 0.468018 0.047382
v -0.858006 0.459133 0.056824
v -0.853849 0.332342 0.051788
v -0.846624 0.327653 0.065433
v -0.847138 0.317960 0.081094
v -0.854362 0.353730 0.031823
v -0.846388 0.347856 0.045492
v -0.838197 0.340807 0.057752
v -0.832175 0.362058 0.011434
v -0.839754 0.369755 0.047241
v -0.836287 0.377610 0.056871
v -0.837358 0.386209 0.017005
v -0.846180 0.389457 0.027659
v -0.845100 0.390544 0.048151
v -0.837806 0.391306 0.058986
v -0.847260 0.409057 0.011694
v -0.853771 0.407722 0.029993
v -0.851900 0.412396 0.046788
v -0.838193 0.413560 0.065485
v -0.835345 0.420854 0.075147
v -0.851562 0.429956 0.007994
v -0.850823 0.431125 0.047809
v -0.842717 0.429911 0.069131
v -0.836612 0.423453 0.076375
v -0.849053 0.449165 0.008368
v -0.853845 0.444826 0.051308
v -0.851305 0.450017 0.064313
v -0.851537 0.458951 0.030185
v -0.851335 0.465584 0.030815
v -0.851346 0.467021 0.046983
v -0.849370 0.458920 0.058212
v -0.832514 0.332878 0.072445
v -0.829166 0.325964 0.087129
v -0.824829 0.318226 0.098797
v -0.828661 0.355161 0.048290
v -0.820944 0.343855 0.057513
v -0.816272 0.333665 0.068771
v -0.835314 0.363084 0.055348
v -0.829242 0.370223 0.063372
v -0.833996 0.396347 0.006199
v -0.826140 0.391375 0.068465
v -0.820054 0.398086 0.077458
v -0.835204 0.400907 0.004955
v -0.830900 0.409020 0.070556
v -0.827565 0.412727 0.080574
v -0.835218 0.434839 0.074315
v -0.827412 0.428928 0.077078
v -0.834309 0.452656 0.008819
v -0.826336 0.445699 0.066715
v -0.822597 0.442372 0.076482
v -0.823917 0.460439 0.016103
v -0.826426 0.461173 0.030579
v -0.825112 0.462756 0.045345
v -0.826019 0.454819 0.057041
v -0.809062 0.327049 0.085914
v -0.809505 0.318795 0.099914
v -0.812304 0.353904 0.070443
v -0.807928 0.346406 0.074885
v -0.810792 0.370138 0.071750
v -0.802404 0.370157 0.073651
v -0.813008 0.384017 0.074146
v -0.808584 0.390570 0.080529
v -0.809648 0.410928 0.087132
v -0.809925 0.429838 0.092394
v -0.815231 0.456092 0.075980
v -0.809867 0.450748 0.084264
v -0.809919 0.476081 0.054398
v -0.809830 0.465097 0.070254
v -0.803533 0.457930 0.077663
v -0.879668 0.490050 0.020498
v -0.882549 0.490099 0.024212
v -0.877831 0.497480 0.022435
v -0.881299 0.501039 0.021770
v -0.871795 0.487582 0.020071
v -0.871190 0.488663 0.029902
v -0.862459 0.477815 0.038630
v -0.880596 0.497220 0.022213
v -0.878383 0.501039 0.021770
v -0.862722 0.476679 0.024201
v -0.860826 0.478404 0.030029
v -0.860698 0.476819 0.039070
v -0.817224 0.477864 0.010652
v -0.817183 0.475625 0.029385
v -0.818025 0.475229 0.040602
v -0.810113 0.491225 0.009985
v -0.809673 0.484926 0.029617
v -0.809874 0.480947 0.045128
v -0.797679 0.011708 0.011505
v -0.793894 0.015582 0.032352
v -0.792677 0.015624 0.048105
v -0.792098 0.035275 0.014823
v -0.790180 0.031992 0.028952
v -0.788684 0.029495 0.051615
v -0.790710 0.032911 0.065411
v -0.800414 0.031662 0.078540
v -0.792081 0.057065 0.013288
v -0.786217 0.049670 0.069877
v -0.792348 0.053841 0.078957
v -0.790586 0.074465 0.078499
v -0.785602 0.093064 0.076709
v -0.779957 0.096393 0.095760
v -0.793545 0.111875 0.081772
v -0.787005 0.113311 0.097327
v -0.787868 0.130199 0.104031
v -0.788623 0.149439 0.104891
v -0.759211 0.018460 -0.002530
v -0.789046 0.029204 0.039872
v -0.788842 0.029268 0.042189
v -0.762513 0.051349 0.008087
v -0.779917 0.045955 0.033832
v -0.781209 0.043279 0.045795
v -0.775287 0.051730 0.053569
v -0.764857 0.062195 0.013706
v -0.771289 0.056178 0.063888
v -0.769882 0.060285 0.077629
v -0.770649 0.071933 0.090722
v -0.765560 0.076067 0.099602
v -0.776262 0.083797 0.091881
v -0.770525 0.090106 0.102516
v -0.768650 0.110780 0.113108
v -0.761581 0.117774 0.116531
v -0.768811 0.130791 0.115132
v -0.761687 0.124208 0.116842
v -0.769652 0.148998 0.109690
v -0.754326 0.016213 -0.000355
v -0.749239 0.033814 0.007786
v -0.752435 0.053492 0.029397
v -0.750193 0.033996 0.049884
v -0.750507 0.039585 0.064117
v -0.746409 0.054132 0.013573
v -0.747010 0.062347 0.022490
v -0.750528 0.045883 0.073529
v -0.750693 0.055576 0.083674
v -0.750489 0.070434 0.092905
v -0.755827 0.075545 0.100369
v -0.745358 0.086018 0.093990
v -0.750631 0.091751 0.102517
v -0.752642 0.110919 0.110513
v -0.759892 0.117908 0.116280
v -0.752597 0.130699 0.112276
v -0.759753 0.124095 0.116537
v -0.751133 0.148996 0.107843
v -0.739955 0.072557 0.014974
v -0.727596 0.048396 0.030708
v -0.727359 0.042534 0.048909
v -0.728254 0.046854 0.056597
v -0.740442 0.065700 0.024075
v -0.734714 0.078588 0.008796
v -0.734847 0.060766 0.024720
v -0.730859 0.055824 0.064875
v -0.740193 0.061755 0.075519
v -0.731197 0.077845 0.011755
v -0.724435 0.071751 0.071521
v -0.737712 0.073222 0.078201
v -0.723033 0.085321 0.071379
v -0.734808 0.092420 0.081663
v -0.742930 0.098878 0.096551
v -0.732372 0.111737 0.084872
v -0.741047 0.111106 0.098467
v -0.728533 0.131126 0.089588
v -0.737191 0.130468 0.100617
v -0.724942 0.149622 0.094589
v -0.734477 0.149419 0.100759
v -0.707089 0.035090 0.014787
v -0.709826 0.032340 0.031275
v -0.710458 0.030684 0.048730
v -0.705866 0.033028 0.066886
v -0.698593 0.037917 0.077295
v -0.709320 0.055234 0.013585
v -0.712209 0.051982 0.070138
v -0.702057 0.051137 0.079570
v -0.712625 0.071785 0.008810
v -0.715528 0.071185 0.070952
v -0.705259 0.070565 0.080707
v -0.718298 0.084938 0.071102
v -0.708994 0.091611 0.069994
v -0.710942 0.110665 0.071593
v -0.713868 0.130350 0.075528
v -0.712982 0.149217 0.084075
v -0.694716 0.024998 0.074581
v -0.688302 0.031268 0.082223
v -0.686246 0.051843 0.090264
v -0.678926 0.058791 0.094903
v -0.688736 0.070225 0.091244
v -0.679465 0.070005 0.095128
v -0.687110 0.088684 0.091869
v -0.679350 0.081030 0.094640
v -0.689372 0.109276 0.087670
v -0.690499 0.128780 0.080592
v -0.687591 0.151957 0.071471
v -0.693806 0.146477 0.073890
v -0.668102 0.031503 0.092720
v -0.661815 0.038330 0.095234
v -0.673941 0.046044 0.094426
v -0.668782 0.051374 0.096270
v -0.669976 0.069844 0.096261
v -0.670294 0.090032 0.093514
v -0.670119 0.080510 0.095032
v -0.670504 0.108686 0.089962
v -0.668579 0.131670 0.070196
v -0.671848 0.128108 0.080995
v -0.673177 0.146195 0.068365
v -0.679863 0.139121 0.075279
v -0.651527 0.031008 0.093293
v -0.658390 0.038192 0.094946
v -0.648390 0.049900 0.093525
v -0.657502 0.050047 0.095684
v -0.650221 0.069335 0.092447
v -0.659259 0.069565 0.095023
v -0.653695 0.086836 0.090932
v -0.661141 0.079025 0.094212
v -0.648445 0.112047 0.070300
v -0.651887 0.108299 0.082765
v -0.653953 0.125988 0.067485
v -0.659769 0.120064 0.076976
v -0.649387 0.150823 0.050074
v -0.654154 0.146110 0.059716
v -0.792810 0.174811 0.091890
v -0.787701 0.168417 0.097275
v -0.792300 0.190548 0.091885
v -0.784358 0.191082 0.098426
v -0.794768 0.203527 0.094175
v -0.788968 0.211408 0.107563
v -0.781327 0.220402 0.117026
v -0.792418 0.227437 0.112919
v -0.785341 0.237341 0.114709
v -0.789589 0.245941 0.134537
v -0.789641 0.255683 0.139678
v -0.789335 0.274884 0.134796
v -0.789375 0.265430 0.137480
v -0.789619 0.288259 0.129290
v -0.789881 0.310647 0.110186
v -0.789811 0.301603 0.120035
v -0.770049 0.168752 0.100671
v -0.770781 0.190649 0.100539
v -0.771468 0.211680 0.111412
v -0.778617 0.220449 0.116704
v -0.767945 0.232454 0.112450
v -0.777697 0.235261 0.115237
v -0.769669 0.245941 0.110833
v -0.771235 0.250547 0.126613
v -0.775559 0.254930 0.139764
v -0.770644 0.271393 0.133867
v -0.776361 0.265851 0.137163
v -0.770911 0.288269 0.127893
v -0.770322 0.310795 0.110607
v -0.770496 0.301403 0.119658
v -0.747922 0.174271 0.092031
v -0.752889 0.168116 0.097442
v -0.749166 0.192339 0.011453
v -0.751997 0.188410 0.088567
v -0.761358 0.189738 0.094201
v -0.747503 0.209986 0.008735
v -0.751043 0.210490 0.088728
v -0.760684 0.211329 0.098618
v -0.743270 0.221971 0.005454
v -0.748022 0.231671 0.092019
v -0.757339 0.231719 0.103253
v -0.745063 0.243346 0.095268
v -0.756249 0.251308 0.104576
v -0.766384 0.258246 0.116709
v -0.753587 0.271389 0.106866
v -0.754515 0.272538 0.121252
v -0.751289 0.289235 0.122462
v -0.750796 0.308921 0.109189
v -0.751208 0.299361 0.116969
v -0.731204 0.168464 0.091658
v -0.737249 0.161937 0.097395
v -0.733134 0.188541 0.013075
v -0.731668 0.190168 0.068356
v -0.735868 0.185567 0.078386
v -0.736782 0.207896 0.020370
v -0.731487 0.214360 0.031853
v -0.731495 0.213649 0.048116
v -0.734568 0.207791 0.064200
v -0.741493 0.209736 0.079290
v -0.731196 0.229631 0.010451
v -0.727756 0.224660 0.030999
v -0.728420 0.225510 0.049039
v -0.729010 0.231143 0.067560
v -0.740551 0.231471 0.082500
v -0.725423 0.245121 0.005904
v -0.728255 0.248385 0.072283
v -0.734665 0.252827 0.086403
v -0.740729 0.256977 0.098787
v -0.727877 0.267978 0.090840
v -0.737673 0.276237 0.101784
v -0.744514 0.281419 0.113435
v -0.731191 0.290342 0.110581
v -0.739803 0.289881 0.118738
v -0.728039 0.310452 0.090898
v -0.733738 0.306383 0.105109
v -0.741378 0.298221 0.115404
v -0.705929 0.173618 0.074125
v -0.712145 0.168035 0.081978
v -0.710833 0.191884 0.011745
v -0.705655 0.193330 0.030229
v -0.707725 0.192302 0.048231
v -0.713366 0.186098 0.066703
v -0.719264 0.178973 0.077999
v -0.722559 0.195479 0.022485
v -0.723899 0.195661 0.031914
v -0.727779 0.194504 0.045108
v -0.728794 0.194104 0.054178
v -0.722718 0.239507 0.017649
v -0.722544 0.237305 0.030707
v -0.721829 0.236883 0.048766
v -0.723057 0.239096 0.060256
v -0.714132 0.253898 0.012717
v -0.710464 0.252919 0.029267
v -0.710603 0.253889 0.047720
v -0.721484 0.254406 0.066357
v -0.724904 0.262496 0.077344
v -0.707303 0.267429 0.052532
v -0.712611 0.275002 0.066167
v -0.721794 0.275373 0.084456
v -0.722889 0.281659 0.097046
v -0.708243 0.287574 0.073333
v -0.710694 0.290523 0.086140
v -0.711765 0.291712 0.103157
v -0.705387 0.313530 0.074098
v -0.711450 0.311830 0.087660
v -0.710533 0.304248 0.103127
v -0.685147 0.174044 0.054033
v -0.692646 0.167653 0.067126
v -0.700490 0.160968 0.076802
v -0.690617 0.184172 0.011263
v -0.691708 0.187340 0.029437
v -0.691787 0.182538 0.048326
v -0.698323 0.179854 0.061434
v -0.675782 0.222217 0.003404
v -0.679620 0.230865 0.009592
v -0.679338 0.236649 0.022299
v -0.688969 0.255014 0.010980
v -0.686367 0.255633 0.025840
v -0.692960 0.267539 0.029960
v -0.697651 0.277511 0.040357
v -0.705294 0.283040 0.058585
v -0.693920 0.296470 0.041416
v -0.692112 0.291764 0.069098
v -0.702507 0.298784 0.086064
v -0.703305 0.300467 0.096546
v -0.690855 0.309851 0.073207
v -0.702320 0.301459 0.085349
v -0.703273 0.299322 0.096478
v -0.665163 0.172405 0.033194
v -0.672020 0.169851 0.047215
v -0.672396 0.160281 0.059123
v -0.648197 0.170629 0.001167
v -0.670733 0.177303 0.026340
v -0.678501 0.177042 0.041230
v -0.666531 0.212562 0.008931
v -0.663471 0.217240 0.021504
v -0.675376 0.224038 0.014977
v -0.670067 0.230317 0.029118
v -0.662698 0.238369 0.037165
v -0.674622 0.246786 0.033573
v -0.669705 0.251835 0.038670
v -0.670775 0.271360 0.042145
v -0.673767 0.294452 0.044484
v -0.675010 0.305224 0.054397
v -0.670539 0.310133 0.068963
v -0.651711 0.162565 0.020573
v -0.654433 0.159525 0.043799
v -0.662547 0.156365 0.055949
v -0.651259 0.195758 0.009483
v -0.647189 0.185766 0.015283
v -0.653158 0.202839 0.012095
v -0.648339 0.210693 0.019960
v -0.650038 0.228129 0.034883
v -0.650351 0.238048 0.038588
v -0.650371 0.250211 0.040853
v -0.645778 0.275541 0.034379
v -0.650665 0.269825 0.038225
v -0.645010 0.282996 0.035362
v -0.654115 0.294337 0.042459
v -0.663072 0.305042 0.053027
v -0.652210 0.311220 0.046668
v -0.652749 0.311518 0.060701
v -0.790593 0.326321 0.085186
v -0.789985 0.318461 0.100152
v -0.788027 0.352432 0.070384
v -0.792163 0.346108 0.075920
v -0.790918 0.369480 0.069505
v -0.799736 0.369907 0.072918
v -0.788332 0.391431 0.071793
v -0.796425 0.391157 0.078633
v -0.784331 0.403203 0.074988
v -0.790572 0.409861 0.081500
v -0.786503 0.433988 0.071619
v -0.792275 0.429014 0.080167
v -0.784982 0.451537 0.051187
v -0.789834 0.446571 0.065987
v -0.797938 0.447846 0.080024
v -0.792173 0.465980 0.011744
v -0.791206 0.466523 0.029464
v -0.792814 0.465065 0.048221
v -0.798365 0.460979 0.067284
v -0.801599 0.456758 0.076441
v -0.764326 0.332757 0.073545
v -0.770553 0.328243 0.083888
v -0.770336 0.318876 0.100612
v -0.768056 0.352132 0.051216
v -0.776854 0.339036 0.056863
v -0.780999 0.330734 0.067127
v -0.782322 0.368134 0.009055
v -0.778503 0.370415 0.031914
v -0.769076 0.368265 0.049879
v -0.775648 0.369502 0.062206
v -0.786088 0.384282 0.009516
v -0.776141 0.390296 0.013292
v -0.768071 0.382998 0.027832
v -0.766762 0.390715 0.052572
v -0.776386 0.391165 0.062619
v -0.768548 0.410029 0.008181
v -0.764802 0.403404 0.056834
v -0.773397 0.409641 0.065617
v -0.779132 0.414894 0.079499
v -0.765540 0.429920 0.005654
v -0.769591 0.430799 0.073831
v -0.780203 0.423738 0.078110
v -0.768240 0.449179 0.007201
v -0.774670 0.451165 0.050473
v -0.770269 0.447943 0.059929
v -0.778222 0.452514 0.019845
v -0.770088 0.452336 0.030479
v -0.768337 0.459159 0.046868
v -0.760947 0.456602 0.055732
v -0.751308 0.333864 0.073899
v -0.750862 0.326382 0.087593
v -0.750817 0.318193 0.099566
v -0.744558 0.352561 0.031563
v -0.751158 0.352492 0.048910
v -0.751519 0.342623 0.064116
v -0.761921 0.358248 0.006859
v -0.761896 0.358551 0.027222
v -0.776731 0.360533 0.034025
v -0.783011 0.382920 0.013707
v -0.762728 0.389707 0.031506
v -0.763966 0.390185 0.043579
v -0.760886 0.410430 0.016483
v -0.757667 0.410560 0.030039
v -0.760951 0.409852 0.050718
v -0.765157 0.416176 0.057157
v -0.756476 0.430044 0.013423
v -0.755769 0.430520 0.030294
v -0.762019 0.431089 0.047907
v -0.764429 0.430355 0.057783
v -0.757271 0.449934 0.016354
v -0.753214 0.454229 0.033170
v -0.751381 0.452249 0.046925
v -0.760132 0.449602 0.059985
v -0.751578 0.467850 0.025650
v -0.753761 0.474645 0.030130
v -0.746469 0.465708 0.028165
v -0.752109 0.468673 0.046147
v -0.761877 0.457044 0.055165
v -0.733112 0.326384 0.067052
v -0.733276 0.316899 0.085532
v -0.739323 0.315716 0.097102
v -0.730681 0.350308 0.029797
v -0.731631 0.341538 0.044791
v -0.733077 0.332848 0.055873
v -0.730530 0.357250 0.008379
v -0.730564 0.353628 0.020800
v -0.745194 0.462402 0.039743
v -0.745349 0.461910 0.037554
v -0.741792 0.478329 0.022412
v -0.739844 0.470970 0.032086
v -0.741805 0.469971 0.039108
v -0.707285 0.332136 0.051740
v -0.712993 0.324390 0.065275
v -0.718885 0.315039 0.079440
v -0.714201 0.350907 0.032283
v -0.711056 0.343324 0.043166
v -0.721117 0.335469 0.056151
v -0.707247 0.362279 0.008275
v -0.706427 0.354653 0.025481
v -0.701156 0.356232 0.036557
v -0.689718 0.331923 0.050884
v -0.691721 0.318075 0.055820
v -0.689362 0.346317 0.043748
v -0.688804 0.373378 0.010744
v -0.689011 0.368539 0.028316
v -0.689198 0.359860 0.038939
v -0.682562 0.375069 0.005944
v -0.672864 0.334995 0.053626
v -0.668385 0.328489 0.058898
v -0.667388 0.343969 0.047684
v -0.659781 0.336862 0.054569
v -0.678098 0.374417 0.017643
v -0.671192 0.373395 0.028430
v -0.669415 0.362211 0.039571
v -0.670715 0.377533 0.010934
v -0.665803 0.378131 0.022403
v -0.650359 0.329345 0.061650
v -0.649859 0.346669 0.047281
v -0.649969 0.338612 0.056261
v -0.649929 0.373567 0.033280
v -0.649932 0.362794 0.039394
v -0.649898 0.382907 0.009644
v -0.649941 0.380108 0.024384
v -0.798707 0.484105 0.010205
v -0.799995 0.478995 0.028798
v -0.800140 0.477583 0.043268
v -0.741417 0.481134 0.021692
v -0.745174 0.484607 0.030000
v -0.743372 0.477751 0.037643
v -0.741063 0.481112 0.021824
v -0.734119 0.487746 0.030361
v -0.741714 0.479291 0.038479
v -0.631941 0.030154 0.086564
v -0.632167 0.049734 0.086377
v -0.624524 0.076258 0.074197
v -0.631031 0.069783 0.082550
v -0.627364 0.088264 0.071679
v -0.636064 0.088767 0.081398
v -0.634542 0.106799 0.066614
v -0.639803 0.101422 0.078744
v -0.628691 0.130238 0.048759
v -0.633307 0.126337 0.060139
v -0.635199 0.143328 0.039863
v -0.641546 0.138369 0.056744
v -0.607936 0.028958 0.010590
v -0.609385 0.030188 0.063785
v -0.619102 0.029978 0.076540
v -0.610138 0.049495 0.012889
v -0.610223 0.047795 0.061612
v -0.620033 0.049211 0.075738
v -0.611695 0.071624 0.017180
v -0.608683 0.070181 0.043099
v -0.614653 0.067237 0.062257
v -0.621737 0.062805 0.075202
v -0.609700 0.093701 0.022360
v -0.608454 0.091356 0.041320
v -0.615266 0.090081 0.053077
v -0.609731 0.099141 0.026681
v -0.615295 0.103975 0.051241
v -0.611478 0.128264 0.053694
v -0.622362 0.117092 0.053877
v -0.610705 0.146979 0.035528
v -0.600961 0.031410 0.038433
v -0.587930 0.028618 0.072723
v -0.590000 0.050000 0.008217
v -0.587800 0.051516 0.074044
v -0.578333 0.059811 0.073169
v -0.587347 0.081385 0.044610
v -0.598326 0.078173 0.058915
v -0.588550 0.068008 0.068239
v -0.577628 0.057645 0.072316
v -0.595466 0.088317 0.010312
v -0.593762 0.090382 0.044354
v -0.587976 0.090121 0.051044
v -0.592931 0.111891 0.053821
v -0.587741 0.107494 0.058859
v -0.588094 0.125743 0.048922
v -0.579661 0.117473 0.054447
v -0.590429 0.148718 0.041843
v -0.570423 0.030319 0.012506
v -0.572929 0.029095 0.073866
v -0.571724 0.051703 0.018190
v -0.574415 0.051875 0.068434
v -0.580373 0.060041 0.073526
v -0.570614 0.068558 0.009378
v -0.572490 0.067176 0.072629
v -0.580130 0.058399 0.073371
v -0.570558 0.088331 0.063422
v -0.564768 0.118958 0.004231
v -0.568437 0.114350 0.054338
v -0.572534 0.108643 0.059229
v -0.565679 0.129594 0.003727
v -0.565524 0.135818 0.034006
v -0.572791 0.126816 0.046701
v -0.580609 0.117256 0.054662
v -0.564068 0.150929 0.008708
v -0.567734 0.150243 0.028284
v -0.578047 0.148096 0.038329
v -0.557642 0.031214 0.018838
v -0.551941 0.031444 0.030865
v -0.551789 0.031560 0.049263
v -0.556280 0.030686 0.065659
v -0.552514 0.050288 0.014281
v -0.545296 0.050535 0.030668
v -0.546830 0.050436 0.048912
v -0.552139 0.050005 0.068155
v -0.552607 0.071293 0.013721
v -0.547275 0.070878 0.030699
v -0.548590 0.069725 0.048194
v -0.555133 0.069636 0.064820
v -0.548178 0.089956 0.010224
v -0.546185 0.084480 0.035836
v -0.550166 0.089940 0.045390
v -0.560148 0.088442 0.058685
v -0.554329 0.108735 0.012039
v -0.548678 0.108440 0.029817
v -0.552545 0.107418 0.047591
v -0.560029 0.101698 0.058387
v -0.561696 0.128740 0.011865
v -0.559937 0.128751 0.029089
v -0.560428 0.122252 0.041455
v -0.563060 0.144796 0.013945
v -0.563674 0.144123 0.022705
v -0.545939 0.078544 0.021540
v -0.545739 0.078207 0.024276
v -0.542835 0.089914 0.020202
v -0.541750 0.090552 0.030083
v -0.544632 0.097300 0.038541
v -0.545147 0.098730 0.021439
v -0.544141 0.099105 0.029943
v -0.545027 0.098598 0.038294
v -0.631931 0.170434 0.027892
v -0.628205 0.163872 0.029070
v -0.627252 0.186620 0.030066
v -0.619204 0.178373 0.034376
v -0.630281 0.209449 0.024035
v -0.625849 0.236036 0.014110
v -0.633366 0.232657 0.024179
v -0.642822 0.240902 0.034868
v -0.625915 0.249543 0.009586
v -0.635906 0.249135 0.027153
v -0.642534 0.249956 0.036129
v -0.633824 0.268480 0.008509
v -0.641136 0.268554 0.028561
v -0.643730 0.261778 0.035366
v -0.645086 0.290978 0.008231
v -0.639430 0.290085 0.030170
v -0.645217 0.299314 0.037141
v -0.633745 0.315884 0.010280
v -0.633543 0.313228 0.029017
v -0.643816 0.323183 0.038966
v -0.637216 0.318929 0.058545
v -0.610054 0.169172 0.038146
v -0.610332 0.188696 0.032031
v -0.609961 0.179157 0.035427
v -0.611024 0.208411 0.023813
v -0.612419 0.231916 0.008535
v -0.612867 0.222089 0.016175
v -0.619199 0.241837 0.003316
v -0.624529 0.323687 0.017910
v -0.629993 0.329346 0.029567
v -0.635450 0.334603 0.035095
v -0.587555 0.173577 0.034180
v -0.592137 0.168098 0.038002
v -0.592828 0.186615 0.029788
v -0.599628 0.178815 0.034991
v -0.588544 0.211454 0.008852
v -0.594159 0.205813 0.019243
v -0.598432 0.222593 0.008489
v -0.602558 0.217157 0.015980
v -0.567359 0.168898 0.009601
v -0.575431 0.168049 0.028736
v -0.581540 0.160338 0.036061
v -0.574642 0.188515 0.009356
v -0.580192 0.187923 0.020810
v -0.581607 0.201258 0.008998
v -0.583491 0.197657 0.017225
v -0.626001 0.325071 0.004004
v -0.625031 0.330355 0.054850
v -0.635195 0.329928 0.059007
v -0.630828 0.347088 0.050588
v -0.637515 0.339268 0.056433
v -0.630233 0.371950 0.031241
v -0.630590 0.360732 0.037220
v -0.630274 0.377105 0.009252
v -0.630265 0.375702 0.021467
v -0.617018 0.336572 0.011752
v -0.616580 0.336335 0.029969
v -0.612612 0.331727 0.045023
v -0.608810 0.350530 0.005509
v -0.611390 0.349263 0.044343
v -0.610312 0.371531 0.031430
v -0.610974 0.361269 0.037967
v -0.609825 0.378824 0.009437
v -0.610055 0.378497 0.022159
v -0.607621 0.348373 0.019736
v -0.601253 0.340923 0.029722
v -0.601999 0.340589 0.038750
v -0.598145 0.354836 0.011069
v -0.590532 0.351316 0.029341
v -0.599312 0.350318 0.039207
v -0.591290 0.368610 0.031882
v -0.599916 0.360499 0.036709
v -0.590300 0.380926 0.009518
v -0.590477 0.380121 0.022503
v -0.581332 0.360211 0.009401
v -0.580557 0.359206 0.021726
v -0.570645 0.370015 0.009950
v -0.575277 0.370048 0.025272
v -0.575637 0.382102 0.009768
v -0.578639 0.380071 0.021174
v -0.957057 -0.400629 0.002731
v -0.955779 -0.394017 0.002903
v -0.956735 -0.365968 -0.000381
v -0.955553 -0.354827 0.000274
v -0.955574 -0.325403 0.002145
v -0.956654 -0.317016 0.001434
v -0.933235 -0.399859 -0.017795
v -0.945587 -0.404186 -0.005922
v -0.936300 -0.388228 -0.019790
v -0.949130 -0.387439 -0.004499
v -0.942942 -0.369722 -0.024961
v -0.955349 -0.371556 -0.008344
v -0.942011 -0.350360 -0.025366
v -0.951377 -0.349274 -0.006521
v -0.938736 -0.330798 -0.022151
v -0.944247 -0.332087 -0.001729
v -0.917300 -0.436609 -0.056821
v -0.920438 -0.438771 -0.049057
v -0.922625 -0.440292 -0.030156
v -0.919702 -0.437500 -0.019740
v -0.918895 -0.429074 -0.059053
v -0.925133 -0.429084 -0.048859
v -0.931740 -0.429735 -0.029971
v -0.919968 -0.422013 -0.013923
v -0.918426 -0.409492 -0.059843
v -0.924655 -0.409607 -0.047643
v -0.929547 -0.407834 -0.027049
v -0.925409 -0.406549 -0.007167
v -0.917837 -0.389754 -0.060613
v -0.922926 -0.389772 -0.046705
v -0.929999 -0.389147 -0.030941
v -0.917909 -0.369914 -0.061418
v -0.923039 -0.369798 -0.045757
v -0.930205 -0.369450 -0.032195
v -0.916653 -0.350230 -0.060785
v -0.923534 -0.350358 -0.045837
v -0.933063 -0.350398 -0.034183
v -0.916098 -0.330923 -0.059669
v -0.921843 -0.331076 -0.046285
v -0.932559 -0.330892 -0.032217
v -0.909690 -0.438615 -0.059195
v -0.909764 -0.440448 -0.049366
v -0.909714 -0.441164 -0.030270
v -0.909570 -0.439379 -0.015953
v -0.909831 -0.429674 -0.065881
v -0.909232 -0.430448 -0.008756
v -0.899859 -0.398743 -0.075158
v -0.907925 -0.408163 -0.072174
v -0.901552 -0.389095 -0.077878
v -0.910477 -0.389489 -0.071116
v -0.904033 -0.369317 -0.081967
v -0.910539 -0.369532 -0.069974
v -0.905684 -0.350017 -0.085527
v -0.911009 -0.350203 -0.069952
v -0.903695 -0.330928 -0.081996
v -0.911466 -0.331008 -0.069936
v -0.899571 -0.437761 -0.058515
v -0.892891 -0.438393 -0.047170
v -0.889902 -0.439446 -0.029709
v -0.895002 -0.439312 -0.015733
v -0.895523 -0.429169 -0.063228
v -0.888858 -0.427728 -0.050984
v -0.884391 -0.435186 -0.023613
v -0.889347 -0.434470 -0.009593
v -0.900612 -0.398364 -0.075151
v -0.891351 -0.407842 -0.068347
v -0.887478 -0.413770 -0.052951
v -0.896090 -0.388536 -0.077690
v -0.887700 -0.388374 -0.072757
v -0.889394 -0.370570 -0.083100
v -0.884640 -0.377211 -0.075585
v -0.890166 -0.349986 -0.091023
v -0.890425 -0.331171 -0.083792
v -0.882399 -0.437504 -0.040215
v -0.882136 -0.437664 -0.035479
v -0.880565 -0.428772 -0.043100
v -0.878424 -0.430346 -0.029416
v -0.883052 -0.422589 -0.012138
v -0.883907 -0.401228 -0.058677
v -0.885709 -0.407544 -0.046784
v -0.873372 -0.409573 -0.029869
v -0.879302 -0.408727 -0.011082
v -0.881701 -0.388826 -0.063770
v -0.881820 -0.389045 -0.048006
v -0.873714 -0.389575 -0.029577
v -0.875885 -0.388603 -0.010585
v -0.881344 -0.364924 -0.080352
v -0.881276 -0.370324 -0.069511
v -0.875122 -0.369648 -0.049384
v -0.876271 -0.368995 -0.028583
v -0.867637 -0.369293 -0.009920
v -0.878915 -0.349936 -0.082956
v -0.878081 -0.349784 -0.068765
v -0.874964 -0.349753 -0.049196
v -0.869675 -0.347745 -0.026672
v -0.866110 -0.347581 -0.010161
v -0.880977 -0.331031 -0.079933
v -0.877215 -0.330619 -0.069045
v -0.874854 -0.330491 -0.048960
v -0.871114 -0.330284 -0.028220
v -0.865937 -0.337363 -0.004412
v -0.865677 -0.339700 -0.018729
v -0.865495 -0.339756 -0.016932
v -0.864656 -0.329900 -0.019454
v -0.864632 -0.330358 -0.010534
v -0.933412 -0.311478 -0.015987
v -0.947823 -0.310832 -0.005227
v -0.935747 -0.298376 -0.016594
v -0.941711 -0.291531 -0.008789
v -0.939602 -0.271215 -0.004923
v -0.936740 -0.256261 -0.001622
v -0.935608 -0.164843 -0.001494
v -0.916414 -0.319099 -0.058625
v -0.920066 -0.311909 -0.047509
v -0.928367 -0.311395 -0.028060
v -0.903474 -0.303504 -0.026980
v -0.925051 -0.290404 -0.025342
v -0.935071 -0.284973 -0.015864
v -0.917003 -0.262943 -0.035064
v -0.923150 -0.270208 -0.028466
v -0.933515 -0.271008 -0.013917
v -0.916697 -0.259236 -0.035029
v -0.921077 -0.252066 -0.028292
v -0.931884 -0.250038 -0.007837
v -0.920196 -0.230438 -0.025206
v -0.927666 -0.230844 -0.008210
v -0.918635 -0.209725 -0.024706
v -0.924095 -0.210012 -0.008279
v -0.916158 -0.181189 -0.036265
v -0.921192 -0.188534 -0.028963
v -0.929717 -0.189373 -0.009121
v -0.916867 -0.169602 -0.037138
v -0.924404 -0.169632 -0.027677
v -0.934046 -0.170860 -0.008229
v -0.901002 -0.319457 -0.078176
v -0.909132 -0.310653 -0.068175
v -0.913602 -0.306024 -0.054334
v -0.901264 -0.303864 -0.057522
v -0.900274 -0.303818 -0.027190
v -0.912688 -0.282302 -0.033989
v -0.909806 -0.270023 -0.039373
v -0.914930 -0.276698 -0.036557
v -0.910060 -0.251440 -0.038653
v -0.914911 -0.246218 -0.034639
v -0.906224 -0.229907 -0.038933
v -0.913956 -0.230220 -0.033982
v -0.906222 -0.209500 -0.040182
v -0.914017 -0.209635 -0.033853
v -0.909178 -0.188424 -0.041223
v -0.914940 -0.194490 -0.034821
v -0.908018 -0.169545 -0.045527
v -0.890498 -0.319621 -0.078137
v -0.888818 -0.306620 -0.068278
v -0.884344 -0.304596 -0.056285
v -0.894441 -0.303880 -0.058156
v -0.898399 -0.306257 -0.037928
v -0.898170 -0.292616 -0.024170
v -0.898700 -0.270486 -0.037806
v -0.890270 -0.270064 -0.030275
v -0.895484 -0.249548 -0.038138
v -0.887281 -0.248996 -0.032639
v -0.890617 -0.227705 -0.036725
v -0.885426 -0.233133 -0.033801
v -0.890067 -0.208496 -0.040186
v -0.889457 -0.188868 -0.047885
v -0.889213 -0.169289 -0.052632
v -0.882957 -0.321708 -0.076817
v -0.879004 -0.315492 -0.069079
v -0.876731 -0.308634 -0.050854
v -0.872973 -0.312362 -0.025448
v -0.864823 -0.304978 -0.015163
v -0.887228 -0.305778 -0.042154
v -0.885216 -0.296553 -0.022152
v -0.869598 -0.291435 -0.008263
v -0.882858 -0.269959 -0.019306
v -0.878278 -0.270379 -0.007322
v -0.877712 -0.248897 -0.024073
v -0.871035 -0.248725 -0.008735
v -0.881653 -0.218932 -0.034570
v -0.872932 -0.227620 -0.028456
v -0.865352 -0.235687 -0.008792
v -0.873461 -0.207034 -0.036874
v -0.868621 -0.213290 -0.032461
v -0.870717 -0.188574 -0.047127
v -0.870823 -0.169075 -0.051254
v -0.864323 -0.317478 -0.019375
v -0.862562 -0.310541 -0.009633
v -0.863313 -0.297414 -0.002986
v -0.859772 -0.220373 -0.020584
v -0.857475 -0.223992 -0.008775
v -0.855864 -0.201747 -0.039451
v -0.850345 -0.208704 -0.029685
v -0.846298 -0.214158 -0.009318
v -0.850222 -0.189849 -0.042426
v -0.844532 -0.195859 -0.035477
v -0.851531 -0.169358 -0.047522
v -0.840030 -0.202037 -0.024080
v -0.837605 -0.205152 -0.009533
v -0.841453 -0.183627 -0.037817
v -0.836658 -0.189333 -0.029259
v -0.828512 -0.186680 -0.009572
v -0.838696 -0.169164 -0.039913
v -0.828690 -0.169720 -0.027201
v -0.825391 -0.176174 -0.015544
v -0.824086 -0.179452 -0.003693
v -0.823227 -0.163724 -0.020503
v -0.820805 -0.169616 -0.009520
v -0.934881 -0.150271 -0.000612
v -0.934165 -0.140954 0.000917
v -0.917124 -0.150106 -0.037665
v -0.924446 -0.150204 -0.027653
v -0.932534 -0.150291 -0.009593
v -0.916529 -0.135165 -0.037158
v -0.921145 -0.129572 -0.029346
v -0.931514 -0.132920 -0.006537
v -0.919683 -0.111445 -0.024508
v -0.926119 -0.111282 -0.008676
v -0.917227 -0.098855 -0.020062
v -0.919175 -0.092035 -0.007908
v -0.916215 -0.079962 -0.000916
v -0.907980 -0.150036 -0.047077
v -0.909727 -0.129475 -0.043976
v -0.915452 -0.122655 -0.035875
v -0.905500 -0.111256 -0.042357
v -0.913833 -0.111596 -0.033871
v -0.901301 -0.100630 -0.038019
v -0.908436 -0.092235 -0.027172
v -0.914024 -0.085641 -0.013686
v -0.901603 -0.079892 -0.018478
v -0.908394 -0.072365 -0.008040
v -0.901627 -0.051424 -0.001932
v -0.896511 -0.040728 0.001916
v -0.880949 -0.144937 -0.054571
v -0.887848 -0.151009 -0.055027
v -0.880987 -0.140410 -0.054374
v -0.888102 -0.132679 -0.054129
v -0.889827 -0.111353 -0.046855
v -0.890093 -0.100766 -0.038095
v -0.889966 -0.092137 -0.027302
v -0.886684 -0.074343 -0.013119
v -0.889987 -0.066872 -0.011160
v -0.879405 -0.050605 -0.015264
v -0.888703 -0.051064 -0.011093
v -0.878142 -0.038424 -0.015057
v -0.886023 -0.032501 -0.007134
v -0.881024 -0.010858 -0.004021
v -0.880355 -0.144977 -0.054453
v -0.872805 -0.151061 -0.052916
v -0.880510 -0.140502 -0.054289
v -0.872822 -0.133142 -0.051541
v -0.871943 -0.111891 -0.041640
v -0.866640 -0.106455 -0.033077
v -0.879466 -0.102829 -0.036301
v -0.875194 -0.099511 -0.017990
v -0.866659 -0.085875 -0.010599
v -0.879487 -0.071871 -0.013282
v -0.869775 -0.070741 -0.009966
v -0.872132 -0.048521 -0.015353
v -0.867938 -0.053728 -0.010374
v -0.869527 -0.030744 -0.017067
v -0.874744 -0.025427 -0.014365
v -0.864079 -0.009993 -0.017669
v -0.872735 -0.010649 -0.012731
v -0.851692 -0.150135 -0.048215
v -0.851382 -0.131082 -0.045707
v -0.851391 -0.117610 -0.039823
v -0.851641 -0.108393 -0.031582
v -0.852960 -0.100651 -0.018982
v -0.853171 -0.089199 -0.007974
v -0.852194 -0.069879 -0.005161
v -0.855561 -0.040211 -0.013889
v -0.850955 -0.046637 -0.008692
v -0.849518 -0.030276 -0.016262
v -0.843213 -0.037244 -0.013883
v -0.849846 -0.009460 -0.021634
v -0.836457 -0.149996 -0.041262
v -0.827341 -0.149877 -0.031937
v -0.837676 -0.130929 -0.040027
v -0.827936 -0.130764 -0.031041
v -0.840722 -0.120509 -0.037343
v -0.833046 -0.113370 -0.026473
v -0.827581 -0.108243 -0.008633
v -0.840659 -0.101447 -0.018619
v -0.837294 -0.093012 -0.004917
v -0.830141 -0.069567 -0.003861
v -0.831045 -0.049427 -0.009909
v -0.837670 -0.024318 -0.015870
v -0.831774 -0.030136 -0.012775
v -0.831260 -0.008376 -0.018390
v -0.825688 -0.014145 -0.014210
v -0.821722 -0.149851 -0.022601
v -0.816254 -0.149901 -0.009323
v -0.822569 -0.130937 -0.021077
v -0.819585 -0.130940 -0.009366
v -0.824378 -0.121392 -0.018400
v -0.823446 -0.118460 -0.009154
v -0.823725 -0.061838 0.002569
v -0.821449 -0.048882 0.000133
v -0.817641 -0.028872 -0.003580
v -0.822196 -0.001146 -0.015859
v -0.812869 -0.007707 -0.007463
v -0.804260 -0.000026 0.002056
v -0.761890 -0.001891 -0.043666
v -0.762395 -0.002611 -0.030085
v -0.761205 -0.001271 -0.015214
v -0.749706 -0.006614 -0.047567
v -0.749972 -0.008008 -0.029987
v -0.749706 -0.004609 -0.013186
v -0.741526 0.000557 -0.040891
v -0.741629 0.000608 -0.030224
v -0.743275 0.002545 -0.020429
v -0.676743 -0.018844 0.001023
v -0.680934 -0.008231 -0.003128
v -0.659867 -0.043084 -0.001282
v -0.658448 -0.019487 -0.015453
v -0.666546 -0.026586 -0.007313
v -0.662395 -0.008665 -0.016881
v -0.671930 -0.008548 -0.012442
v -0.640260 -0.082875 -0.000178
v -0.644299 -0.068889 -0.003601
v -0.640277 -0.040387 -0.015153
v -0.648861 -0.049265 -0.009202
v -0.647711 -0.027514 -0.016541
v -0.652411 -0.032671 -0.013571
v -0.649789 -0.009462 -0.019988
v -0.556586 -0.420723 -0.039956
v -0.554812 -0.419984 -0.034241
v -0.557387 -0.409558 -0.041203
v -0.556256 -0.410637 -0.028839
v -0.556968 -0.405100 -0.015559
v -0.552149 -0.389546 -0.039603
v -0.558920 -0.389481 -0.029385
v -0.557974 -0.389925 -0.009695
v -0.554301 -0.369343 -0.042318
v -0.557734 -0.368849 -0.028113
v -0.567018 -0.369381 -0.010003
v -0.556006 -0.349432 -0.045025
v -0.564582 -0.349498 -0.028717
v -0.567656 -0.349305 -0.009738
v -0.554956 -0.330475 -0.045100
v -0.566611 -0.330029 -0.028733
v -0.568417 -0.329774 -0.009518
v -0.542409 -0.439835 -0.044105
v -0.543175 -0.440154 -0.030054
v -0.541598 -0.439751 -0.015940
v -0.537917 -0.422179 -0.057287
v -0.548064 -0.429092 -0.048852
v -0.551470 -0.426580 -0.029006
v -0.548534 -0.430922 -0.009039
v -0.540097 -0.408356 -0.061018
v -0.548792 -0.408846 -0.048911
v -0.553503 -0.416885 -0.022576
v -0.555069 -0.410210 -0.010279
v -0.537995 -0.381532 -0.076806
v -0.542141 -0.388521 -0.067552
v -0.549536 -0.389034 -0.048726
v -0.553854 -0.396790 -0.003779
v -0.540764 -0.369021 -0.080544
v -0.546640 -0.368932 -0.066943
v -0.554422 -0.369470 -0.052857
v -0.544752 -0.349995 -0.084979
v -0.548645 -0.349773 -0.066932
v -0.553167 -0.349671 -0.055256
v -0.542173 -0.330982 -0.080719
v -0.551078 -0.330556 -0.068407
v -0.553477 -0.330733 -0.055804
v -0.524025 -0.438335 -0.059479
v -0.530015 -0.440798 -0.049890
v -0.529798 -0.442439 -0.030167
v -0.529953 -0.441122 -0.014602
v -0.530359 -0.429982 -0.064802
v -0.535347 -0.434707 -0.055310
v -0.529861 -0.432872 -0.006521
v -0.521861 -0.399408 -0.075301
v -0.528395 -0.407693 -0.072437
v -0.528472 -0.388799 -0.078430
v -0.533082 -0.394959 -0.074383
v -0.529918 -0.369376 -0.085674
v -0.530027 -0.350034 -0.090835
v -0.530144 -0.331077 -0.083276
v -0.517522 -0.438830 -0.059894
v -0.511056 -0.440727 -0.048639
v -0.509457 -0.441583 -0.029616
v -0.515656 -0.438685 -0.018347
v -0.513536 -0.429579 -0.064899
v -0.505760 -0.429010 -0.053658
v -0.504254 -0.435356 -0.023945
v -0.512265 -0.424804 -0.013338
v -0.521788 -0.399495 -0.075277
v -0.515051 -0.408073 -0.068235
v -0.506138 -0.409698 -0.053526
v -0.509611 -0.408699 -0.003331
v -0.520338 -0.389192 -0.077877
v -0.513606 -0.389574 -0.067217
v -0.506528 -0.389796 -0.053510
v -0.518531 -0.369527 -0.081541
v -0.514142 -0.369762 -0.066566
v -0.506697 -0.369955 -0.054381
v -0.517924 -0.350161 -0.083190
v -0.514703 -0.350449 -0.066799
v -0.508377 -0.350469 -0.053064
v -0.520061 -0.331053 -0.080058
v -0.515022 -0.330926 -0.067876
v -0.509766 -0.331274 -0.050584
v -0.502480 -0.437961 -0.041572
v -0.502050 -0.438299 -0.035615
v -0.500700 -0.429342 -0.044563
v -0.498505 -0.430520 -0.029347
v -0.505531 -0.421236 -0.017161
v -0.503059 -0.409645 -0.044348
v -0.499945 -0.408449 -0.028510
v -0.495701 -0.407154 -0.007337
v -0.504057 -0.389514 -0.043106
v -0.496949 -0.386471 -0.023427
v -0.488099 -0.391895 -0.013289
v -0.502629 -0.369785 -0.043302
v -0.491250 -0.369694 -0.028116
v -0.500902 -0.350410 -0.043180
v -0.489793 -0.350282 -0.026039
v -0.486031 -0.343788 -0.015618
v -0.502364 -0.330954 -0.041083
v -0.495612 -0.331205 -0.026169
v -0.490889 -0.331520 -0.011613
v -0.615407 -0.197068 -0.000059
v -0.617103 -0.181114 -0.020116
v -0.619098 -0.187733 -0.007184
v -0.620028 -0.168746 -0.023967
v -0.627404 -0.168604 -0.008618
v -0.597486 -0.217781 -0.004457
v -0.601891 -0.203753 -0.024513
v -0.606495 -0.207177 -0.008498
v -0.600503 -0.184805 -0.038639
v -0.607490 -0.189490 -0.028610
v -0.613975 -0.193855 -0.012173
v -0.604460 -0.169059 -0.041141
v -0.613340 -0.168733 -0.033037
v -0.577308 -0.239440 -0.005334
v -0.582528 -0.223017 -0.021490
v -0.586039 -0.226495 -0.010403
v -0.585099 -0.202408 -0.039075
v -0.590922 -0.209833 -0.030137
v -0.595478 -0.215846 -0.016021
v -0.590495 -0.190529 -0.042835
v -0.596484 -0.196864 -0.035710
v -0.588699 -0.169275 -0.049028
v -0.552803 -0.316664 -0.042113
v -0.563547 -0.309476 -0.029980
v -0.570192 -0.310226 -0.009130
v -0.558075 -0.291710 -0.021128
v -0.570874 -0.290305 -0.009315
v -0.556751 -0.269521 -0.018698
v -0.561259 -0.269456 -0.006992
v -0.563527 -0.248478 -0.024489
v -0.571395 -0.247416 -0.009983
v -0.561642 -0.223910 -0.036240
v -0.569114 -0.230654 -0.029157
v -0.575614 -0.236527 -0.016628
v -0.568684 -0.208350 -0.038227
v -0.574303 -0.214764 -0.033820
v -0.569665 -0.188773 -0.047256
v -0.569907 -0.169279 -0.051445
v -0.539398 -0.320504 -0.076888
v -0.546820 -0.310522 -0.069595
v -0.554128 -0.310178 -0.049965
v -0.550745 -0.306121 -0.033615
v -0.540298 -0.302785 -0.058853
v -0.531744 -0.305301 -0.030485
v -0.544713 -0.294690 -0.026589
v -0.540279 -0.270592 -0.036529
v -0.548789 -0.269894 -0.029316
v -0.545064 -0.249405 -0.037352
v -0.553513 -0.248666 -0.033079
v -0.550666 -0.230597 -0.038243
v -0.556185 -0.237236 -0.034711
v -0.550338 -0.209111 -0.040799
v -0.550926 -0.189125 -0.045401
v -0.551235 -0.169600 -0.049515
v -0.530174 -0.319753 -0.077640
v -0.530055 -0.308114 -0.072127
v -0.530159 -0.302421 -0.059366
v -0.530001 -0.304576 -0.030083
v -0.530044 -0.270618 -0.040092
v -0.529426 -0.249569 -0.039305
v -0.524677 -0.243129 -0.034904
v -0.533544 -0.230056 -0.038669
v -0.525536 -0.230507 -0.034402
v -0.535394 -0.209844 -0.039248
v -0.526891 -0.210161 -0.033160
v -0.535985 -0.189652 -0.040335
v -0.527546 -0.189853 -0.032533
v -0.535767 -0.169866 -0.041583
v -0.527123 -0.170066 -0.032745
v -0.522290 -0.321206 -0.076635
v -0.517980 -0.312343 -0.067544
v -0.510753 -0.312292 -0.046111
v -0.511140 -0.307882 -0.031105
v -0.521951 -0.303013 -0.057868
v -0.531320 -0.304662 -0.030186
v -0.511618 -0.292733 -0.028952
v -0.520236 -0.271094 -0.037889
v -0.511660 -0.272138 -0.025662
v -0.506594 -0.266264 -0.013853
v -0.522363 -0.256446 -0.035727
v -0.518398 -0.250368 -0.028723
v -0.508339 -0.251354 -0.008094
v -0.519618 -0.230653 -0.025809
v -0.513537 -0.230996 -0.008676
v -0.520972 -0.210198 -0.024106
v -0.517280 -0.210310 -0.008882
v -0.520666 -0.189789 -0.023606
v -0.514879 -0.189657 -0.009108
v -0.520063 -0.170072 -0.023724
v -0.511867 -0.169910 -0.009076
v -0.503395 -0.318555 -0.039146
v -0.502653 -0.312909 -0.025242
v -0.488140 -0.311178 -0.011528
v -0.502167 -0.291954 -0.020477
v -0.490579 -0.292268 -0.006967
v -0.504174 -0.279746 -0.017878
v -0.500562 -0.272596 -0.007780
v -0.503804 -0.258465 -0.001506
v -0.615891 -0.140424 -0.035722
v -0.621143 -0.147860 -0.029098
v -0.632069 -0.149768 -0.008763
v -0.615947 -0.140540 -0.035673
v -0.621062 -0.132745 -0.028387
v -0.630090 -0.130589 -0.008453
v -0.620143 -0.115201 -0.022416
v -0.625313 -0.108914 -0.009881
v -0.626818 -0.089682 -0.001418
v -0.628996 -0.069279 -0.007971
v -0.629610 -0.040769 -0.014077
v -0.628840 -0.049967 -0.010901
v -0.630349 -0.029681 -0.016155
v -0.630003 -0.010758 -0.016910
v -0.624055 -0.005173 -0.014248
v -0.609367 -0.148084 -0.041249
v -0.615419 -0.152854 -0.035496
v -0.608646 -0.132833 -0.040429
v -0.614541 -0.128108 -0.034701
v -0.602226 -0.118958 -0.038187
v -0.609154 -0.111221 -0.027321
v -0.616043 -0.102922 -0.015361
v -0.600731 -0.102967 -0.013140
v -0.607114 -0.092248 -0.006461
v -0.599416 -0.060071 -0.014349
v -0.606342 -0.067505 -0.008046
v -0.608283 -0.048874 -0.014268
v -0.604283 -0.045347 -0.014972
v -0.612376 -0.051947 -0.009819
v -0.617623 -0.030418 -0.015229
v -0.608331 -0.031057 -0.013629
v -0.621358 -0.018588 -0.014634
v -0.614087 -0.011659 -0.010344
v -0.588694 -0.150131 -0.050147
v -0.588841 -0.131145 -0.047375
v -0.588828 -0.115152 -0.040476
v -0.588419 -0.106411 -0.033285
v -0.585362 -0.096592 -0.014839
v -0.591933 -0.083282 -0.012671
v -0.589846 -0.071384 -0.012810
v -0.587750 -0.067778 -0.012785
v -0.592254 -0.074184 -0.012795
v -0.600288 -0.058285 -0.014237
v -0.593077 -0.051750 -0.012513
v -0.593190 -0.033047 -0.003301
v -0.601485 -0.011494 0.000870
v -0.570058 -0.150253 -0.052274
v -0.570075 -0.131293 -0.049876
v -0.570662 -0.110293 -0.041341
v -0.577062 -0.103915 -0.035041
v -0.564773 -0.102438 -0.036216
v -0.570633 -0.095347 -0.027845
v -0.571640 -0.086306 -0.009223
v -0.572634 -0.072881 -0.007901
v -0.572892 -0.052644 -0.002117
v -0.581690 -0.041717 0.002555
v -0.551272 -0.150267 -0.050284
v -0.551176 -0.130903 -0.047314
v -0.551849 -0.111821 -0.041048
v -0.546803 -0.106333 -0.034330
v -0.559013 -0.102237 -0.036457
v -0.552374 -0.092818 -0.027052
v -0.546952 -0.085455 -0.013945
v -0.559933 -0.084202 -0.015173
v -0.553690 -0.074813 -0.006499
v -0.561062 -0.060502 0.001114
v -0.536838 -0.150480 -0.041444
v -0.527862 -0.150683 -0.031648
v -0.539573 -0.131171 -0.039351
v -0.529399 -0.130462 -0.026691
v -0.525420 -0.123896 -0.015987
v -0.542106 -0.119416 -0.037013
v -0.537228 -0.112413 -0.027737
v -0.527950 -0.111670 -0.009250
v -0.540797 -0.098815 -0.021093
v -0.538174 -0.092382 -0.007830
v -0.542391 -0.081339 -0.001224
v -0.521215 -0.150736 -0.022269
v -0.514075 -0.150604 -0.008736
v -0.523186 -0.136477 -0.019720
v -0.519843 -0.130490 -0.009535
v -0.522601 -0.117690 -0.003836
v -0.479650 -0.401767 -0.001311
v -0.485138 -0.380044 -0.017415
v -0.482326 -0.387305 -0.006752
v -0.481982 -0.369842 -0.019825
v -0.477207 -0.369932 -0.008909
v -0.484061 -0.356715 -0.018674
v -0.480311 -0.350121 -0.009052
v -0.482538 -0.330900 -0.003614
v -0.480220 -0.310806 -0.002847
v -0.483850 -0.299714 0.000338
v -0.980163 -0.440685 0.036111
v -0.981434 -0.442223 0.050213
v -0.981134 -0.442351 0.070196
v -0.982213 -0.443691 0.089872
v -0.981839 -0.442950 0.105550
v -0.976643 -0.421505 0.022547
v -0.980472 -0.428962 0.030154
v -0.981904 -0.429843 0.050318
v -0.980250 -0.429608 0.070354
v -0.983331 -0.429821 0.089677
v -0.981398 -0.429958 0.106632
v -0.976122 -0.418726 0.022310
v -0.977480 -0.415410 0.031059
v -0.976587 -0.409506 0.049858
v -0.980170 -0.410631 0.070261
v -0.980977 -0.410691 0.089453
v -0.978624 -0.410988 0.101939
v -0.972690 -0.391140 0.056893
v -0.978582 -0.390625 0.070126
v -0.976841 -0.392498 0.088101
v -0.975155 -0.400601 0.097441
v -0.975183 -0.377553 0.059528
v -0.975891 -0.376944 0.069921
v -0.974796 -0.379286 0.081169
v -0.969638 -0.442866 0.033147
v -0.969275 -0.445533 0.050577
v -0.969090 -0.446975 0.070289
v -0.969030 -0.448314 0.089693
v -0.971497 -0.446710 0.111543
v -0.965294 -0.441001 0.119356
v -0.968770 -0.424377 0.018942
v -0.969270 -0.434203 0.024387
v -0.974768 -0.429929 0.115036
v -0.966210 -0.429996 0.118911
v -0.967574 -0.409725 0.012650
v -0.973893 -0.405832 0.031556
v -0.973574 -0.402465 0.042997
v -0.969386 -0.410277 0.112787
v -0.962905 -0.417721 0.117147
v -0.958821 -0.389169 0.011165
v -0.967860 -0.391100 0.032029
v -0.969355 -0.391556 0.047698
v -0.973909 -0.387224 0.092928
v -0.968966 -0.392500 0.103136
v -0.957386 -0.371660 0.010447
v -0.963660 -0.370299 0.032446
v -0.973216 -0.370498 0.052069
v -0.973638 -0.367135 0.069508
v -0.971365 -0.372181 0.087372
v -0.963799 -0.370958 0.101676
v -0.957193 -0.348901 0.011045
v -0.968712 -0.350111 0.031045
v -0.970964 -0.350644 0.050411
v -0.970632 -0.351128 0.069130
v -0.964117 -0.350071 0.089633
v -0.959562 -0.356505 0.097415
v -0.961198 -0.331375 0.009458
v -0.966044 -0.330771 0.030975
v -0.967360 -0.331237 0.049900
v -0.965663 -0.331235 0.068908
v -0.959885 -0.331679 0.082748
v -0.958026 -0.310893 0.011489
v -0.960399 -0.311528 0.030724
v -0.961675 -0.311608 0.049632
v -0.958745 -0.312846 0.067362
v -0.956634 -0.320484 0.077932
v -0.955204 -0.299789 0.017942
v -0.955889 -0.296906 0.030472
v -0.956477 -0.297209 0.049231
v -0.956050 -0.300503 0.060094
v -0.950530 -0.441251 0.035587
v -0.950477 -0.445110 0.051064
v -0.950567 -0.446491 0.070358
v -0.950732 -0.447930 0.089383
v -0.948431 -0.447149 0.111774
v -0.954588 -0.441802 0.120582
v -0.949725 -0.420773 0.018271
v -0.950880 -0.432028 0.027616
v -0.944411 -0.429354 0.115049
v -0.952140 -0.429841 0.120106
v -0.948159 -0.412328 0.006123
v -0.949249 -0.410292 0.115556
v -0.954678 -0.417082 0.118320
v -0.953215 -0.380689 0.003614
v -0.950282 -0.391039 0.108907
v -0.953221 -0.379109 0.003204
v -0.950052 -0.371143 0.102963
v -0.952163 -0.341916 0.004270
v -0.953992 -0.343364 0.095388
v -0.949032 -0.350255 0.097431
v -0.951045 -0.338765 0.005212
v -0.948805 -0.332490 0.093032
v -0.942532 -0.340906 0.095138
v -0.938474 -0.437693 0.040070
v -0.931195 -0.442017 0.050796
v -0.931167 -0.444871 0.070010
v -0.931316 -0.443200 0.087901
v -0.938186 -0.441887 0.104711
v -0.929701 -0.411715 0.011113
v -0.932860 -0.423864 0.033492
v -0.926621 -0.433059 0.046015
v -0.929492 -0.428558 0.089511
v -0.938330 -0.429015 0.105675
v -0.933945 -0.410743 0.005288
v -0.924429 -0.411514 0.017600
v -0.925354 -0.412313 0.023073
v -0.927674 -0.409587 0.092142
v -0.935864 -0.410227 0.105073
v -0.926055 -0.389962 0.093651
v -0.934530 -0.390452 0.102302
v -0.926719 -0.370339 0.093640
v -0.935707 -0.370821 0.098906
v -0.929448 -0.350611 0.092552
v -0.938724 -0.350989 0.095771
v -0.932519 -0.332433 0.091750
v -0.940167 -0.340716 0.094931
v -0.919811 -0.439362 0.057113
v -0.919864 -0.439872 0.069594
v -0.923455 -0.437489 0.078957
v -0.910607 -0.410259 -0.005876
v -0.921704 -0.418446 0.038182
v -0.916348 -0.427607 0.050926
v -0.914930 -0.428703 0.069007
v -0.922879 -0.428615 0.080073
v -0.912675 -0.407876 0.011646
v -0.914626 -0.409057 0.029230
v -0.903143 -0.409541 0.051642
v -0.911682 -0.408953 0.067994
v -0.920942 -0.409440 0.082707
v -0.905818 -0.397933 0.057309
v -0.909949 -0.390825 0.065918
v -0.921194 -0.389547 0.083492
v -0.911628 -0.368973 0.068706
v -0.916722 -0.369862 0.085168
v -0.905396 -0.349831 0.073709
v -0.915739 -0.350179 0.082895
v -0.907299 -0.330307 0.072714
v -0.916666 -0.330728 0.080605
v -0.890907 -0.423833 0.001833
v -0.891238 -0.407702 0.011082
v -0.897858 -0.402354 0.028569
v -0.900370 -0.401964 0.045641
v -0.885622 -0.395322 0.015191
v -0.889644 -0.388543 0.027250
v -0.901603 -0.389803 0.049024
v -0.904093 -0.385157 0.058619
v -0.888380 -0.368277 0.032728
v -0.894234 -0.369216 0.047709
v -0.905169 -0.368917 0.059598
v -0.887177 -0.355951 0.034573
v -0.896448 -0.348822 0.041528
v -0.901657 -0.349505 0.063039
v -0.894058 -0.329474 0.045874
v -0.898816 -0.329963 0.063905
v -0.882627 -0.419437 -0.001386
v -0.881054 -0.408546 0.002500
v -0.881949 -0.387866 0.007696
v -0.884275 -0.381686 0.019116
v -0.868225 -0.369397 0.009342
v -0.879428 -0.368413 0.023651
v -0.866963 -0.349452 0.008678
v -0.875957 -0.350036 0.029683
v -0.886545 -0.343170 0.035650
v -0.867221 -0.330354 0.006870
v -0.874853 -0.329824 0.027644
v -0.887146 -0.329523 0.036036
v -0.865846 -0.324051 -0.000099
v -0.954791 -0.304459 0.005609
v -0.952963 -0.307372 0.072249
v -0.948815 -0.312154 0.082845
v -0.952308 -0.292324 0.011604
v -0.953384 -0.286955 0.030231
v -0.952527 -0.287489 0.048786
v -0.947744 -0.292202 0.067706
v -0.941909 -0.297694 0.078989
v -0.945364 -0.271545 0.011150
v -0.947872 -0.271943 0.029937
v -0.942720 -0.270750 0.049795
v -0.940299 -0.276143 0.061101
v -0.937536 -0.250595 0.011002
v -0.938700 -0.250231 0.030039
v -0.937985 -0.256273 0.044803
v -0.934988 -0.240171 0.017081
v -0.935078 -0.240233 0.024035
v -0.935892 -0.164812 0.001235
v -0.930510 -0.311193 0.085147
v -0.929600 -0.286980 0.073156
v -0.930111 -0.296581 0.078937
v -0.935933 -0.262925 0.056114
v -0.930683 -0.269711 0.064024
v -0.934113 -0.242964 0.004794
v -0.934677 -0.242817 0.035956
v -0.933163 -0.250297 0.049480
v -0.924435 -0.251364 0.058955
v -0.932405 -0.232383 0.010703
v -0.932166 -0.232774 0.029410
v -0.924928 -0.229877 0.049788
v -0.919148 -0.236321 0.056082
v -0.928106 -0.210507 0.010156
v -0.927047 -0.210896 0.028718
v -0.922179 -0.210648 0.046107
v -0.926523 -0.189478 0.009327
v -0.923818 -0.190234 0.028324
v -0.919543 -0.190354 0.043627
v -0.932340 -0.170741 0.008072
v -0.922322 -0.169677 0.027246
v -0.918504 -0.170002 0.042722
v -0.908913 -0.310743 0.071308
v -0.917979 -0.311082 0.078961
v -0.912542 -0.291440 0.070420
v -0.919924 -0.299026 0.076630
v -0.911068 -0.271113 0.064165
v -0.910244 -0.250919 0.059707
v -0.914719 -0.222540 0.055182
v -0.909510 -0.229721 0.056079
v -0.912410 -0.210548 0.054113
v -0.904007 -0.210033 0.055527
v -0.911620 -0.189972 0.052681
v -0.902398 -0.188851 0.057020
v -0.911668 -0.169619 0.051892
v -0.899429 -0.165790 0.062694
v -0.899702 -0.160471 0.081766
v -0.889651 -0.310058 0.049189
v -0.899638 -0.310391 0.061430
v -0.890447 -0.290012 0.048935
v -0.899463 -0.290369 0.060207
v -0.889451 -0.269810 0.049688
v -0.897994 -0.270209 0.059853
v -0.888711 -0.249798 0.051481
v -0.897754 -0.250310 0.057946
v -0.889440 -0.229639 0.052804
v -0.898422 -0.230158 0.055500
v -0.887328 -0.208898 0.053402
v -0.895738 -0.209441 0.055034
v -0.883629 -0.197713 0.054633
v -0.889637 -0.189652 0.057757
v -0.890329 -0.168943 0.068706
v -0.889942 -0.164357 0.086836
v -0.867771 -0.309842 0.011061
v -0.873998 -0.309900 0.027922
v -0.885691 -0.309882 0.037253
v -0.864297 -0.290184 0.009669
v -0.873143 -0.290192 0.028077
v -0.884685 -0.289983 0.037917
v -0.877185 -0.270876 0.009276
v -0.881005 -0.270286 0.026167
v -0.883464 -0.269763 0.039597
v -0.871750 -0.248739 0.009474
v -0.875854 -0.249075 0.028122
v -0.881108 -0.249341 0.041825
v -0.866434 -0.235003 0.009097
v -0.869667 -0.227801 0.027682
v -0.877757 -0.228936 0.043395
v -0.866211 -0.214360 0.033783
v -0.871764 -0.208755 0.044733
v -0.872135 -0.189865 0.051946
v -0.878502 -0.183481 0.056870
v -0.865797 -0.173270 0.054043
v -0.875525 -0.164502 0.061740
v -0.881727 -0.158121 0.078648
v -0.865180 -0.309856 0.002238
v -0.863637 -0.297137 0.003137
v -0.858949 -0.223673 0.008543
v -0.862582 -0.219960 0.021132
v -0.847170 -0.212927 0.008858
v -0.854600 -0.206842 0.026867
v -0.861547 -0.201101 0.037604
v -0.846679 -0.187984 0.033245
v -0.857596 -0.187510 0.040128
v -0.844251 -0.177336 0.035330
v -0.853612 -0.168832 0.045479
v -0.863452 -0.159880 0.055989
v -0.838619 -0.203620 0.009078
v -0.841980 -0.199629 0.019908
v -0.828585 -0.186758 0.009534
v -0.837292 -0.187963 0.024174
v -0.824855 -0.176594 0.015587
v -0.832026 -0.171129 0.028767
v -0.842343 -0.164288 0.036302
v -0.823721 -0.179498 0.004121
v -0.819436 -0.170153 0.009939
v -0.821299 -0.164505 0.020974
v -0.935120 -0.150089 0.000830
v -0.934024 -0.140824 0.000048
v -0.934854 -0.149906 0.010395
v -0.922767 -0.149620 0.026293
v -0.918012 -0.149831 0.042525
v -0.934035 -0.132596 0.007624
v -0.926438 -0.130149 0.027753
v -0.916930 -0.129714 0.042701
v -0.929729 -0.111081 0.009935
v -0.926489 -0.110582 0.028859
v -0.915944 -0.108119 0.048246
v -0.914422 -0.100129 0.057929
v -0.922141 -0.091710 0.010229
v -0.919610 -0.091562 0.028923
v -0.916193 -0.092912 0.048131
v -0.914396 -0.100342 0.057997
v -0.916425 -0.076290 0.010733
v -0.915843 -0.076313 0.029288
v -0.915322 -0.079570 0.041415
v -0.911594 -0.149622 0.052161
v -0.902188 -0.148829 0.066183
v -0.900803 -0.149001 0.084631
v -0.911209 -0.129453 0.052920
v -0.906126 -0.129337 0.067468
v -0.901442 -0.129269 0.088977
v -0.897448 -0.122018 0.096878
v -0.913473 -0.112801 0.055616
v -0.910268 -0.107753 0.065751
v -0.903017 -0.109863 0.088151
v -0.898867 -0.109796 0.098785
v -0.914672 -0.087666 0.054512
v -0.910343 -0.092766 0.066022
v -0.901023 -0.090716 0.087998
v -0.897087 -0.090544 0.097372
v -0.913718 -0.066221 0.011006
v -0.914259 -0.066313 0.029378
v -0.911275 -0.072597 0.048227
v -0.903841 -0.071682 0.068494
v -0.897441 -0.073143 0.087107
v -0.895807 -0.080519 0.096446
v -0.908668 -0.051434 0.010662
v -0.908761 -0.051535 0.029489
v -0.897184 -0.055062 0.045916
v -0.897089 -0.060097 0.068678
v -0.895485 -0.061079 0.080419
v -0.898621 -0.037508 0.011088
v -0.898182 -0.037639 0.029097
v -0.895031 -0.041531 0.038763
v -0.889992 -0.149773 0.093893
v -0.889740 -0.136065 0.095867
v -0.889534 -0.126007 0.099513
v -0.889580 -0.109756 0.103931
v -0.889219 -0.090068 0.103259
v -0.893949 -0.067615 0.092689
v -0.888873 -0.072220 0.100779
v -0.889520 -0.048488 0.052115
v -0.889766 -0.050663 0.068681
v -0.890043 -0.053105 0.087377
v -0.882008 -0.051158 0.099838
v -0.892318 -0.027110 0.011375
v -0.891417 -0.027240 0.029123
v -0.886908 -0.033489 0.046440
v -0.878239 -0.033364 0.067656
v -0.879945 -0.031681 0.087756
v -0.878294 -0.037865 0.097530
v -0.888031 -0.010918 0.011379
v -0.888782 -0.010783 0.029558
v -0.883846 -0.010675 0.048249
v -0.875551 -0.012966 0.066617
v -0.874355 -0.021916 0.079760
v -0.871291 -0.147244 0.068751
v -0.879127 -0.147642 0.082799
v -0.867505 -0.133204 0.073210
v -0.872830 -0.129016 0.087422
v -0.878116 -0.124671 0.098795
v -0.866815 -0.108187 0.092439
v -0.873448 -0.109557 0.102780
v -0.864598 -0.097213 0.095173
v -0.868960 -0.090975 0.103339
v -0.870228 -0.069901 0.105969
v -0.869925 -0.050299 0.105852
v -0.874714 -0.023740 0.094749
v -0.868897 -0.030607 0.100497
v -0.871329 -0.007096 0.072334
v -0.864213 -0.016851 0.082305
v -0.861669 -0.022064 0.096138
v -0.850690 -0.148568 0.049934
v -0.861962 -0.147626 0.058273
v -0.847246 -0.128376 0.053350
v -0.858196 -0.127184 0.066324
v -0.864410 -0.119625 0.078005
v -0.846278 -0.117008 0.055394
v -0.848703 -0.109807 0.067210
v -0.861564 -0.107412 0.081983
v -0.846498 -0.092314 0.073651
v -0.856141 -0.087714 0.085220
v -0.862119 -0.084252 0.097021
v -0.851876 -0.068673 0.087229
v -0.859139 -0.069349 0.099598
v -0.849566 -0.049472 0.089352
v -0.856307 -0.050094 0.101940
v -0.851681 -0.030376 0.087563
v -0.858230 -0.030836 0.098638
v -0.852173 -0.013502 0.085114
v -0.859893 -0.021835 0.095391
v -0.829428 -0.149612 0.031113
v -0.842378 -0.148494 0.037399
v -0.830372 -0.130107 0.028637
v -0.839319 -0.129265 0.044006
v -0.826816 -0.107841 0.010215
v -0.830829 -0.111443 0.025743
v -0.838199 -0.110216 0.049236
v -0.841504 -0.104422 0.061177
v -0.828708 -0.090354 0.011177
v -0.828282 -0.094499 0.029028
v -0.832272 -0.087214 0.046542
v -0.838173 -0.087451 0.068352
v -0.844622 -0.079077 0.076616
v -0.825622 -0.075448 0.004671
v -0.828426 -0.072295 0.052750
v -0.831249 -0.067646 0.065907
v -0.843229 -0.068555 0.077932
v -0.829431 -0.048275 0.070305
v -0.840880 -0.048475 0.078441
v -0.826168 -0.033875 0.073914
v -0.832619 -0.028349 0.079738
v -0.831557 -0.009379 0.084849
v -0.814313 -0.149977 0.009593
v -0.819851 -0.149949 0.022703
v -0.819876 -0.131063 0.009318
v -0.823640 -0.130831 0.019877
v -0.823778 -0.118147 0.009560
v -0.825806 -0.120648 0.018353
v -0.823248 -0.083318 0.016441
v -0.820040 -0.085304 0.029889
v -0.822402 -0.081824 0.042022
v -0.821432 -0.068636 0.011060
v -0.814753 -0.069215 0.030054
v -0.821775 -0.066959 0.047843
v -0.825769 -0.059007 0.056647
v -0.817307 -0.048494 0.012052
v -0.812131 -0.048287 0.030353
v -0.812428 -0.048626 0.048827
v -0.819085 -0.048692 0.062180
v -0.809177 -0.027304 0.012948
v -0.807098 -0.032190 0.030501
v -0.806577 -0.031781 0.048860
v -0.813722 -0.026752 0.066706
v -0.822229 -0.020748 0.076354
v -0.806040 -0.013334 0.007506
v -0.809387 -0.008611 0.070080
v -0.819141 -0.008583 0.078328
v -0.805061 -0.019617 0.019870
v -0.804497 -0.022247 0.030492
v -0.803829 -0.021845 0.049181
v -0.804829 -0.018779 0.058006
v -0.802745 -0.007426 0.012715
v -0.800535 -0.008195 0.030564
v -0.799917 -0.008417 0.049321
v -0.802874 -0.008336 0.060644
v -0.695354 0.002198 0.034452
v -0.695815 0.001910 0.045230
v -0.678030 -0.021499 0.011419
v -0.678907 -0.024144 0.030527
v -0.680439 -0.025161 0.049188
v -0.679193 -0.022409 0.061593
v -0.686799 -0.007644 0.011411
v -0.690278 -0.005402 0.029099
v -0.691379 -0.005971 0.050383
v -0.683201 -0.007129 0.067909
v -0.677641 0.000401 0.076430
v -0.654719 -0.059908 0.017406
v -0.656083 -0.062465 0.030294
v -0.655034 -0.059192 0.047812
v -0.656147 -0.057050 0.057206
v -0.662033 -0.048866 0.010978
v -0.666647 -0.047322 0.030374
v -0.667422 -0.048185 0.049238
v -0.661063 -0.047758 0.061480
v -0.672054 -0.031570 0.011562
v -0.673275 -0.034213 0.030512
v -0.674635 -0.035223 0.049076
v -0.667937 -0.028752 0.068169
v -0.660625 -0.021634 0.077145
v -0.673203 -0.012768 0.073348
v -0.667557 -0.007200 0.079675
v -0.634057 -0.098916 0.017576
v -0.635310 -0.098851 0.029242
v -0.635185 -0.097330 0.038451
v -0.642667 -0.088938 0.010985
v -0.647106 -0.088565 0.029840
v -0.638130 -0.084563 0.045420
v -0.635438 -0.076968 0.056995
v -0.650979 -0.067344 0.011573
v -0.654470 -0.073987 0.029974
v -0.647497 -0.068537 0.046708
v -0.643823 -0.064678 0.060243
v -0.653774 -0.055450 0.005772
v -0.646819 -0.048283 0.070594
v -0.640133 -0.042605 0.076250
v -0.654022 -0.034753 0.074053
v -0.648098 -0.028893 0.079715
v -0.649247 -0.009250 0.086745
v -0.554829 -0.382767 0.002586
v -0.563360 -0.370351 0.010219
v -0.558580 -0.363790 0.020238
v -0.567505 -0.349384 0.008921
v -0.562130 -0.349467 0.024048
v -0.566273 -0.329595 0.008470
v -0.560796 -0.329582 0.024690
v -0.544042 -0.424116 0.001601
v -0.545737 -0.407498 0.007795
v -0.538166 -0.399663 0.028293
v -0.535333 -0.398776 0.039598
v -0.551324 -0.388943 0.008415
v -0.542409 -0.387905 0.027094
v -0.534040 -0.388119 0.040045
v -0.552469 -0.375718 0.014761
v -0.549289 -0.369466 0.026450
v -0.538452 -0.368855 0.044341
v -0.549213 -0.348492 0.030732
v -0.534782 -0.348906 0.044892
v -0.538299 -0.344885 0.059913
v -0.548034 -0.328951 0.030449
v -0.545554 -0.329626 0.047050
v -0.537743 -0.329894 0.059273
v -0.517095 -0.437008 0.059968
v -0.517042 -0.437321 0.061122
v -0.528828 -0.418677 -0.002190
v -0.517735 -0.416928 0.040101
v -0.520913 -0.426879 0.052199
v -0.520106 -0.428480 0.064922
v -0.526682 -0.406437 0.009715
v -0.525651 -0.407867 0.030290
v -0.532954 -0.408169 0.048538
v -0.520057 -0.410225 0.069537
v -0.514575 -0.404757 0.077138
v -0.530647 -0.388802 0.050839
v -0.521982 -0.388831 0.066413
v -0.516191 -0.389250 0.078825
v -0.531072 -0.368657 0.053335
v -0.525203 -0.369030 0.065745
v -0.520420 -0.369803 0.081270
v -0.531048 -0.356975 0.054543
v -0.532192 -0.351008 0.067334
v -0.519851 -0.350292 0.079236
v -0.528604 -0.330222 0.068958
v -0.518309 -0.330680 0.076972
v -0.509214 -0.441578 0.054948
v -0.509605 -0.443331 0.068894
v -0.502070 -0.441924 0.088947
v -0.499057 -0.440229 0.102799
v -0.508358 -0.408762 0.008585
v -0.505319 -0.418906 0.034084
v -0.507604 -0.432597 0.047183
v -0.513754 -0.428022 0.073941
v -0.505500 -0.427988 0.086948
v -0.499570 -0.429156 0.104170
v -0.506449 -0.408438 0.004709
v -0.511054 -0.409262 0.014903
v -0.511102 -0.411616 0.024895
v -0.514290 -0.417719 0.076841
v -0.510558 -0.410760 0.085242
v -0.501351 -0.410252 0.103162
v -0.511583 -0.389903 0.090214
v -0.501172 -0.390566 0.099682
v -0.509299 -0.370259 0.090236
v -0.500067 -0.370781 0.096963
v -0.506327 -0.349267 0.090678
v -0.498914 -0.355289 0.095514
v -0.508598 -0.330829 0.087185
v -0.485346 -0.437554 0.040662
v -0.491252 -0.443434 0.049065
v -0.489036 -0.447052 0.070480
v -0.489107 -0.448266 0.089488
v -0.490983 -0.446527 0.110863
v -0.484202 -0.441674 0.120275
v -0.490198 -0.415489 0.019327
v -0.490328 -0.428016 0.034944
v -0.497695 -0.435023 0.043612
v -0.493854 -0.429576 0.113983
v -0.485644 -0.429905 0.119990
v -0.492300 -0.410821 0.008380
v -0.489689 -0.410401 0.114397
v -0.483247 -0.417832 0.117458
v -0.489321 -0.391117 0.106342
v -0.489620 -0.370933 0.101190
v -0.490491 -0.342886 0.095079
v -0.490061 -0.352726 0.097042
v -0.490541 -0.331219 0.091638
v -0.615475 -0.196996 0.001160
v -0.620597 -0.188825 0.008142
v -0.619437 -0.182770 0.022348
v -0.632188 -0.168959 0.009600
v -0.623935 -0.167777 0.029251
v -0.615630 -0.159576 0.036002
v -0.597686 -0.217981 0.005608
v -0.607069 -0.207478 0.009445
v -0.602188 -0.203806 0.024403
v -0.615044 -0.195545 0.013023
v -0.608439 -0.190234 0.029593
v -0.600646 -0.184112 0.038336
v -0.614582 -0.172651 0.034730
v -0.603205 -0.164286 0.042135
v -0.596120 -0.157828 0.056383
v -0.576980 -0.239416 0.009318
v -0.575971 -0.237930 0.019018
v -0.588846 -0.224902 0.010441
v -0.581024 -0.225719 0.026110
v -0.577004 -0.218141 0.036577
v -0.595661 -0.216140 0.017167
v -0.593273 -0.209338 0.029418
v -0.582571 -0.207626 0.039834
v -0.596374 -0.197080 0.035966
v -0.587305 -0.188299 0.045311
v -0.578824 -0.179412 0.056979
v -0.591401 -0.170938 0.051837
v -0.583527 -0.163449 0.062467
v -0.578273 -0.158196 0.080428
v -0.568258 -0.309725 0.008687
v -0.562293 -0.309706 0.026182
v -0.572595 -0.290139 0.009506
v -0.561612 -0.289944 0.026252
v -0.561802 -0.269280 0.008685
v -0.559409 -0.270236 0.028526
v -0.555915 -0.263799 0.037655
v -0.570348 -0.250529 0.009396
v -0.568377 -0.246887 0.026491
v -0.558894 -0.248754 0.040166
v -0.572290 -0.231742 0.031337
v -0.566278 -0.226566 0.041665
v -0.566558 -0.207622 0.049916
v -0.559947 -0.200577 0.055317
v -0.572276 -0.193329 0.053025
v -0.566986 -0.186298 0.057511
v -0.568946 -0.169600 0.070240
v -0.569525 -0.164366 0.090688
v -0.561480 -0.157104 0.096305
v -0.551936 -0.309563 0.033580
v -0.546180 -0.309859 0.046757
v -0.537413 -0.310136 0.058039
v -0.553869 -0.289747 0.035226
v -0.546885 -0.289780 0.046415
v -0.538205 -0.290089 0.057857
v -0.554601 -0.277790 0.035923
v -0.549702 -0.270430 0.045248
v -0.539603 -0.270111 0.057774
v -0.550317 -0.249594 0.050936
v -0.540508 -0.250122 0.056764
v -0.550086 -0.229296 0.053082
v -0.540867 -0.229877 0.054820
v -0.552660 -0.214463 0.053937
v -0.548206 -0.208459 0.055215
v -0.550940 -0.188282 0.058876
v -0.554675 -0.166537 0.066071
v -0.559143 -0.161296 0.089003
v -0.562345 -0.157480 0.096630
v -0.527203 -0.310417 0.067842
v -0.517845 -0.310818 0.076033
v -0.525678 -0.292981 0.067858
v -0.517322 -0.301517 0.074701
v -0.528984 -0.270832 0.062737
v -0.529763 -0.250718 0.058389
v -0.527681 -0.225818 0.054347
v -0.532397 -0.231820 0.055442
v -0.529281 -0.210305 0.053435
v -0.539598 -0.210040 0.055051
v -0.529576 -0.190207 0.050367
v -0.539972 -0.189622 0.056881
v -0.525956 -0.163698 0.035932
v -0.529072 -0.170224 0.046073
v -0.540475 -0.169679 0.058682
v -0.509187 -0.310852 0.082532
v -0.510032 -0.289253 0.072881
v -0.509470 -0.298804 0.077662
v -0.505399 -0.264048 0.054637
v -0.510468 -0.270835 0.062701
v -0.506274 -0.245039 0.010466
v -0.506736 -0.245719 0.029028
v -0.509352 -0.252098 0.048286
v -0.518153 -0.251686 0.057222
v -0.511129 -0.231551 0.010274
v -0.511912 -0.231667 0.028877
v -0.517972 -0.232099 0.048358
v -0.521982 -0.239834 0.055584
v -0.515606 -0.210640 0.009916
v -0.516670 -0.210775 0.028941
v -0.520889 -0.210806 0.042791
v -0.517339 -0.189759 0.009281
v -0.519917 -0.190299 0.028524
v -0.523338 -0.190592 0.039922
v -0.511856 -0.169847 0.009366
v -0.522887 -0.170193 0.028615
v -0.524763 -0.177238 0.037919
v -0.485523 -0.304896 0.074042
v -0.489886 -0.310187 0.083662
v -0.487419 -0.287651 0.011056
v -0.486292 -0.285620 0.029886
v -0.487663 -0.287780 0.048693
v -0.490591 -0.291781 0.069420
v -0.496288 -0.298081 0.078777
v -0.493712 -0.272001 0.010800
v -0.493491 -0.272692 0.029649
v -0.498641 -0.272291 0.048274
v -0.499130 -0.277291 0.061659
v -0.501823 -0.255238 0.010642
v -0.502210 -0.256073 0.029307
v -0.503377 -0.259611 0.042470
v -0.635113 -0.149770 0.009550
v -0.626566 -0.149532 0.027974
v -0.614403 -0.148238 0.036846
v -0.631362 -0.130158 0.009810
v -0.624736 -0.129052 0.027678
v -0.618588 -0.126993 0.047084
v -0.615546 -0.118582 0.057675
v -0.629851 -0.108198 0.011257
v -0.626335 -0.108559 0.027915
v -0.626912 -0.105855 0.045956
v -0.618669 -0.108093 0.062084
v -0.631731 -0.094725 0.007116
v -0.630420 -0.090290 0.050214
v -0.626508 -0.087573 0.067482
v -0.617674 -0.082279 0.078637
v -0.633332 -0.068042 0.072044
v -0.621091 -0.067431 0.082133
v -0.634981 -0.055455 0.074699
v -0.623887 -0.049526 0.083616
v -0.617405 -0.045254 0.095541
v -0.623285 -0.030640 0.083095
v -0.617533 -0.037803 0.094705
v -0.629849 -0.010890 0.083283
v -0.607278 -0.147528 0.047099
v -0.597707 -0.147071 0.059548
v -0.612864 -0.132183 0.052621
v -0.605102 -0.126855 0.066118
v -0.597191 -0.121669 0.080621
v -0.612100 -0.107968 0.071641
v -0.599909 -0.106908 0.086278
v -0.597005 -0.100885 0.096482
v -0.614249 -0.095887 0.075333
v -0.608214 -0.088364 0.084908
v -0.600112 -0.088807 0.098567
v -0.612897 -0.068159 0.092289
v -0.605868 -0.069587 0.102070
v -0.615908 -0.057509 0.095144
v -0.611488 -0.051216 0.103420
v -0.613790 -0.025222 0.096049
v -0.608469 -0.030779 0.100464
v -0.609186 -0.006609 0.069860
v -0.611679 -0.016588 0.083033
v -0.601788 -0.023069 0.095736
v -0.589450 -0.146554 0.069699
v -0.581691 -0.147313 0.087300
v -0.578387 -0.140603 0.096094
v -0.594002 -0.135173 0.075054
v -0.590921 -0.128557 0.087477
v -0.582987 -0.128960 0.099948
v -0.594141 -0.113734 0.093828
v -0.590266 -0.109079 0.103262
v -0.589711 -0.089830 0.105857
v -0.590204 -0.070251 0.105373
v -0.586173 -0.046285 0.091993
v -0.590370 -0.051126 0.102609
v -0.588354 -0.027715 0.012369
v -0.587246 -0.024463 0.030117
v -0.590328 -0.028489 0.048414
v -0.593163 -0.032910 0.068150
v -0.591517 -0.033783 0.087054
v -0.598622 -0.031645 0.098377
v -0.595977 -0.011299 0.012782
v -0.592550 -0.009832 0.033134
v -0.596179 -0.011133 0.047487
v -0.602094 -0.009038 0.059916
v -0.599992 -0.019121 0.088793
v -0.602649 -0.023313 0.096187
v -0.573447 -0.153825 0.094177
v -0.568341 -0.148122 0.096675
v -0.570321 -0.129541 0.100772
v -0.570519 -0.109881 0.104384
v -0.565735 -0.086090 0.093602
v -0.570209 -0.090974 0.102751
v -0.566418 -0.066800 0.072516
v -0.569842 -0.072713 0.087436
v -0.577840 -0.071167 0.100020
v -0.566506 -0.045953 0.011173
v -0.565297 -0.045272 0.029600
v -0.574110 -0.053323 0.047167
v -0.574490 -0.055897 0.066659
v -0.580814 -0.053166 0.086512
v -0.582265 -0.059238 0.097539
v -0.577730 -0.037901 0.011859
v -0.577179 -0.036095 0.029523
v -0.583334 -0.041215 0.047731
v -0.584901 -0.043252 0.068764
v -0.584501 -0.042784 0.079941
v -0.599597 0.012548 0.044623
v -0.599899 0.014501 0.044813
v -0.600078 0.017218 0.044050
v -0.553160 -0.149201 0.067707
v -0.557374 -0.149685 0.088863
v -0.563468 -0.149400 0.095308
v -0.551125 -0.130071 0.068756
v -0.557110 -0.129925 0.088306
v -0.562223 -0.129692 0.097301
v -0.550475 -0.110551 0.068661
v -0.558002 -0.110349 0.088044
v -0.562106 -0.110163 0.098109
v -0.546183 -0.087157 0.052469
v -0.551614 -0.092748 0.065915
v -0.561105 -0.091896 0.087722
v -0.563362 -0.098639 0.097287
v -0.548875 -0.069049 0.010853
v -0.549094 -0.070209 0.029321
v -0.550133 -0.073517 0.047501
v -0.560250 -0.072811 0.066758
v -0.563723 -0.079754 0.080824
v -0.558731 -0.056351 0.011168
v -0.558392 -0.055321 0.029505
v -0.563699 -0.061409 0.047757
v -0.564214 -0.062968 0.059115
v -0.527241 -0.150300 0.034625
v -0.531012 -0.150160 0.047880
v -0.541810 -0.149978 0.059153
v -0.526903 -0.130714 0.034541
v -0.534246 -0.130506 0.046833
v -0.543377 -0.130329 0.058818
v -0.525520 -0.104455 0.010251
v -0.525820 -0.109513 0.029662
v -0.538095 -0.111413 0.046583
v -0.543262 -0.110620 0.058991
v -0.532983 -0.092681 0.010360
v -0.534639 -0.092250 0.028852
v -0.542659 -0.093325 0.046267
v -0.544431 -0.099687 0.058089
v -0.541003 -0.078901 0.010529
v -0.542607 -0.079992 0.029113
v -0.545307 -0.082621 0.039171
v -0.510770 -0.150252 0.009600
v -0.522097 -0.150242 0.025023
v -0.513891 -0.130792 0.009858
v -0.518895 -0.130607 0.026207
v -0.519908 -0.113682 0.010098
v -0.519986 -0.114839 0.024017
v -0.470183 -0.440086 0.037993
v -0.470422 -0.444847 0.051161
v -0.470868 -0.447099 0.070402
v -0.470929 -0.448098 0.089546
v -0.470144 -0.448274 0.109733
v -0.470466 -0.440588 0.119120
v -0.471373 -0.419743 0.020781
v -0.470487 -0.429664 0.029308
v -0.464744 -0.426728 0.115463
v -0.470201 -0.431651 0.118929
v -0.471618 -0.409118 0.009995
v -0.470238 -0.410690 0.113089
v -0.476177 -0.418136 0.117006
v -0.470807 -0.391277 0.013788
v -0.467990 -0.385520 0.031594
v -0.467864 -0.381436 0.042334
v -0.465986 -0.386397 0.094155
v -0.470699 -0.392026 0.102865
v -0.473943 -0.370016 0.011930
v -0.469312 -0.371393 0.032663
v -0.467167 -0.379114 0.042268
v -0.467987 -0.371316 0.090607
v -0.475854 -0.370866 0.101005
v -0.473440 -0.350139 0.012052
v -0.465711 -0.349272 0.031595
v -0.465977 -0.343709 0.049891
v -0.466563 -0.347643 0.068724
v -0.472897 -0.351652 0.087533
v -0.480040 -0.355954 0.096895
v -0.471158 -0.330483 0.010995
v -0.469118 -0.331113 0.030585
v -0.468755 -0.331499 0.049629
v -0.471607 -0.331513 0.068635
v -0.478113 -0.331385 0.084017
v -0.458114 -0.440944 0.037741
v -0.456141 -0.443297 0.050383
v -0.456687 -0.443825 0.070036
v -0.457237 -0.443930 0.089727
v -0.458256 -0.442418 0.109650
v -0.463646 -0.437554 0.115886
v -0.462709 -0.419859 0.022595
v -0.456371 -0.428627 0.030667
v -0.453213 -0.429680 0.050332
v -0.457254 -0.429465 0.069847
v -0.456502 -0.429712 0.089293
v -0.458494 -0.431468 0.110146
v -0.463667 -0.438749 0.115825
v -0.461734 -0.409857 0.020420
v -0.458076 -0.410351 0.030759
v -0.457793 -0.410650 0.050474
v -0.458076 -0.410675 0.069881
v -0.457583 -0.410603 0.089227
v -0.461023 -0.411047 0.102644
v -0.464805 -0.399596 0.021733
v -0.464543 -0.395909 0.031439
v -0.465386 -0.389574 0.049556
v -0.457999 -0.390524 0.069883
v -0.461763 -0.391913 0.088859
v -0.464495 -0.399814 0.097448
v -0.464576 -0.365572 0.039230
v -0.461793 -0.371620 0.048858
v -0.460915 -0.370645 0.069724
v -0.463978 -0.371292 0.081360
v -0.464157 -0.355341 0.038916
v -0.464107 -0.353353 0.050169
v -0.464186 -0.357438 0.069141
v -0.465318 -0.361628 0.078052
v -0.477183 -0.311414 0.011098
v -0.475420 -0.311869 0.030248
v -0.475737 -0.311944 0.049429
v -0.480426 -0.311720 0.068173
v -0.481590 -0.317515 0.079383
v -0.483288 -0.297488 0.011009
v -0.482142 -0.295382 0.030052
v -0.482535 -0.297444 0.049093
v -0.483752 -0.301044 0.061905
v -0.879421 0.009720 -0.002563
v -0.862730 0.010067 -0.018584
v -0.871864 0.009826 -0.011747
v -0.849468 0.010362 -0.023693
v -0.831182 0.010555 -0.021945
v -0.820323 0.010757 -0.016884
v -0.764544 0.010801 -0.046751
v -0.766798 0.012045 -0.029715
v -0.750144 0.010289 -0.052753
v -0.748886 0.009443 -0.004763
v -0.740535 0.011032 -0.042608
v -0.739934 0.011036 -0.030093
v -0.742805 0.012031 -0.016443
v -0.696567 0.019518 0.001508
v -0.678257 0.017483 -0.016206
v -0.687178 0.011443 -0.008049
v -0.669228 0.010823 -0.018742
v -0.675124 0.004708 -0.014773
v -0.650119 0.010438 -0.022843
v -0.633909 0.010085 -0.018317
v -0.625296 0.009592 -0.013890
v -0.611832 0.009281 -0.002861
v -0.604714 0.002440 0.004544
v -0.965101 0.019368 0.018868
v -0.970211 0.017219 0.030608
v -0.968731 0.015119 0.049791
v -0.967816 0.017735 0.067113
v -0.954859 0.017715 0.017215
v -0.950522 0.017244 0.031432
v -0.950127 0.009794 0.049987
v -0.949659 0.012646 0.071486
v -0.944602 0.021602 0.038806
v -0.885849 0.009734 0.011463
v -0.888375 0.009888 0.029856
v -0.884153 0.009984 0.048149
v -0.878371 0.009849 0.062531
v -0.871931 0.009659 0.072068
v -0.862921 0.009641 0.080511
v -0.848990 0.010124 0.088283
v -0.830871 0.010803 0.089731
v -0.806295 0.006906 0.073556
v -0.812208 0.012490 0.080833
v -0.799210 0.013041 0.067441
v -0.803255 0.020330 0.076441
v -0.699137 0.015387 0.011675
v -0.699915 0.010903 0.029259
v -0.700424 0.010765 0.050321
v -0.699641 0.015663 0.062880
v -0.694307 0.005563 0.011609
v -0.694762 0.003003 0.021939
v -0.695263 0.002994 0.056835
v -0.692387 0.010011 0.068520
v -0.681457 0.011858 0.078780
v -0.668324 0.011377 0.086200
v -0.650015 0.010741 0.090649
v -0.631381 0.009894 0.085319
v -0.606321 0.016035 0.007708
v -0.609909 0.009660 0.067343
v -0.618737 0.009050 0.076837
v -0.601232 0.012401 0.019004
v -0.597900 0.012933 0.034971
v -0.588250 0.011869 0.073655
v -0.579600 0.022058 0.074640
v -0.579139 0.020541 0.074153
v -0.570907 0.018417 0.018133
v -0.573388 0.011420 0.032528
v -0.571134 0.009581 0.049214
v -0.573832 0.013105 0.067496
v -0.581562 0.022491 0.075003
v -0.581022 0.021016 0.074518
v -0.561670 0.021890 0.021832
v -0.559464 0.018960 0.030991
v -0.559428 0.018270 0.049459
v -0.560690 0.019836 0.061558
vn 0.9322 0.1612 0.3241
vn 0.3910 0.3315 0.8586
vn 0.4270 0.2664 0.8641
vn -0.3475 0.8433 -0.4100
vn 0.8166 -0.2768 -0.5065
vn 0.3280 -0.2221 -0.9182
vn -0.9464 0.3195 0.0471
vn -0.9161 -0.0422 -0.3986
vn 0.5592 -0.1035 0.8225
vn 0.6680 -0.5785 -0.4681
vn 0.7899 -0.5259 -0.3155
vn 0.0723 -0.7443 -0.6639
vn 0.7001 0.4282 -0.5714
vn -0.8639 -0.4401 -0.2448
vn 0.2065 0.5366 0.8182
vn -0.0377 0.9932 0.1106
vn 0.8789 0.3863 0.2799
vn -0.0402 0.9990 0.0179
vn 0.9161 0.4003 -0.0239
vn 0.5337 -0.2598 0.8047
vn 0.7796 -0.6202 0.0869
vn 0.7297 -0.6819 0.0500
vn 0.3654 -0.9011 -0.2334
vn 0.4356 -0.8724 0.2219
vn 0.0093 0.7101 0.7041
vn -0.0952 0.9946 0.0423
vn -0.0987 0.9935 0.0571
vn 0.2442 0.3619 0.8997
vn 0.0837 0.4932 0.8659
vn 0.6354 0.0303 0.7716
vn 0.4693 -0.0600 0.8810
vn 0.7772 -0.5192 0.3554
vn 0.4121 -0.7619 -0.4997
vn 0.6828 -0.7117 -0.1650
vn 0.1630 -0.9577 0.2372
vn 0.4001 -0.8858 -0.2353
vn 0.5912 -0.7305 -0.3418
vn -0.0623 0.8701 0.4889
vn -0.1115 0.9914 0.0678
vn -0.0752 0.9943 0.0758
vn 0.0693 0.6074 0.7914
vn -0.0219 0.5041 0.8633
vn 0.4262 0.1846 0.8856
vn 0.8277 -0.5610 0.0153
vn 0.3103 -0.8825 -0.3534
vn 0.1018 -0.9941 0.0387
vn 0.7025 -0.6701 0.2398
vn 0.7745 -0.6161 -0.1433
vn 0.8095 -0.5868 -0.0168
vn 0.1912 0.8598 0.4735
vn 0.2603 0.9539 0.1491
vn 0.2517 0.9666 0.0482
vn 0.0009 0.5811 0.8139
vn 0.1386 0.4755 0.8687
vn 0.0640 0.3983 0.9150
vn -0.1019 0.7019 0.7050
vn 0.3523 0.3385 0.8725
vn 0.1730 -0.0746 0.9821
vn 0.6763 -0.7353 -0.0434
vn 0.7996 -0.5953 0.0790
vn 0.4857 0.4452 0.7523
vn 0.6371 0.5568 0.5330
vn 0.8062 0.4379 0.3978
vn 0.8515 0.5165 0.0904
vn 0.8965 0.4427 0.0161
vn 0.5076 0.4334 0.7446
vn 0.8524 0.3418 0.3957
vn 0.9521 0.2946 -0.0820
vn 0.3030 0.2286 0.9252
vn 0.4593 0.3261 0.8263
vn 0.6163 0.2741 0.7383
vn 0.9181 0.2711 0.2891
vn 0.9633 0.0847 -0.2547
vn 0.2784 0.4771 0.8336
vn 0.3594 0.6005 0.7143
vn 0.5456 0.5462 0.6356
vn 0.6150 0.7098 0.3435
vn 0.7768 0.6042 0.1776
vn 0.2316 0.4323 0.8715
vn 0.0336 0.2778 0.9601
vn 0.1224 0.4041 0.9065
vn 0.2337 0.4015 0.8855
vn -0.1599 0.0250 0.9868
vn 0.6043 -0.1676 0.7789
vn 0.8359 -0.5129 0.1954
vn 0.6337 0.4475 0.6310
vn 0.8249 0.4841 0.2921
vn 0.6035 0.6861 0.4063
vn 0.2601 0.2255 0.9389
vn 0.5057 0.5670 0.6502
vn -0.0547 0.3128 0.9482
vn -0.3529 0.0323 0.9351
vn -0.1440 0.3352 0.9311
vn -0.1518 0.2118 0.9654
vn 0.5669 -0.8000 -0.1964
vn 0.6893 -0.1605 0.7065
vn 0.6541 -0.1121 0.7480
vn 0.9297 -0.3303 -0.1627
vn 0.9144 -0.3840 0.1280
vn 0.6267 -0.0765 0.7755
vn 0.7279 -0.1225 0.6747
vn 0.9766 0.2107 0.0426
vn 0.8826 0.4484 0.1414
vn 0.5045 0.1162 0.8555
vn 0.7136 0.1552 0.6832
vn 0.8252 0.1585 0.5421
vn 0.8674 0.2937 0.4016
vn 0.8837 0.4254 0.1952
vn 0.4955 -0.1485 0.8559
vn 0.7645 -0.0393 0.6434
vn 0.8342 0.1005 0.5423
vn 0.5549 -0.3126 0.7710
vn 0.2067 -0.3186 0.9251
vn -0.4446 -0.0135 0.8956
vn -0.4436 -0.0206 0.8960
vn -0.5086 0.1853 0.8408
vn 0.5017 0.4108 0.7612
vn -0.1832 0.9122 0.3665
vn 0.7789 0.0500 0.6251
vn 0.8592 0.4774 0.1842
vn 0.9550 0.2745 0.1121
vn 0.8434 0.4923 -0.2151
vn 0.9559 0.2666 -0.1233
vn 0.8311 0.3062 -0.4642
vn 0.8615 -0.2026 0.4656
vn 0.9488 -0.2609 0.1782
vn 0.9587 -0.2695 -0.0912
vn 0.8441 -0.2849 -0.4543
vn 0.8526 -0.4552 -0.2566
vn 0.8640 0.3278 0.3823
vn 0.9143 0.3738 0.1560
vn 0.9871 0.1548 -0.0395
vn 0.9445 0.0549 -0.3238
vn 0.5062 0.5584 0.6572
vn 0.6515 0.5383 0.5346
vn 0.8306 0.5002 0.2449
vn 0.8936 0.4087 -0.1859
vn 0.7920 0.2012 -0.5765
vn 0.2740 0.1424 0.9511
vn 0.4508 0.5295 0.7186
vn 0.8061 0.0227 0.5913
vn 0.6567 0.2173 -0.7222
vn 0.6657 0.2505 -0.7029
vn 0.3566 0.3587 0.8627
vn 0.8415 0.2517 0.4781
vn 0.9814 0.0008 0.1920
vn 0.6771 -0.2409 -0.6953
vn 0.2002 -0.0180 0.9796
vn 0.9385 0.1471 0.3123
vn 0.9921 0.0950 0.0824
vn 0.9352 0.0424 -0.3516
vn 0.0198 -0.2407 -0.9704
vn 0.2181 -0.6939 -0.6862
vn 0.2131 0.0546 0.9755
vn 0.9388 -0.2377 0.2495
vn 0.9559 -0.2916 0.0362
vn 0.8658 -0.3155 -0.3884
vn 0.0758 0.0206 -0.9969
vn 0.1844 0.3520 0.9177
vn 0.6219 0.3966 0.6752
vn 0.8919 -0.0527 -0.4492
vn -0.0652 0.4340 0.8986
vn 0.0749 0.6032 0.7941
vn 0.1559 0.5621 0.8122
vn 0.7954 -0.0294 -0.6053
vn -0.3637 -0.1058 0.9255
vn -0.3556 0.5018 0.7885
vn 0.2543 -0.1880 0.9487
vn -0.3666 0.1675 0.9152
vn 0.3860 -0.3174 0.8662
vn -0.4097 0.4767 -0.7778
vn -0.6557 -0.7283 -0.1993
vn 0.4128 -0.3077 0.8573
vn 0.1521 0.0931 0.9840
vn -0.2715 -0.4549 -0.8482
vn -0.0210 0.5173 0.8556
vn -0.2344 0.4614 0.8556
vn -0.3636 -0.4054 0.8387
vn -0.0875 -0.1865 0.9785
vn -0.3317 0.9432 -0.0181
vn -0.0201 -0.9963 -0.0841
vn -0.2566 0.6768 0.6900
vn -0.6184 0.4153 0.6671
vn 0.3490 -0.6262 -0.6972
vn -0.2702 -0.9368 -0.2223
vn -0.5683 -0.8019 -0.1844
vn -0.0992 0.4192 0.9025
vn -0.3602 0.0815 0.9293
vn -0.4429 0.7905 0.4230
vn 0.2605 0.5809 -0.7712
vn -0.4383 0.0112 0.8988
vn 0.5739 -0.5569 -0.6005
vn -0.0369 0.6437 0.7644
vn 0.6223 0.2001 0.7568
vn 0.2176 0.4433 0.8696
vn 0.8397 -0.1836 0.5112
vn 0.7068 0.2940 0.6434
vn 0.8123 0.2563 0.5239
vn 0.9138 0.1056 0.3922
vn 0.9155 -0.0009 -0.4023
vn 0.6610 0.1075 0.7427
vn 0.7740 0.2051 0.5990
vn 0.8307 0.1525 0.5354
vn 0.8879 0.1245 -0.4429
vn 0.6376 0.0386 0.7694
vn 0.8079 0.0859 0.5830
vn 0.8658 0.1336 -0.4823
vn 0.3507 0.3880 0.8523
vn 0.6002 0.6370 0.4838
vn 0.6596 0.6052 0.4456
vn 0.3282 0.2912 0.8986
vn 0.4368 0.2943 0.8501
vn 0.4837 0.7509 0.4497
vn 0.7322 0.3938 0.5557
vn 0.4514 0.1693 0.8761
vn 0.6962 0.2563 0.6706
vn 0.4299 0.1188 0.8950
vn 0.3605 -0.0284 0.9323
vn 0.3993 0.2467 0.8830
vn -0.3265 0.7351 0.5941
vn 0.8761 -0.1541 0.4568
vn -0.2132 0.8550 -0.4727
vn 0.8435 -0.3286 -0.4249
vn -0.0466 -0.2425 -0.9690
vn -0.5428 0.7026 0.4602
vn -0.6519 0.4141 -0.6353
vn 0.5171 0.6613 0.5435
vn 0.4444 0.8808 0.1635
vn 0.8274 0.5541 0.0915
vn 0.5141 0.8187 0.2557
vn 0.8904 0.4506 0.0645
vn 0.4890 0.8675 -0.0916
vn 0.9571 0.2679 -0.1107
vn -0.1504 0.8141 0.5610
vn -0.1973 0.9732 0.1184
vn -0.2224 0.9741 0.0420
vn -0.0231 0.4208 0.9069
vn -0.1015 0.6096 0.7862
vn -0.1817 0.5440 0.8192
vn -0.1446 0.6803 0.7186
vn 0.1343 0.2262 0.9648
vn -0.3551 0.9118 0.2060
vn -0.2231 0.9648 0.1389
vn -0.2036 0.9750 0.0891
vn -0.1011 0.3696 0.9237
vn -0.1522 0.7245 0.6723
vn -0.2551 0.9332 0.2532
vn -0.1412 0.5867 0.7974
vn -0.1549 0.5116 0.8451
vn -0.1565 0.7132 0.6832
vn -0.2632 0.4067 0.8748
vn -0.2439 0.9650 0.0969
vn -0.1648 0.4431 0.8812
vn -0.5231 0.7662 0.3732
vn -0.5760 0.7662 0.2848
vn -0.5316 0.8443 0.0671
vn -0.0309 0.5201 0.8536
vn 0.3607 0.8056 0.4700
vn 0.2993 0.5562 0.7753
vn -0.4550 0.7992 0.3929
vn -0.1012 0.9260 0.3636
vn -0.1520 0.9227 0.3544
vn -0.1547 0.9812 0.1156
vn 0.0155 0.7596 0.6502
vn -0.0918 0.8405 0.5339
vn 0.3654 0.6910 0.6237
vn -0.0666 0.8409 0.5371
vn 0.1556 0.8679 0.4717
vn 0.2106 0.8293 0.5176
vn 0.2751 0.8464 0.4559
vn 0.7392 -0.1061 0.6651
vn 0.8864 -0.3739 0.2728
vn 0.7469 -0.6131 -0.2573
vn 0.5143 -0.5062 -0.6923
vn 0.7435 -0.6237 -0.2411
vn 0.2098 0.9079 0.3628
vn 0.1013 0.9898 0.1002
vn 0.1792 0.8753 0.4491
vn 0.5287 0.6889 0.4959
vn 0.5340 0.6729 0.5118
vn 0.3967 0.8577 0.3270
vn 0.2738 0.7037 0.6556
vn 0.4001 0.8119 0.4252
vn 0.5593 0.7247 0.4025
vn 0.4721 0.7815 0.4080
vn -0.0693 0.5120 0.8562
vn -0.4332 0.7333 0.5241
vn 0.6644 0.2352 0.7094
vn -0.6971 0.7149 0.0544
vn -0.6519 0.7548 -0.0737
vn 0.8711 -0.3134 -0.3782
vn -0.0283 0.7153 -0.6983
vn 0.7086 0.1511 0.6893
vn 0.8666 -0.3316 0.3729
vn 0.9509 -0.2847 0.1211
vn 0.9903 -0.0218 -0.1370
vn 0.6349 0.1435 -0.7591
vn 0.8780 -0.2191 0.4256
vn 0.9299 0.0315 0.3663
vn 0.9704 -0.0046 0.2416
vn 0.9786 -0.1647 -0.1230
vn 0.6786 -0.2262 -0.6988
vn 0.7674 0.0052 0.6411
vn 0.9187 -0.2492 0.3065
vn 0.9684 -0.2115 0.1322
vn 0.7685 -0.4189 -0.4836
vn 0.7416 -0.4892 -0.4590
vn 0.9616 -0.2540 -0.1036
vn 0.7109 -0.2858 0.6426
vn -0.0431 0.0141 -0.9990
vn 0.6870 -0.0134 -0.7265
vn -0.2234 -0.3020 0.9268
vn 0.7060 0.3404 -0.6211
vn 0.1195 0.9440 -0.3076
vn 0.6614 0.7493 0.0324
vn 0.2484 0.9578 0.1446
vn 0.4911 0.8658 -0.0955
vn -0.2089 0.8037 0.5572
vn -0.1473 0.6965 0.7023
vn 0.0905 0.7460 0.6597
vn 0.0200 0.8529 0.5216
vn -0.0339 0.8975 0.4398
vn -0.4800 0.6994 0.5296
vn 0.1100 0.2972 0.9485
vn 0.3984 0.9065 -0.1400
vn 0.6386 0.7391 -0.2145
vn 0.7848 0.5717 -0.2392
vn 0.3302 0.9255 -0.1853
vn 0.1145 0.5563 0.8231
vn 0.0409 0.9465 0.3202
vn 0.5148 0.1323 -0.8470
vn 0.1701 0.1121 0.9790
vn 0.1711 0.6000 0.7815
vn 0.7367 -0.2131 0.6418
vn 0.5746 -0.1388 -0.8066
vn 0.5826 -0.5049 0.6369
vn 0.6485 -0.2936 0.7023
vn 0.6426 -0.2692 0.7174
vn 0.7782 -0.2989 -0.5524
vn 0.5159 -0.0747 0.8534
vn 0.8055 -0.0702 0.5884
vn 0.8567 -0.2552 -0.4482
vn 0.6008 -0.0536 0.7976
vn 0.7770 -0.0570 0.6269
vn 0.4715 0.7656 0.4376
vn 0.7981 0.1719 0.5774
vn -0.2638 0.8730 0.4102
vn -0.0252 0.7830 0.6215
vn -0.0416 0.8774 0.4780
vn 0.4374 0.4278 0.7910
vn 0.4462 0.7739 0.4494
vn 0.7785 0.4499 0.4377
vn 0.5259 0.7479 0.4050
vn 0.7908 0.4855 0.3727
vn 0.4950 0.2434 0.8341
vn 0.7822 0.3220 0.5334
vn 0.4333 -0.0702 0.8985
vn 0.2228 -0.2554 0.9408
vn 0.5596 -0.3320 0.7594
vn 0.1739 -0.2739 0.9459
vn 0.5039 -0.2234 0.8344
vn -0.0137 0.0881 0.9960
vn 0.4909 0.2062 0.8465
vn 0.0059 0.4603 0.8877
vn -0.0148 0.7694 0.6386
vn 0.0307 0.8735 0.4858
vn 0.1557 -0.9175 0.3660
vn 0.6308 -0.5879 0.5064
vn 0.0731 -0.6699 0.7389
vn 0.1421 -0.1165 0.9830
vn 0.5937 -0.0809 0.8006
vn 0.0423 -0.0201 0.9989
vn -0.1221 -0.1771 0.9766
vn -0.2259 -0.4695 0.8535
vn -0.2433 -0.6182 0.7474
vn -0.4264 -0.6886 0.5866
vn -0.8357 -0.1964 0.5129
vn -0.4144 -0.3490 0.8405
vn 0.5130 0.3566 0.7808
vn -0.7888 0.4465 -0.4224
vn 0.3837 0.5257 0.7592
vn 0.4867 0.6894 0.5365
vn 0.5202 0.6575 0.5450
vn 0.6188 0.7377 0.2699
vn 0.5245 -0.6117 0.5923
vn 0.3317 -0.9321 0.1454
vn -0.1158 -0.0780 0.9902
vn -0.3677 -0.4536 0.8118
vn -0.6113 -0.4238 0.6684
vn -0.4868 -0.3476 0.8014
vn -0.6939 -0.3665 0.6199
vn -0.7981 -0.4699 0.3773
vn -0.6165 -0.6416 0.4563
vn -0.8055 -0.5804 0.1195
vn -0.7253 -0.6880 0.0247
vn -0.8775 -0.4440 -0.1812
vn 0.5033 0.7461 0.4360
vn 0.4585 0.8571 0.2350
vn 0.4778 0.8176 0.3213
vn 0.3438 0.9387 -0.0258
vn 0.1130 0.7514 0.6501
vn 0.4185 0.4260 0.8021
vn 0.4838 0.6605 0.5741
vn 0.6527 -0.0659 0.7548
vn 0.7288 0.6428 0.2359
vn 0.9917 -0.1017 0.0782
vn 0.4720 0.6623 0.5819
vn 0.7938 -0.1515 0.5890
vn 0.7328 -0.6698 0.1198
vn 0.4684 -0.7570 0.4556
vn 0.5645 -0.7505 0.3436
vn 0.8256 -0.5524 0.1148
vn 0.8407 -0.2864 0.4595
vn 0.8099 -0.2841 0.5132
vn 0.5295 -0.6592 0.5339
vn 0.0747 -0.9969 -0.0264
vn -0.9125 -0.3671 0.1807
vn -0.1162 -0.9673 -0.2254
vn -0.9436 -0.3294 -0.0344
vn -0.9142 -0.4050 0.0115
vn 0.5214 0.5996 0.6071
vn 0.4724 0.7840 0.4028
vn 0.5725 0.6299 0.5249
vn 0.4630 0.8710 0.1646
vn 0.3627 0.9187 -0.1561
vn 0.2795 0.8405 -0.4642
vn 0.4602 0.0591 0.8859
vn 0.5615 0.3952 0.7270
vn 0.5077 0.2368 0.8283
vn 0.2147 0.1942 0.9572
vn 0.0667 0.9251 0.3739
vn 0.3637 -0.6666 0.6507
vn 0.6958 -0.6826 0.2232
vn 0.7684 -0.5389 0.3450
vn 0.6260 -0.4998 0.5986
vn 0.8233 -0.4390 0.3597
vn 0.8036 -0.3820 0.4563
vn 0.7988 -0.3510 0.4887
vn 0.7911 -0.3642 0.4915
vn 0.8127 -0.2354 0.5330
vn 0.8410 -0.3915 0.3735
vn 0.8135 -0.5815 -0.0041
vn 0.7954 -0.5830 -0.1658
vn 0.7625 -0.4976 -0.4135
vn 0.5274 -0.7104 -0.4660
vn 0.8558 -0.4854 0.1787
vn 0.8975 -0.4409 0.0040
vn 0.8636 -0.4660 -0.1923
vn 0.6581 0.6804 0.3223
vn 0.9590 0.1960 0.2046
vn 0.1564 0.9512 0.2659
vn 0.9513 0.2730 0.1429
vn 0.1137 0.9893 0.0910
vn 0.7869 0.5294 -0.3171
vn 0.1615 0.9837 -0.0796
vn 0.1844 0.6807 -0.7090
vn 0.3248 0.5908 0.7385
vn 0.2719 0.7831 0.5593
vn 0.4356 0.5982 0.6726
vn -0.0954 0.8926 -0.4405
vn 0.5395 0.1873 0.8209
vn 0.2263 0.4349 0.8716
vn 0.2408 0.6373 0.7320
vn 0.6112 0.3582 0.7057
vn 0.5614 -0.3689 0.7408
vn 0.5385 -0.6221 0.5683
vn 0.5687 -0.7441 0.3506
vn 0.3740 -0.1767 0.9104
vn 0.6863 -0.3357 0.6452
vn 0.6125 -0.3745 0.6961
vn 0.7549 -0.3254 0.5694
vn 0.8024 -0.2583 0.5380
vn 0.5712 -0.4419 -0.6917
vn 0.7293 -0.1678 0.6633
vn 0.8286 -0.1959 0.5244
vn 0.9634 -0.2484 0.1004
vn 0.9557 -0.2936 0.0199
vn 0.9102 -0.3428 -0.2322
vn 0.5974 -0.4371 -0.6724
vn 0.4277 -0.3899 -0.8155
vn 0.6103 0.0434 0.7910
vn 0.8849 0.2128 0.4144
vn 0.4634 0.1332 -0.8761
vn 0.3822 0.5171 0.7658
vn 0.0344 0.8606 -0.5081
vn 0.2661 0.4164 0.8694
vn 0.2094 0.5367 0.8174
vn 0.4915 0.3053 0.8156
vn 0.1905 0.4959 0.8472
vn 0.1446 0.6546 0.7420
vn 0.4448 0.0873 0.8914
vn 0.7376 -0.4349 0.5164
vn 0.7838 -0.4219 0.4557
vn 0.7507 -0.4370 0.4954
vn 0.5385 0.0178 0.8425
vn 0.6563 -0.1917 0.7298
vn 0.6955 -0.2107 0.6869
vn 0.7185 -0.2349 0.6547
vn 0.3186 -0.3276 -0.8895
vn 0.6565 -0.2545 0.7101
vn 0.6221 -0.1045 0.7760
vn 0.6882 0.0288 -0.7250
vn 0.3425 0.1444 0.9283
vn 0.5054 0.3270 0.7985
vn 0.1338 0.4488 0.8836
vn 0.0416 0.5504 0.8339
vn 0.0001 0.7158 0.6983
vn 0.0909 0.3548 0.9305
vn 0.0110 0.2264 0.9740
vn 0.0703 0.3461 0.9356
vn 0.8536 -0.0699 0.5161
vn 0.2398 -0.7398 0.6286
vn 0.2405 -0.7789 0.5792
vn 0.7464 -0.3207 0.5831
vn 0.0035 0.1187 0.9929
vn 0.4085 -0.0400 0.9119
vn -0.1236 -0.6321 0.7650
vn -0.1708 -0.4468 0.8782
vn -0.1738 -0.0123 0.9847
vn -0.2001 0.3889 0.8993
vn -0.1351 0.5296 0.8374
vn -0.0662 0.7012 0.7099
vn -0.2675 0.2732 0.9240
vn -0.3076 0.2165 0.9265
vn -0.3278 0.2636 0.9072
vn -0.6953 -0.4292 0.5765
vn -0.7022 -0.7045 0.1024
vn -0.4448 0.0366 0.8949
vn -0.4403 -0.1808 0.8795
vn -0.6688 -0.3966 0.6289
vn -0.7047 -0.4344 0.5610
vn -0.6891 -0.3619 0.6279
vn -0.6397 -0.2156 0.7377
vn -0.6630 0.0442 0.7473
vn -0.4843 0.2407 0.8411
vn -0.3244 0.3150 0.8919
vn -0.3197 0.4592 0.8288
vn 0.3506 0.2949 0.8889
vn 0.4146 0.4865 0.7690
vn 0.4885 0.6859 0.5394
vn 0.6763 0.5252 0.5165
vn 0.2828 0.2585 0.9237
vn 0.1132 0.1115 0.9873
vn 0.1648 0.1983 0.9662
vn 0.2752 0.1368 0.9516
vn 0.0844 0.0241 0.9961
vn 0.2531 0.0664 0.9651
vn 0.0534 -0.0580 0.9969
vn 0.2065 -0.0579 0.9767
vn -0.0227 -0.2859 0.9580
vn 0.0519 0.4136 0.9090
vn 0.2415 0.4068 0.8810
vn 0.6049 0.4853 0.6314
vn -0.0537 0.3776 0.9244
vn -0.1116 0.1858 0.9762
vn -0.0781 0.0786 0.9938
vn -0.0827 0.2053 0.9752
vn -0.1320 -0.0149 0.9911
vn -0.3248 -0.1619 0.9318
vn -0.1783 -0.1790 0.9676
vn -0.4342 -0.2841 0.8549
vn 0.1151 -0.0424 0.9924
vn -0.4240 0.0288 0.9052
vn -0.6588 -0.0206 0.7520
vn -0.3571 0.0167 0.9339
vn -0.6285 0.1608 0.7610
vn -0.4294 -0.0806 0.8995
vn -0.5433 -0.1283 0.8297
vn -0.5389 -0.2664 0.7991
vn -0.6382 -0.3369 0.6922
vn 0.6323 -0.3299 0.7009
vn 0.5869 -0.1881 0.7875
vn 0.4602 -0.1161 0.8802
vn 0.3006 -0.4910 0.8177
vn -0.4442 0.1832 0.8770
vn 0.0621 0.0028 0.9981
vn -0.6826 -0.1513 0.7149
vn -0.1940 -0.1873 0.9630
vn -0.3643 -0.4198 -0.8313
vn 0.3507 -0.8086 -0.4724
vn -0.3147 -0.4226 -0.8499
vn -0.6784 -0.3204 0.6611
vn -0.4812 -0.4618 0.7451
vn 0.2645 0.5322 -0.8042
vn -0.8613 -0.0745 -0.5026
vn -0.5746 -0.7689 0.2804
vn -0.6169 -0.7687 -0.1689
vn -0.6826 -0.6482 -0.3375
vn 0.5040 0.0428 0.8626
vn 0.6768 -0.2108 0.7054
vn 0.6532 -0.1395 0.7442
vn 0.7969 -0.2552 0.5476
vn 0.7085 -0.2098 0.6738
vn 0.8258 -0.1988 0.5277
vn 0.7730 -0.2611 0.5782
vn 0.7732 -0.2546 0.5808
vn 0.5176 -0.1533 0.8418
vn 0.7219 -0.3451 0.5998
vn 0.4629 -0.4168 0.7823
vn 0.9041 -0.3756 0.2040
vn 0.6082 -0.4757 0.6354
vn 0.4907 -0.6222 0.6099
vn -0.0121 -0.5199 -0.8541
vn 0.6547 -0.7113 -0.2558
vn -0.4002 0.4746 0.7840
vn -0.8664 0.2716 0.4191
vn 0.7920 -0.4423 0.4209
vn 0.3694 -0.8390 0.3996
vn 0.0640 -0.8328 -0.5499
vn 0.8717 -0.2610 0.4149
vn 0.1304 0.2568 0.9576
vn 0.1517 -0.0447 0.9874
vn 0.1612 0.4067 0.8992
vn 0.5688 -0.0678 0.8197
vn 0.1416 -0.5425 0.8280
vn 0.0862 -0.4210 0.9030
vn -0.0193 -0.1649 0.9861
vn 0.6936 -0.2923 0.6584
vn -0.1068 -0.8661 0.4883
vn -0.2530 -0.6264 0.7373
vn -0.4649 -0.7560 0.4609
vn -0.5498 -0.6820 0.4822
vn 0.9094 -0.2444 0.3364
vn -0.4209 -0.7123 0.5617
vn -0.0280 -0.8257 -0.5634
vn -0.2120 -0.9573 0.1965
vn -0.4187 -0.3032 0.8560
vn -0.3843 0.0960 0.9182
vn -0.3366 -0.0862 0.9377
vn -0.5783 -0.2030 0.7902
vn -0.6562 -0.3125 0.6868
vn -0.8187 -0.3743 0.4354
vn -0.7061 -0.3821 0.5962
vn -0.6830 0.0010 0.7304
vn -0.2024 -0.3516 0.9140
vn 0.3684 -0.8469 0.3834
vn 0.7143 -0.5695 0.4068
vn -0.1511 0.1121 -0.9821
vn 0.3544 -0.7892 0.5015
vn -0.8836 -0.2993 0.3601
vn 0.8436 -0.5200 0.1337
vn 0.9235 -0.3835 -0.0063
vn 0.8772 -0.4797 -0.0209
vn 0.8945 -0.4021 -0.1955
vn 0.6026 -0.7957 0.0609
vn -0.9188 -0.1828 0.3498
vn -0.5590 -0.1801 0.8094
vn -0.4558 -0.1186 0.8821
vn 0.1740 -0.9719 0.1587
vn -0.8378 -0.4169 0.3524
vn 0.5317 0.0375 0.8461
vn 0.5807 -0.0407 0.8131
vn 0.5819 -0.0671 0.8105
vn 0.5740 -0.2150 0.7901
vn 0.7526 -0.3152 0.5781
vn 0.1890 -0.9461 -0.2631
vn 0.8174 0.0123 -0.5760
vn -0.7073 0.5970 0.3786
vn -0.7033 0.7054 0.0881
vn -0.8320 0.5392 0.1304
vn -0.8908 0.4496 -0.0659
vn -0.8558 0.5173 -0.0081
vn -0.8973 0.4388 -0.0468
vn -0.9489 0.2640 -0.1729
vn 0.0937 0.6678 0.7384
vn 0.6653 0.7256 0.1760
vn 0.7683 0.6401 0.0002
vn 0.7392 0.6324 -0.2314
vn 0.6915 0.3250 -0.6452
vn 0.3480 -0.0836 -0.9338
vn -0.3226 0.3215 0.8903
vn -0.9037 -0.2098 -0.3732
vn 0.7732 0.4366 -0.4599
vn 0.0005 0.2327 -0.9726
vn -0.7682 0.2217 0.6006
vn -0.5313 -0.0909 0.8423
vn -0.1879 -0.2953 -0.9368
vn -0.4119 0.0442 -0.9102
vn -0.4217 -0.1595 -0.8926
vn -0.2081 0.6836 0.6996
vn -0.7370 0.5574 0.3823
vn -0.7132 0.5875 0.3823
vn -0.6358 0.2735 0.7218
vn -0.7214 0.4078 0.5597
vn -0.5259 -0.0445 0.8494
vn -0.3873 -0.3336 0.8595
vn -0.5235 -0.4347 0.7328
vn -0.3885 -0.3280 0.8611
vn -0.4349 -0.1777 0.8828
vn -0.4105 0.0706 0.9091
vn -0.5507 -0.2230 0.8044
vn -0.4490 0.7538 0.4798
vn -0.8031 0.1091 0.5857
vn -0.1238 0.7077 0.6956
vn -0.0380 0.8455 0.5326
vn 0.0938 0.6490 0.7550
vn 0.1686 0.8114 0.5597
vn 0.1627 0.9813 -0.1027
vn -0.0719 0.8921 -0.4460
vn -0.2460 0.8579 -0.4511
vn -0.7296 0.5787 -0.3643
vn -0.4257 0.4953 0.7573
vn -0.2183 0.3650 0.9050
vn -0.3860 0.4512 -0.8046
vn -0.3250 0.0943 0.9410
vn -0.4396 0.2118 0.8729
vn -0.7349 -0.4668 0.4919
vn -0.7351 -0.3709 0.5675
vn -0.6260 -0.2405 0.7418
vn -0.6589 -0.4168 -0.6262
vn -0.5782 -0.2828 -0.7653
vn -0.6296 -0.2312 -0.7417
vn -0.6716 -0.1207 0.7311
vn -0.7043 0.1871 -0.6848
vn -0.8310 -0.1128 0.5448
vn -0.7330 -0.4953 0.4663
vn -0.4206 -0.2572 0.8700
vn 0.0794 0.8433 0.5315
vn -0.3219 0.7756 0.5430
vn -0.2430 0.6413 0.7278
vn -0.3058 0.7170 0.6264
vn -0.5244 0.7090 0.4716
vn -0.4911 0.7440 0.4531
vn -0.1720 0.5467 0.8195
vn 0.0151 0.7752 0.6316
vn -0.0055 0.5326 -0.8464
vn -0.8381 -0.4398 0.3228
vn -0.9016 -0.2974 0.3141
vn -0.8705 -0.3217 0.3726
vn -0.8882 0.2585 -0.3798
vn -0.3728 0.1014 -0.9224
vn -0.8152 -0.3648 0.4498
vn -0.8684 -0.1483 0.4732
vn -0.9415 0.0372 0.3350
vn -0.7556 -0.2291 -0.6136
vn -0.5488 -0.1656 -0.8194
vn -0.7930 -0.1964 0.5768
vn -0.9639 -0.1855 0.1913
vn -0.9328 -0.3377 0.1260
vn -0.8499 -0.4910 -0.1912
vn -0.8270 -0.3817 -0.4128
vn -0.8260 -0.2103 0.5229
vn -0.9330 -0.3561 -0.0521
vn 0.6856 -0.1105 -0.7196
vn -0.9202 0.0040 -0.3915
vn -0.5787 0.8154 -0.0123
vn -0.7296 0.6836 -0.0194
vn -0.3236 0.9351 0.1445
vn -0.5460 0.5918 0.5930
vn -0.4035 0.6370 0.6568
vn -0.5154 0.7068 0.4845
vn -0.2293 0.8360 0.4985
vn -0.2010 0.7703 0.6051
vn -0.1901 0.9051 0.3804
vn -0.9356 -0.2459 0.2535
vn -0.8687 -0.4924 0.0530
vn -0.2668 -0.6357 -0.7243
vn -0.7300 -0.5237 -0.4391
vn -0.9964 -0.0839 -0.0155
vn -0.9830 0.1742 -0.0579
vn -0.9714 0.0093 0.2373
vn -0.9904 -0.0715 0.1183
vn -0.0834 0.9513 0.2969
vn -0.1949 0.7405 0.6432
vn 0.3434 0.0811 0.9357
vn 0.5236 0.8128 0.2552
vn 0.6342 0.5955 0.4930
vn 0.6027 0.7840 0.1487
vn 0.4144 0.8488 0.3284
vn 0.2782 0.6589 0.6989
vn -0.0822 0.8003 0.5940
vn -0.4283 0.7833 0.4506
vn -0.2263 0.7247 0.6508
vn 0.3335 0.8612 0.3836
vn 0.3875 0.9193 0.0690
vn 0.4277 0.8998 0.0862
vn 0.3406 0.9395 0.0360
vn 0.4066 0.9092 0.0894
vn 0.1430 0.3312 0.9326
vn 0.2147 0.6783 0.7027
vn 0.1989 0.5044 0.8403
vn 0.0988 0.6165 0.7811
vn 0.2951 0.4380 0.8492
vn -0.0038 0.8672 0.4979
vn -0.0178 0.9948 0.1003
vn -0.0111 0.9996 -0.0255
vn 0.0247 0.4529 0.8912
vn -0.0074 0.5321 0.8466
vn 0.0932 0.4943 0.8643
vn 0.1145 0.6395 0.7602
vn 0.2209 0.5787 0.7851
vn -0.1148 0.1362 0.9840
vn -0.1397 0.8909 0.4322
vn -0.1464 0.9855 0.0862
vn -0.1164 0.9929 0.0234
vn -0.0368 0.5678 0.8224
vn -0.1176 0.5165 0.8482
vn -0.1344 0.3824 0.9142
vn 0.0168 0.6273 0.7786
vn -0.2667 -0.1529 0.9516
vn 0.0329 0.8491 0.5272
vn 0.1233 0.9894 0.0771
vn 0.1176 0.9917 0.0523
vn -0.1299 0.5502 0.8249
vn -0.0311 0.5088 0.8603
vn -0.4932 0.2101 0.8441
vn -0.4082 0.0471 0.9117
vn -0.6123 -0.7254 0.3147
vn -0.5637 -0.8121 -0.1508
vn -0.7187 -0.6505 0.2454
vn -0.7390 -0.6629 0.1202
vn -0.8727 -0.4851 0.0562
vn -0.7468 -0.6650 -0.0108
vn -0.8066 -0.5874 -0.0662
vn -0.1704 0.4807 0.8602
vn -0.1633 0.6505 0.7418
vn -0.3905 0.0576 0.9188
vn -0.6755 -0.4852 0.5552
vn -0.5153 -0.8320 0.2057
vn -0.8452 -0.5021 0.1833
vn -0.3865 -0.3048 0.8705
vn -0.6365 -0.4798 0.6039
vn -0.4237 -0.1973 0.8840
vn -0.6613 -0.4813 0.5754
vn -0.6813 -0.4457 0.5807
vn -0.7062 -0.4721 0.5276
vn -0.7531 -0.3198 0.5749
vn -0.7836 -0.1512 0.6026
vn -0.6381 -0.0201 0.7697
vn -0.3169 0.0334 -0.9479
vn -0.4796 -0.4036 -0.7792
vn -0.8646 0.0433 -0.5006
vn -0.5376 0.3985 0.7431
vn -0.6391 0.3192 0.6997
vn -0.1854 0.7930 -0.5803
vn -0.5758 0.2190 0.7877
vn -0.6164 0.1423 0.7745
vn -0.4546 0.4619 0.7616
vn -0.5353 0.3684 0.7601
vn -0.5235 0.5887 0.6159
vn -0.7492 -0.4725 0.4641
vn -0.3791 -0.5296 0.7588
vn -0.4381 -0.5084 0.7414
vn -0.5401 -0.3851 0.7483
vn -0.6968 -0.5862 0.4134
vn -0.6988 -0.4646 0.5439
vn -0.7072 -0.4836 0.5158
vn -0.7156 -0.4510 0.5334
vn -0.6905 -0.4221 0.5874
vn -0.6784 -0.4852 0.5517
vn -0.6858 -0.6814 0.2557
vn -0.8359 -0.4545 0.3078
vn -0.8564 -0.4899 0.1629
vn -0.8698 -0.4897 -0.0601
vn -0.8037 -0.5387 -0.2528
vn -0.7462 -0.5561 -0.3659
vn -0.6032 -0.5516 -0.5761
vn -0.5532 -0.5110 -0.6579
vn -0.9357 -0.0089 0.3526
vn -0.9295 -0.3682 0.0231
vn -0.9923 -0.1176 -0.0390
vn -0.9734 0.0441 -0.2248
vn -0.6120 0.4582 0.6446
vn -0.5882 0.4735 0.6556
vn -0.5630 0.7271 0.3928
vn -0.5669 0.8213 0.0639
vn -0.5498 0.8226 -0.1455
vn -0.5120 0.7681 -0.3846
vn -0.5800 0.1295 0.8043
vn -0.5097 0.3209 0.7983
vn 0.0733 0.2464 0.9664
vn -0.1086 0.8225 0.5582
vn -0.3318 -0.8189 0.4682
vn -0.6463 -0.5016 0.5750
vn -0.6205 -0.7420 0.2537
vn -0.7951 -0.4735 0.3790
vn -0.7054 -0.5413 0.4576
vn -0.7783 -0.4465 0.4414
vn -0.7785 -0.4819 0.4021
vn -0.7883 -0.5187 0.3311
vn -0.8744 -0.4762 0.0932
vn -0.7089 -0.7044 0.0359
vn -0.8076 -0.5843 -0.0798
vn -0.6110 -0.7627 -0.2118
vn -0.5771 -0.6993 -0.4219
vn -0.4984 -0.6327 -0.5927
vn -0.8180 -0.5751 0.0124
vn -0.6680 0.5416 0.5104
vn -0.7741 0.6263 0.0922
vn -0.7687 0.6162 -0.1714
vn -0.7231 0.5910 -0.3575
vn -0.6220 0.4638 0.6309
vn -0.7893 0.4914 0.3681
vn -0.7992 0.5984 0.0566
vn -0.8177 0.5527 -0.1611
vn -0.8255 0.5029 -0.2562
vn -0.7501 0.5512 -0.3653
vn -0.9305 0.1689 0.3251
vn -0.6901 0.1094 0.7154
vn -0.5434 0.4290 0.7216
vn -0.5384 -0.7885 0.2971
vn -0.6608 -0.7156 0.2265
vn -0.3887 -0.9204 -0.0426
vn -0.8394 -0.4661 0.2797
vn -0.5716 -0.2566 0.7794
vn -0.8359 -0.4082 0.3668
vn -0.1397 -0.9038 0.4045
vn -0.8248 -0.5434 0.1562
vn 0.0601 -0.1996 0.9780
vn 0.3457 -0.9366 -0.0567
vn 0.5272 -0.8378 -0.1418
vn -0.8868 0.4601 0.0442
vn -0.8641 0.4786 -0.1559
vn -0.6739 -0.1166 0.7296
vn -0.4757 -0.6318 0.6119
vn -0.3153 -0.9383 0.1423
vn 0.1305 -0.2742 0.9528
vn 0.3009 -0.1278 0.9451
vn 0.6243 -0.3773 0.6840
vn 0.6074 -0.3160 0.7288
vn 0.6764 -0.3452 0.6506
vn 0.9198 -0.3403 0.1953
vn 0.9390 -0.3429 -0.0268
vn 0.5688 -0.5537 0.6081
vn 0.9009 -0.4085 0.1464
vn 0.9224 -0.3854 0.0240
vn 0.6608 -0.6832 0.3107
vn 0.7649 -0.6415 0.0590
vn -0.4465 -0.8708 0.2056
vn -0.3727 -0.8450 0.3835
vn -0.2431 -0.3391 0.9088
vn -0.0420 -0.1188 0.9920
vn 0.0066 -0.0411 0.9991
vn 0.0646 -0.1336 0.9889
vn 0.4279 -0.3095 0.8492
vn 0.1499 -0.4969 0.8548
vn 0.2310 -0.5570 0.7977
vn 0.4554 0.0231 0.8900
vn 0.8792 -0.2256 0.4196
vn 0.9670 -0.2251 0.1192
vn 0.6946 0.1326 0.7070
vn 0.8996 0.0342 0.4354
vn 0.9934 -0.1143 0.0019
vn 0.7736 -0.1399 0.6180
vn 0.9211 -0.2485 0.2996
vn 0.9488 -0.3059 -0.0784
vn -0.5585 -0.8277 0.0545
vn -0.5797 -0.4240 0.6959
vn -0.6416 -0.0987 0.7607
vn -0.8686 -0.2544 0.4251
vn -0.6620 -0.0611 0.7470
vn -0.9485 -0.0014 0.3167
vn -0.5706 0.0962 0.8156
vn -0.8519 0.1892 0.4883
vn -0.3741 -0.1420 0.9164
vn -0.7553 -0.1448 0.6392
vn -0.4192 -0.0921 0.9032
vn 0.0884 0.2911 0.9526
vn 0.1508 0.2882 0.9456
vn 0.1312 0.3684 0.9204
vn 0.4182 0.1859 0.8891
vn 0.3377 0.0864 0.9373
vn 0.5932 -0.0640 0.8025
vn -0.9508 -0.2940 -0.0979
vn -0.9511 -0.3079 0.0231
vn -0.9709 0.2274 0.0757
vn -0.9176 0.3915 0.0684
vn -0.8920 0.2732 0.3602
vn -0.9084 0.3905 0.1493
vn -0.8266 0.0709 0.5583
vn -0.6190 0.4745 0.6258
vn -0.7921 0.5524 0.2598
vn -0.2584 0.3778 0.8891
vn -0.4119 0.4597 0.7868
vn -0.1462 0.3901 0.9091
vn -0.0469 0.3022 0.9521
vn -0.0592 0.3968 0.9160
vn -0.0393 0.1818 0.9825
vn -0.5251 -0.2558 0.8117
vn -0.4388 0.0493 0.8972
vn -0.2766 0.1420 0.9504
vn -0.1198 0.3139 0.9419
vn 0.1952 0.0935 0.9763
vn 0.1053 0.1068 0.9887
vn 0.2872 0.0991 0.9527
vn 0.0375 0.0508 0.9980
vn 0.3243 0.0226 0.9457
vn 0.0589 -0.0213 0.9980
vn 0.4083 -0.0625 0.9107
vn 0.2276 -0.1463 0.9627
vn 0.3514 -0.2499 0.9023
vn -0.6763 0.2687 0.6858
vn -0.4125 0.0242 0.9107
vn -0.5084 0.4056 0.7596
vn -0.1205 0.1121 0.9864
vn -0.3827 0.2256 0.8959
vn -0.1944 0.1040 0.9754
vn -0.3397 0.0985 0.9354
vn -0.2137 0.0039 0.9769
vn -0.3238 0.0711 0.9434
vn -0.2048 0.0019 0.9788
vn 0.0442 -0.1111 0.9928
vn -0.1983 -0.2257 0.9538
vn -0.3284 0.1190 0.9370
vn -0.4724 0.1688 0.8651
vn -0.6779 0.4254 0.5996
vn -0.8234 0.4653 -0.3247
vn -0.6115 0.4043 0.6801
vn -0.4685 0.0505 0.8820
vn -0.5431 0.2761 0.7930
vn -0.6586 0.5890 0.4682
vn -0.5170 0.0782 0.8524
vn -0.3751 0.0371 0.9262
vn -0.5118 0.0449 0.8579
vn -0.3739 -0.0175 0.9273
vn -0.5142 -0.0230 0.8574
vn -0.7975 0.3513 0.4905
vn -0.8894 0.4491 0.0858
vn -0.8791 0.4396 -0.1844
vn -0.8585 0.4215 -0.2922
vn -0.6937 0.0945 0.7140
vn -0.8075 0.2604 0.5293
vn -0.8850 0.4599 0.0723
vn -0.8904 0.4141 -0.1887
vn -0.8977 0.3443 -0.2748
vn -0.8863 0.3339 -0.3210
vn -0.8105 0.3636 0.4592
vn -0.6634 0.1697 0.7288
vn -0.7626 -0.0842 0.6414
vn -0.9039 0.2661 -0.3349
vn -0.8039 0.1699 0.5700
vn -0.8746 0.2154 0.4344
vn -0.8666 0.1408 0.4787
vn -0.7405 0.0643 0.6690
vn -0.8661 0.0903 0.4916
vn -0.7126 -0.0062 0.7015
vn -0.8452 0.0092 0.5344
vn -0.9501 0.3026 0.0752
vn -0.9263 0.3257 -0.1893
vn -0.9629 0.0143 0.2696
vn -0.9648 0.1694 -0.2010
vn -0.9273 0.1315 -0.3504
vn -0.9058 0.1563 0.3939
vn -0.9638 -0.0101 0.2665
vn -0.9797 -0.1223 -0.1586
vn -0.9265 -0.0687 -0.3701
vn -0.9267 0.1250 0.3544
vn -0.9739 0.1790 0.1398
vn -0.9734 0.1679 -0.1562
vn -0.9277 0.1161 -0.3547
vn -0.9209 0.0171 0.3895
vn -0.9815 0.0406 0.1870
vn -0.9794 0.0595 -0.1928
vn -0.9189 0.0432 -0.3921
vn 0.8605 -0.4216 0.2861
vn 0.8707 -0.4735 -0.1328
vn 0.5511 0.1362 0.8233
vn 0.7786 -0.0786 0.6226
vn 0.9159 -0.3471 0.2014
vn 0.8428 -0.4956 -0.2099
vn 0.6639 0.3684 0.6508
vn 0.9348 0.1040 0.3397
vn 0.9853 -0.1667 -0.0380
vn 0.8634 -0.3560 -0.3575
vn 0.8706 -0.1297 0.4746
vn 0.9515 -0.2081 0.2267
vn 0.9884 -0.1257 -0.0849
vn 0.8150 -0.1606 -0.5568
vn 0.7350 -0.2644 -0.6243
vn 0.5759 0.4636 0.6734
vn 0.9045 0.2446 0.3494
vn 0.9619 0.2692 -0.0470
vn 0.8467 0.0605 -0.5286
vn 0.7699 -0.6217 0.1439
vn 0.7428 -0.6284 0.2309
vn 0.8855 -0.4603 0.0639
vn 0.6537 -0.5617 -0.5070
vn 0.3068 0.2395 0.9211
vn 0.9540 0.0094 -0.2998
vn 0.5116 -0.3217 -0.7967
vn 0.5991 -0.8000 0.0328
vn 0.0581 -0.0246 -0.9980
vn 0.1842 -0.0616 0.9810
vn 0.3770 -0.4455 0.8121
vn 0.9445 -0.2431 -0.2208
vn 0.4694 0.2316 -0.8520
vn 0.5541 -0.0639 0.8300
vn 0.9751 0.2066 -0.0805
vn 0.8547 0.4896 -0.1724
vn 0.0395 0.3357 0.9411
vn 0.0684 0.4231 0.9035
vn 0.0805 0.5996 0.7962
vn 0.3661 0.4562 0.8111
vn -0.0214 0.0085 0.9997
vn 0.6382 0.0894 0.7646
vn 0.5765 -0.2387 -0.7815
vn -0.2217 0.4001 0.8892
vn 0.8504 -0.0300 -0.5253
vn 0.6093 -0.4874 -0.6255
vn -0.2271 0.1530 0.9618
vn 0.8741 -0.3329 -0.3537
vn 0.9739 -0.2120 -0.0809
vn 0.5602 -0.2558 -0.7879
vn 0.4460 -0.6549 -0.6100
vn -0.1326 -0.0613 0.9893
vn 0.0180 0.0493 0.9986
vn 0.9052 0.4140 -0.0959
vn 0.9088 0.3961 -0.1308
vn 0.2590 0.1190 -0.9585
vn 0.2578 0.0993 0.9611
vn 0.0802 0.2884 0.9541
vn -0.0706 0.6392 0.7658
vn 0.1073 0.9863 0.1254
vn 0.1096 0.9938 0.0184
vn -0.2520 0.4040 0.8794
vn -0.1889 0.4233 0.8861
vn -0.5964 -0.3350 0.7295
vn -0.6859 -0.7111 0.1544
vn -0.4439 -0.8567 -0.2627
vn -0.6313 -0.7407 -0.2298
vn -0.2341 -0.9664 0.1063
vn -0.8638 -0.5009 0.0538
vn -0.6121 0.3945 0.6853
vn -0.4280 0.8916 0.1482
vn -0.4453 0.8954 -0.0001
vn -0.4779 -0.2046 0.8542
vn -0.9176 -0.2284 0.3254
vn -0.7669 -0.6055 0.2126
vn -0.7698 -0.6381 0.0159
vn -0.6543 -0.7528 0.0724
vn -0.9973 0.0582 0.0450
vn -0.9990 0.0424 0.0160
vn -0.9425 -0.3340 0.0116
vn -0.7359 0.6206 0.2708
vn -0.4370 0.5087 0.7417
vn -0.7695 0.5009 0.3961
vn -0.8069 0.5552 0.2015
vn -0.5004 0.3760 0.7799
vn -0.6539 0.4499 0.6082
vn -0.2351 0.3475 0.9077
vn -0.5372 0.3577 0.7638
vn -0.4065 0.2126 0.8886
vn -0.5044 0.2406 0.8293
vn -0.9229 0.3729 0.0954
vn -0.8422 0.3413 0.4175
vn -0.9489 0.3077 0.0705
vn -0.8976 0.2151 0.3848
vn -0.9904 0.1338 -0.0344
vn -0.6714 0.1784 0.7193
vn -0.9546 0.1141 0.2753
vn -0.9831 -0.0538 -0.1750
vn -0.4426 0.3170 0.8388
vn -0.1657 0.5078 0.8454
vn -0.4826 0.4854 0.7290
vn -0.1975 -0.1084 0.9743
vn -0.4609 0.4872 0.7418
vn -0.3392 0.2522 0.9063
vn -0.3642 0.2757 0.8896
vn -0.3171 -0.1610 -0.9346
vn -0.2864 -0.7465 -0.6006
vn -0.6011 -0.0642 0.7966
vn -0.4349 -0.2238 -0.8722
vn -0.8109 -0.4389 -0.3872
vn -0.8043 0.1840 0.5650
vn -0.9972 0.0046 0.0744
vn -0.9347 -0.1807 -0.3060
vn -0.8551 0.3690 0.3642
vn -0.9705 0.2116 -0.1154
vn -0.8835 -0.0139 -0.4683
vn -0.6431 -0.0385 0.7648
vn -0.7993 0.1637 0.5782
vn -0.8817 0.4084 0.2362
vn -0.9265 0.3313 -0.1785
vn -0.9199 0.1930 -0.3414
vn -0.7375 0.1860 -0.6492
vn -0.6849 0.0107 0.7286
vn -0.9181 -0.3164 0.2387
vn -0.9165 -0.3809 0.1226
vn -0.8625 -0.4834 0.1496
vn -0.8144 -0.4120 -0.4087
vn -0.7178 -0.3952 -0.5732
vn -0.9099 0.1384 0.3911
vn -0.9992 -0.0100 0.0386
vn -0.6898 -0.7219 -0.0552
vn -0.9719 -0.0917 -0.2166
vn -0.9336 -0.2835 0.2190
vn -0.9322 -0.3602 -0.0343
vn -0.8988 -0.3638 -0.2446
vn -0.8701 -0.4780 0.1204
vn -0.8914 -0.4522 -0.0307
vn -0.9935 0.1128 0.0142
vn -0.9927 0.1042 -0.0603
vn -0.9708 -0.2385 -0.0247
vn 0.0296 0.9203 -0.3901
vn 0.7250 0.3484 -0.5942
vn 0.1848 0.3906 -0.9018
vn 0.7674 -0.4703 -0.4357
vn 0.4836 -0.0036 -0.8753
vn 0.6327 -0.7688 -0.0926
vn -0.0779 0.9425 -0.3250
vn -0.0226 0.5114 -0.8590
vn 0.2024 0.3599 -0.9108
vn 0.2928 -0.6455 0.7054
vn 0.8430 -0.5380 0.0003
vn 0.4282 0.2718 -0.8618
vn 0.7188 -0.3853 -0.5787
vn 0.3949 0.2827 -0.8742
vn 0.4860 -0.7922 0.3692
vn 0.7154 -0.4349 -0.5469
vn -0.0690 0.9486 -0.3087
vn -0.0448 0.5851 -0.8097
vn -0.0297 0.5420 -0.8398
vn 0.0530 0.5524 -0.8319
vn 0.3336 0.5400 -0.7727
vn 0.8329 -0.5459 0.0911
vn 0.5699 -0.5833 0.5788
vn 0.8009 -0.4872 -0.3481
vn 0.7096 -0.2164 -0.6706
vn 0.1641 0.8998 -0.4044
vn 0.1035 0.5978 -0.7950
vn 0.0432 0.4663 -0.8835
vn -0.1499 0.4999 -0.8530
vn -0.0644 0.8727 -0.4841
vn 0.1400 0.6099 -0.7800
vn 0.7573 -0.0050 -0.6531
vn 0.2780 0.2177 -0.9356
vn 0.7178 0.5201 -0.4629
vn 0.8694 0.3163 -0.3797
vn 0.6462 0.2894 -0.7062
vn 0.8369 0.1441 -0.5280
vn 0.7248 0.1229 -0.6779
vn 0.7969 -0.0422 -0.6026
vn 0.7465 -0.0708 -0.6616
vn 0.6343 0.6210 -0.4604
vn 0.7776 0.4216 -0.4664
vn 0.6106 0.3875 -0.6907
vn 0.7535 0.4863 -0.4425
vn 0.7793 0.3547 -0.5166
vn 0.7731 0.2935 -0.5623
vn 0.8411 0.1406 -0.5223
vn 0.5514 -0.1423 -0.8220
vn 0.7589 -0.1636 -0.6303
vn 0.1851 -0.3796 -0.9065
vn 0.7413 -0.5084 0.4382
vn 0.4738 -0.3439 0.8107
vn 0.9876 -0.0651 -0.1428
vn 0.9251 0.0560 -0.3755
vn 0.3859 -0.0862 0.9185
vn 0.6624 -0.1670 0.7303
vn 0.9772 0.0924 -0.1910
vn 0.8197 0.5170 0.2464
vn 0.6183 0.6570 -0.4314
vn 0.7397 0.5188 -0.4285
vn 0.6500 0.7586 0.0442
vn 0.6746 -0.2861 0.6805
vn 0.7121 0.6006 -0.3635
vn 0.7930 0.5420 0.2782
vn 0.9045 0.3878 -0.1777
vn 0.8895 0.2166 -0.4024
vn 0.9551 0.1867 -0.2301
vn 0.5551 0.0588 -0.8297
vn 0.8699 0.3852 -0.3082
vn 0.8563 0.3316 -0.3960
vn 0.2814 0.0561 -0.9580
vn 0.7297 0.1390 -0.6695
vn 0.0211 -0.1538 -0.9879
vn -0.2345 -0.4966 -0.8357
vn -0.1225 -0.4680 -0.8752
vn -0.3338 -0.4213 -0.8433
vn 0.8981 -0.3554 0.2590
vn 0.8178 0.1168 -0.5635
vn 0.3716 0.0813 -0.9248
vn 0.9755 0.0386 -0.2164
vn 0.8206 0.0542 -0.5689
vn 0.3047 -0.0190 -0.9523
vn 0.6971 0.2045 0.6872
vn 0.8578 0.0308 -0.5131
vn 0.2203 -0.0996 -0.9703
vn 0.0330 -0.1080 -0.9936
vn -0.1911 -0.1099 -0.9754
vn -0.3081 -0.2715 -0.9118
vn -0.7006 -0.4903 -0.5185
vn -0.5893 -0.5052 -0.6305
vn -0.7458 -0.4566 -0.4851
vn -0.7113 -0.3505 -0.6092
vn -0.6016 -0.4641 -0.6501
vn 0.4122 0.1101 -0.9044
vn 0.2217 -0.2419 -0.9446
vn 0.7544 -0.1511 -0.6388
vn 0.5884 -0.3746 -0.7165
vn 0.3211 -0.3693 -0.8720
vn 0.4284 -0.5169 -0.7411
vn -0.0039 -0.1753 -0.9845
vn -0.2523 -0.2917 -0.9226
vn 0.0954 -0.6235 -0.7760
vn 0.1259 -0.6239 -0.7713
vn 0.0696 -0.2162 -0.9739
vn -0.0779 -0.6972 -0.7126
vn 0.0096 -0.6396 -0.7686
vn -0.1775 -0.3617 -0.9152
vn -0.3925 -0.6087 -0.6896
vn -0.4529 0.4289 -0.7816
vn -0.1304 -0.9870 -0.0938
vn 0.4616 -0.4219 -0.7803
vn 0.8399 0.0076 -0.5426
vn 0.7728 0.0844 -0.6290
vn 0.7193 0.0817 -0.6898
vn 0.4444 -0.1627 -0.8809
vn -0.5209 -0.7497 -0.4081
vn -0.9973 -0.0156 -0.0714
vn 0.1283 0.9723 -0.1956
vn 0.9853 0.0004 -0.1708
vn 0.1778 0.0623 -0.9821
vn 0.7076 0.1209 -0.6962
vn 0.4691 0.0297 -0.8826
vn 0.6582 -0.0455 -0.7514
vn 0.4146 -0.0521 -0.9085
vn 0.6215 0.0398 -0.7824
vn 0.4118 0.0079 -0.9112
vn 0.5610 0.0334 -0.8271
vn 0.3859 -0.0156 -0.9224
vn -0.5245 -0.0091 -0.8514
vn 0.8962 0.0801 -0.4363
vn -0.8661 -0.0227 0.4994
vn -0.1411 0.8834 -0.4469
vn -0.0747 0.6165 -0.7838
vn 0.0058 0.4959 -0.8684
vn -0.0140 0.2364 -0.9715
vn -0.1145 0.9415 -0.3171
vn -0.1924 0.6904 -0.6974
vn -0.1081 0.3382 -0.9349
vn -0.2079 0.9536 -0.2179
vn -0.1889 0.7915 -0.5813
vn -0.2011 0.7688 -0.6071
vn -0.0984 0.5579 -0.8241
vn -0.0351 0.1666 -0.9854
vn -0.3323 0.5869 -0.7383
vn -0.6056 0.6430 -0.4689
vn -0.4224 0.4113 -0.8077
vn -0.4060 0.8381 -0.3644
vn -0.1450 0.6598 -0.7373
vn 0.0418 0.3740 -0.9265
vn 0.1509 0.3485 -0.9251
vn 0.1345 0.5116 -0.8486
vn -0.5013 0.7013 -0.5068
vn -0.0907 0.9685 -0.2319
vn -0.0223 0.7966 -0.6041
vn -0.0245 0.5058 -0.8623
vn -0.0186 0.4235 -0.9057
vn 0.0495 0.4938 -0.8682
vn 0.6383 0.7694 -0.0242
vn 0.8610 0.4506 -0.2358
vn 0.4355 0.5748 -0.6928
vn 0.8660 0.1940 -0.4609
vn 0.6674 0.1721 -0.7246
vn 0.4111 0.3188 -0.8540
vn 0.2306 0.5927 -0.7717
vn 0.2714 0.4601 -0.8454
vn 0.6261 0.5798 0.5214
vn -0.3374 0.8884 0.3112
vn -0.1713 0.9636 0.2052
vn 0.2436 0.9699 -0.0058
vn 0.2231 0.9492 -0.2220
vn 0.4477 0.4667 -0.7627
vn 0.6122 0.0481 -0.7893
vn 0.4847 0.0632 -0.8724
vn 0.5647 -0.0878 -0.8206
vn 0.5978 -0.0210 -0.8014
vn 0.5377 0.1933 -0.8206
vn 0.7173 0.5815 -0.3839
vn 0.6144 0.0541 -0.7872
vn 0.5657 -0.0613 -0.8223
vn 0.4371 -0.2708 -0.8577
vn -0.2007 0.7908 -0.5782
vn -0.2419 0.8579 0.4534
vn 0.0135 0.9987 -0.0501
vn 0.1702 0.8913 -0.4203
vn 0.1193 0.7695 -0.6274
vn 0.2888 0.1507 -0.9455
vn 0.3455 0.1339 -0.9288
vn 0.3645 0.1133 -0.9243
vn 0.4886 0.0297 -0.8720
vn 0.2960 0.0719 -0.9525
vn 0.7745 0.2915 -0.5615
vn 0.1836 0.1415 -0.9728
vn 0.6671 -0.0253 -0.7445
vn 0.1732 -0.0759 -0.9820
vn 0.6667 -0.0504 -0.7436
vn 0.2339 0.0423 -0.9713
vn 0.1935 -0.4354 -0.8792
vn 0.2900 -0.5446 -0.7870
vn 0.1978 0.3648 -0.9098
vn 0.1294 0.8142 0.5660
vn -0.0063 0.9999 -0.0087
vn 0.0062 0.8048 -0.5935
vn 0.0115 0.1665 -0.9860
vn 0.0005 0.2749 -0.9615
vn 0.2011 0.1551 -0.9672
vn -0.0038 0.1008 -0.9949
vn -0.0190 0.0541 -0.9984
vn -0.0910 0.0705 -0.9934
vn -0.1705 -0.1552 -0.9730
vn -0.3825 -0.2540 -0.8884
vn -0.6270 -0.3000 -0.7190
vn -0.9206 -0.2085 -0.3301
vn -0.8896 -0.4526 -0.0616
vn -0.9019 -0.3501 -0.2530
vn -0.7524 -0.5087 -0.4185
vn -0.7363 -0.3008 -0.6062
vn -0.8566 -0.3145 -0.4089
vn -0.8999 -0.2932 -0.3228
vn -0.5121 0.2144 -0.8317
vn -0.9424 -0.2576 -0.2134
vn -0.9027 -0.2879 -0.3197
vn -0.8396 -0.3181 -0.4403
vn 0.4419 0.1195 -0.8891
vn -0.8001 -0.2258 -0.5557
vn -0.4297 0.0033 -0.9030
vn -0.6363 -0.3801 -0.6713
vn -0.4550 -0.2320 -0.8597
vn -0.6081 -0.7707 -0.1904
vn -0.9401 -0.3066 -0.1489
vn -0.7676 -0.6409 -0.0071
vn -0.9032 -0.4262 0.0505
vn -0.5922 0.0022 -0.8058
vn -0.8359 -0.1620 -0.5244
vn -0.9379 -0.3225 0.1276
vn -0.8056 -0.5471 -0.2271
vn -0.7826 -0.2339 -0.5769
vn -0.7560 -0.4428 -0.4822
vn -0.6638 -0.2529 -0.7039
vn -0.7421 -0.5768 -0.3416
vn 0.1224 0.5229 -0.8436
vn 0.2372 0.6997 -0.6739
vn 0.4595 0.5996 -0.6553
vn 0.1419 0.5156 -0.8450
vn -0.1681 0.6272 -0.7605
vn -0.0712 -0.0070 -0.9974
vn -0.2786 -0.8170 -0.5049
vn -0.3365 -0.8965 -0.2883
vn -0.3306 -0.8850 -0.3278
vn -0.2878 -0.8603 -0.4207
vn -0.5662 -0.7936 -0.2228
vn -0.1080 -0.5637 -0.8189
vn -0.0431 -0.6526 -0.7565
vn -0.7428 -0.3114 -0.5927
vn -0.8142 -0.1672 -0.5560
vn 0.2662 0.7549 -0.5994
vn 0.2896 0.6094 -0.7381
vn 0.2403 0.4643 -0.8525
vn -0.0772 -0.5298 -0.8446
vn -0.6629 -0.2025 -0.7208
vn 0.1196 -0.6148 -0.7796
vn -0.0986 -0.9230 -0.3721
vn 0.2717 -0.6999 -0.6606
vn 0.1835 -0.4810 -0.8573
vn 0.0540 0.8288 -0.5569
vn 0.1500 0.6555 -0.7402
vn 0.1507 0.4530 -0.8787
vn 0.4267 -0.6218 -0.6567
vn 0.1748 -0.3167 -0.9323
vn 0.1213 -0.5483 -0.8274
vn 0.2996 -0.8625 -0.4078
vn 0.3519 -0.8186 -0.4539
vn 0.1139 -0.6136 -0.7814
vn 0.0866 -0.5093 -0.8562
vn 0.2203 -0.3665 -0.9040
vn 0.0226 0.9602 -0.2783
vn 0.1450 0.8016 -0.5800
vn 0.0746 0.6288 -0.7740
vn 0.0733 0.4647 -0.8824
vn 0.4353 -0.2397 -0.8678
vn 0.6244 -0.6529 -0.4288
vn 0.7778 -0.5734 -0.2576
vn 0.6135 -0.5638 -0.5530
vn 0.0209 -0.5514 -0.8340
vn 0.3584 -0.8149 -0.4554
vn 0.6602 -0.6922 -0.2916
vn -0.0122 -0.3419 -0.9396
vn 0.1672 -0.6873 -0.7069
vn 0.0680 -0.2117 -0.9750
vn 0.1045 0.1255 -0.9866
vn 0.0266 0.9652 -0.2603
vn -0.7661 -0.2699 -0.5834
vn -0.0914 -0.2349 -0.9677
vn -0.2920 -0.0531 -0.9549
vn -0.5256 -0.4437 -0.7259
vn -0.4693 -0.2753 -0.8390
vn -0.5775 -0.4223 -0.6987
vn -0.8399 -0.1292 -0.5271
vn -0.8663 0.0425 -0.4977
vn -0.8863 0.1934 -0.4208
vn -0.8999 0.3314 -0.2834
vn -0.6819 -0.3123 -0.6614
vn -0.7308 -0.2226 -0.6452
vn -0.8581 -0.0533 -0.5106
vn -0.8023 0.0448 -0.5952
vn -0.8347 0.0965 -0.5421
vn -0.9155 0.1966 -0.3511
vn -0.7268 0.2008 -0.6568
vn -0.8896 0.3405 -0.3043
vn -0.6665 0.3015 -0.6819
vn -0.7529 0.5297 -0.3907
vn -0.7967 0.4887 -0.3557
vn -0.9776 0.0997 -0.1851
vn -0.7592 -0.6485 0.0553
vn -0.8075 -0.4724 -0.3534
vn -0.8784 -0.0490 -0.4754
vn -0.8305 -0.5546 -0.0519
vn -0.4387 0.4025 -0.8034
vn -0.4061 0.8648 -0.2953
vn -0.7886 -0.5642 -0.2445
vn -0.5654 -0.5937 0.5726
vn -0.4252 -0.7602 0.4912
vn -0.7707 -0.0812 -0.6320
vn -0.6907 -0.3693 -0.6217
vn -0.3389 -0.6399 0.6897
vn -0.3307 0.2323 -0.9147
vn -0.0241 0.5002 -0.8656
vn 0.0760 0.9497 -0.3039
vn 0.2549 -0.2561 -0.9324
vn 0.2408 -0.1971 -0.9503
vn -0.0577 -0.5697 -0.8198
vn 0.1026 -0.4681 -0.8777
vn -0.1075 -0.7157 -0.6900
vn -0.1218 -0.5869 -0.8005
vn 0.5059 -0.6047 -0.6151
vn 0.6047 -0.4841 -0.6325
vn 0.4938 -0.5347 -0.6857
vn 0.7000 -0.4864 -0.5228
vn -0.0147 0.6131 -0.7899
vn -0.0248 0.4376 -0.8988
vn 0.5068 -0.1793 -0.8432
vn 0.4261 -0.0895 -0.9003
vn -0.6595 0.0014 -0.7517
vn -0.8120 0.0230 -0.5831
vn -0.6919 0.0471 -0.7205
vn -0.8424 0.0805 -0.5328
vn -0.7436 -0.0965 -0.6616
vn -0.8730 -0.0545 -0.4846
vn -0.8393 0.0240 -0.5432
vn -0.8815 0.0814 -0.4651
vn -0.8452 0.2829 -0.4535
vn -0.8085 0.4095 -0.4228
vn 0.7613 -0.3655 -0.5356
vn 0.5876 -0.1334 -0.7981
vn -0.4188 -0.0296 -0.9076
vn -0.4422 0.0209 -0.8967
vn -0.4481 -0.1429 -0.8825
vn -0.4693 -0.0841 -0.8790
vn -0.5896 0.1666 -0.7903
vn -0.6673 0.4169 -0.6171
vn -0.7275 0.4800 -0.4902
vn 0.7588 -0.5820 0.2923
vn 0.9096 -0.2641 -0.3208
vn 0.0910 -0.0334 -0.9953
vn 0.1335 0.0426 -0.9901
vn 0.0990 -0.2207 -0.9703
vn -0.0041 -0.1580 -0.9874
vn -0.0940 0.0387 -0.9948
vn -0.2230 0.3765 -0.8992
vn 0.6697 -0.1150 -0.7337
vn -0.0005 -0.3273 -0.9449
vn 0.0062 -0.9157 -0.4018
vn 0.3166 -0.2987 0.9003
vn 0.4620 -0.0043 -0.8869
vn 0.5937 0.0547 -0.8028
vn 0.6600 0.2098 -0.7214
vn 0.6664 0.4054 -0.6258
vn 0.8067 -0.2069 -0.5535
vn 0.7351 -0.2420 -0.6334
vn 0.6748 -0.3872 -0.6282
vn -0.7837 -0.3223 -0.5309
vn 0.4400 -0.1994 -0.8756
vn 0.1747 0.0939 -0.9801
vn -0.1097 -0.3466 -0.9316
vn 0.4520 -0.4752 -0.7549
vn -0.3291 -0.3976 -0.8565
vn -0.2486 -0.3792 -0.8913
vn -0.2441 -0.1135 -0.9631
vn -0.7076 0.1430 -0.6920
vn -0.6870 0.2209 -0.6922
vn -0.9266 0.2832 -0.2475
vn -0.8858 0.4013 -0.2333
vn -0.8522 0.0828 -0.5167
vn -0.9724 0.1731 0.1567
vn -0.7936 0.4550 -0.4039
vn -0.7404 0.6148 -0.2718
vn -0.8500 -0.0281 -0.5260
vn -0.7319 0.3333 0.5943
vn -0.7603 0.5145 -0.3965
vn -0.8405 0.0440 -0.5401
vn -0.6539 -0.0355 0.7557
vn -0.9620 0.1079 -0.2510
vn -0.8623 0.1172 -0.4926
vn -0.8330 -0.2947 0.4683
vn -0.7782 -0.6280 0.0055
vn -0.8745 -0.4110 0.2575
vn -0.6617 -0.5309 0.5295
vn 0.6177 -0.4252 -0.6615
vn 0.6125 -0.4095 -0.6762
vn 0.6842 -0.4224 -0.5945
vn 0.3066 -0.4658 -0.8301
vn 0.4657 -0.4351 -0.7706
vn 0.8074 -0.3244 -0.4927
vn 0.0833 -0.1389 -0.9868
vn 0.6834 -0.2779 -0.6751
vn 0.9566 -0.1973 -0.2144
vn 0.0408 -0.1026 -0.9939
vn 0.6710 -0.3080 -0.6744
vn -0.0674 -0.1354 -0.9885
vn -0.2387 -0.0736 -0.9683
vn -0.3364 -0.0290 -0.9413
vn -0.3979 0.0778 -0.9141
vn 0.7450 -0.3790 -0.5489
vn 0.8435 -0.3966 -0.3622
vn 0.6471 -0.2363 -0.7249
vn 0.9280 -0.1816 -0.3252
vn 0.9327 -0.2049 -0.2967
vn 0.6508 -0.0445 -0.7580
vn 0.8816 -0.1211 -0.4563
vn 0.8699 -0.3056 -0.3872
vn 0.9837 -0.1771 0.0320
vn 0.6776 -0.4500 -0.5817
vn 0.6972 -0.4720 -0.5396
vn 0.4767 -0.2340 -0.8473
vn 0.9649 -0.2553 -0.0620
vn 0.8923 -0.0839 -0.4436
vn 0.2684 -0.2248 -0.9367
vn 0.9168 -0.3984 -0.0260
vn 0.9682 -0.2242 -0.1112
vn 0.1013 -0.1407 -0.9849
vn 0.0472 0.0798 -0.9957
vn 0.8074 -0.2559 -0.5317
vn 0.8487 -0.4811 -0.2198
vn 0.6469 -0.0242 -0.7622
vn 0.8307 -0.1665 -0.5313
vn 0.7963 -0.6039 0.0343
vn 0.6896 -0.7065 -0.1590
vn 0.5412 -0.1526 -0.8269
vn 0.6833 -0.2750 -0.6764
vn 0.6160 -0.2993 -0.7287
vn 0.6607 -0.7428 -0.1082
vn 0.5268 -0.8106 -0.2559
vn 0.4397 0.0407 -0.8972
vn 0.2918 -0.5950 -0.7489
vn 0.5219 -0.5873 -0.6186
vn 0.2766 -0.8315 -0.4818
vn 0.0642 -0.9662 -0.2496
vn 0.1364 -0.8627 -0.4870
vn 0.1718 0.0260 -0.9848
vn 0.6761 0.1298 -0.7252
vn 0.2860 0.7511 -0.5950
vn -0.6665 0.5238 -0.5304
vn -0.2680 -0.5740 -0.7737
vn -0.3953 -0.7483 -0.5327
vn -0.4573 -0.7999 -0.3888
vn 0.0520 -0.9599 -0.2755
vn -0.0423 -0.8566 -0.5143
vn -0.5974 -0.4272 -0.6787
vn -0.0316 -0.1533 -0.9877
vn -0.3272 0.4260 -0.8435
vn -0.4436 0.6302 -0.6372
vn -0.5064 0.6418 -0.5760
vn -0.4152 -0.4799 -0.7729
vn -0.8204 -0.3786 -0.4284
vn -0.5712 -0.7797 0.2566
vn -0.5460 -0.8214 -0.1648
vn -0.1413 -0.5563 -0.8189
vn -0.1969 -0.4902 -0.8491
vn -0.2643 -0.6882 -0.6757
vn -0.6996 -0.4715 -0.5368
vn -0.5720 -0.5154 -0.6381
vn -0.6769 -0.6809 -0.2796
vn -0.4912 -0.3164 -0.8115
vn -0.0614 0.3746 -0.9252
vn -0.1895 0.6089 -0.7703
vn -0.2142 0.7438 -0.6331
vn -0.1401 0.7731 -0.6186
vn -0.9332 -0.3447 -0.1013
vn -0.9088 -0.3269 0.2592
vn -0.1709 -0.3020 -0.9379
vn -0.8956 -0.3206 -0.3083
vn -0.8113 -0.4286 -0.3976
vn -0.8361 -0.4487 0.3155
vn -0.8601 -0.3780 0.3424
vn -0.9725 -0.2326 -0.0136
vn -0.5461 -0.6868 -0.4798
vn -0.0462 -0.3916 -0.9190
vn -0.6840 -0.1527 -0.7133
vn -0.7324 -0.2256 -0.6424
vn -0.5780 -0.1511 -0.8020
vn -0.5941 -0.2842 -0.7525
vn -0.4363 -0.1761 -0.8824
vn -0.4691 -0.2646 -0.8426
vn -0.8256 -0.0052 -0.5643
vn -0.6994 -0.2478 -0.6704
vn -0.7213 -0.6293 0.2893
vn -0.3468 0.4133 -0.8420
vn -0.0331 0.5951 -0.8030
vn 0.0243 0.4976 -0.8671
vn 0.0740 0.6260 -0.7763
vn 0.1011 0.9580 -0.2682
vn -0.3135 0.2200 -0.9238
vn -0.2459 0.5973 -0.7634
vn 0.0007 0.8389 -0.5442
vn 0.1757 0.5399 -0.8232
vn 0.0419 0.4466 -0.8937
vn -0.0142 0.6655 -0.7463
vn -0.0421 0.9424 -0.3318
vn 0.0665 0.3220 -0.9444
vn 0.1428 0.6786 -0.7205
vn 0.0745 0.9352 -0.3462
vn -0.0716 0.3555 -0.9319
vn -0.0596 0.4932 -0.8679
vn 0.0031 0.6459 -0.7634
vn 0.1619 0.7577 -0.6322
vn -0.0282 0.9177 -0.3963
vn 0.4248 0.3254 -0.8448
vn 0.7272 0.4674 -0.5027
vn 0.5458 0.6491 -0.5299
vn 0.2624 0.5598 -0.7860
vn 0.0775 0.2907 -0.9537
vn 0.1225 0.5353 -0.8357
vn 0.1483 0.5847 -0.7976
vn 0.2873 0.7077 -0.6455
vn 0.3115 0.9187 -0.2430
vn -0.0212 0.2268 -0.9737
vn -0.2348 0.1772 -0.9558
vn -0.6773 0.4107 -0.6104
vn -0.6710 0.4127 -0.6160
vn -0.0737 0.9543 -0.2895
vn -0.5534 0.8309 -0.0573
vn -0.4124 0.9005 0.1379
vn -0.5861 -0.0595 -0.8080
vn -0.4039 0.0973 -0.9096
vn -0.5611 -0.0721 -0.8246
vn -0.5771 -0.0599 -0.8145
vn -0.5679 0.0293 -0.8225
vn -0.5925 0.0365 -0.8048
vn -0.3696 0.8358 -0.4060
vn 0.0518 0.9910 0.1232
vn -0.9370 0.1330 0.3230
vn 0.5585 0.8026 0.2095
vn -0.5025 -0.0499 -0.8632
vn -0.4706 -0.0161 -0.8822
vn -0.3923 0.0509 -0.9184
vn -0.3500 0.5754 -0.7392
vn 0.4026 0.8339 0.3776
vn -0.1010 0.9265 -0.3625
vn -0.2092 0.9521 -0.2231
vn 0.1145 0.9650 0.2359
vn 0.2027 0.9436 0.2617
vn -0.8725 0.4293 0.2334
vn -0.2783 0.9505 -0.1384
vn -0.4767 -0.0497 -0.8777
vn -0.7612 0.0055 -0.6485
vn -0.5370 0.1071 -0.8368
vn -0.3278 0.0147 -0.9446
vn -0.3926 -0.0287 -0.9193
vn -0.2321 0.1136 -0.9660
vn -0.3040 0.0667 -0.9503
vn -0.2509 0.1349 -0.9586
vn -0.0911 0.8213 -0.5632
vn -0.0333 0.9975 -0.0625
vn 0.1465 0.8939 0.4237
vn 0.1724 0.6062 -0.7764
vn -0.4118 -0.3367 -0.8468
vn -0.5007 -0.0981 -0.8600
vn -0.6862 -0.0297 -0.7268
vn -0.6587 -0.0575 -0.7502
vn -0.5968 -0.0189 -0.8022
vn -0.7002 0.0512 -0.7121
vn -0.2678 0.2236 -0.9372
vn -0.8450 0.2653 -0.4644
vn 0.2058 0.3330 -0.9202
vn -0.9220 0.1780 -0.3438
vn 0.9210 -0.2234 0.3190
vn 0.8788 0.0040 -0.4771
vn -0.2217 0.9231 -0.3143
vn 0.6033 -0.7972 0.0221
vn -0.9692 -0.2401 -0.0554
vn -0.9636 -0.2660 0.0261
vn 0.4825 0.0646 -0.8735
vn -0.9353 -0.2720 -0.2262
vn -0.9190 -0.3937 0.0210
vn -0.2016 -0.9476 -0.2476
vn 0.1103 -0.3702 -0.9224
vn -0.8644 -0.3100 -0.3960
vn -0.7806 -0.3250 -0.5339
vn -0.6658 -0.2728 -0.6944
vn -0.6295 -0.0308 -0.7764
vn -0.6417 -0.0947 -0.7611
vn -0.2486 0.2708 -0.9300
vn -0.5075 0.0533 -0.8600
vn 0.9611 -0.2553 -0.1055
vn 0.7712 -0.1034 -0.6281
vn 0.0229 -0.2016 -0.9792
vn 0.7857 -0.4542 0.4200
vn -0.7908 -0.5485 -0.2716
vn -0.4891 -0.0297 -0.8717
vn -0.9110 -0.2977 -0.2855
vn -0.9555 -0.2428 -0.1674
vn -0.9615 -0.2238 0.1596
vn 0.5321 0.0678 0.8440
vn -0.4409 -0.0734 -0.8946
vn -0.7766 -0.0891 -0.6236
vn -0.6230 -0.0971 -0.7762
vn -0.4321 0.0583 -0.9000
vn -0.2472 0.1654 -0.9547
vn -0.1130 0.2791 -0.9536
vn -0.0789 0.3957 -0.9150
vn 0.9228 -0.3739 -0.0931
vn 0.0060 0.1177 -0.9930
vn -0.2747 -0.2109 -0.9381
vn -0.0219 0.9495 -0.3131
vn 0.3550 0.0362 0.9342
vn -0.0744 -0.0345 -0.9966
vn 0.3175 0.0086 0.9482
vn -0.0285 -0.0126 -0.9995
vn -0.1663 0.1558 -0.9737
vn -0.1241 0.0877 -0.9884
vn -0.0570 0.1989 -0.9784
vn -0.0228 0.2754 -0.9611
vn -0.0180 0.3336 -0.9425
vn -0.0232 0.3795 -0.9249
vn -0.0741 0.5892 -0.8046
vn -0.0954 0.4342 -0.8957
vn 0.3874 -0.1324 -0.9123
vn -0.0697 -0.0506 -0.9963
vn 0.3618 -0.0563 -0.9306
vn -0.2437 -0.0183 -0.9697
vn 0.1954 -0.0839 -0.9771
vn -0.5192 -0.0900 -0.8499
vn 0.5124 -0.1132 -0.8512
vn 0.9756 -0.1557 -0.1547
vn 0.9411 -0.2333 0.2447
vn 0.4336 -0.0217 -0.9009
vn 0.9482 -0.2020 -0.2452
vn 0.3700 0.0738 -0.9261
vn 0.8952 -0.1534 -0.4183
vn 0.2656 0.1013 -0.9588
vn 0.1066 0.2438 -0.9640
vn 0.0538 0.3163 -0.9471
vn 0.0439 0.3734 -0.9266
vn 0.7618 -0.5609 -0.3242
vn 0.9640 -0.2469 0.0988
vn 0.7673 0.3328 -0.5482
vn -0.4477 0.4305 0.7837
vn 0.9076 -0.2285 -0.3521
vn 0.9578 -0.2794 -0.0668
vn 0.8701 -0.3848 -0.3078
vn 0.6588 -0.0592 -0.7499
vn 0.9194 -0.2924 -0.2630
vn 0.4240 0.0594 -0.9037
vn 0.8473 -0.2552 -0.4659
vn 0.1908 0.2395 -0.9520
vn 0.6362 0.0560 -0.7695
vn 0.1579 0.3806 -0.9112
vn 0.9647 0.2422 -0.1035
vn -0.4793 -0.2420 -0.8436
vn -0.6430 0.0397 -0.7648
vn -0.6944 0.0511 -0.7177
vn -0.6654 0.4088 -0.6246
vn -0.2889 0.2852 -0.9139
vn -0.7567 -0.5109 -0.4080
vn -0.1140 -0.9929 -0.0339
vn -0.2287 -0.4060 -0.8848
vn -0.2555 -0.2127 -0.9431
vn -0.4364 -0.2033 -0.8765
vn -0.0199 0.0829 -0.9964
vn -0.5072 -0.4990 -0.7027
vn -0.0462 -0.2518 -0.9667
vn 0.0064 -0.9853 0.1709
vn -0.2747 -0.5363 0.7981
vn -0.4501 -0.0487 -0.8917
vn -0.6508 0.2735 -0.7082
vn -0.5781 -0.4824 -0.6581
vn -0.2233 -0.3772 -0.8988
vn 0.0482 -0.0068 -0.9988
vn 0.1321 0.3992 -0.9073
vn 0.4852 -0.6743 0.5567
vn 0.6758 -0.7298 -0.1034
vn -0.1053 -0.0613 -0.9925
vn -0.1732 0.0822 -0.9814
vn -0.0776 -0.2345 -0.9690
vn 0.1733 -0.0827 -0.9814
vn 0.3731 0.1831 -0.9096
vn 0.5708 0.5071 -0.6457
vn 0.4658 0.6626 -0.5865
vn 0.7648 0.1788 -0.6190
vn -0.2055 0.3781 -0.9027
vn -0.0983 0.5476 -0.8310
vn 0.0376 0.9175 -0.3959
vn -0.5547 -0.8320 -0.0078
vn -0.5149 -0.8343 0.1969
vn 0.0752 0.1830 -0.9802
vn -0.4975 -0.3351 -0.8002
vn -0.1703 -0.1359 -0.9760
vn -0.2244 -0.1560 -0.9619
vn -0.3893 -0.1476 -0.9092
vn -0.6393 -0.3356 -0.6918
vn -0.5051 -0.2175 -0.8352
vn -0.3933 -0.2343 -0.8890
vn -0.7570 -0.2176 -0.6161
vn -0.5834 -0.1668 -0.7949
vn 0.8973 -0.2092 0.3886
vn 0.9551 -0.1676 0.2444
vn 0.9829 -0.1595 -0.0916
vn 0.6280 -0.0641 -0.7756
vn 0.8611 -0.2732 0.4288
vn 0.9676 -0.1475 0.2048
vn 0.9914 -0.1290 -0.0210
vn 0.7173 -0.1840 -0.6720
vn -0.3457 -0.1218 -0.9304
vn -0.3848 -0.3786 0.8418
vn -0.3834 -0.2855 -0.8783
vn -0.9491 -0.1805 0.2582
vn -0.9739 -0.1178 -0.1941
vn -0.9614 -0.2094 0.1785
vn -0.9630 -0.2567 -0.0824
vn 0.7833 -0.2068 -0.5863
vn 0.5596 -0.0920 -0.8236
vn 0.4336 -0.0775 -0.8978
vn 0.5803 -0.1719 -0.7961
vn 0.4029 -0.1593 -0.9013
vn 0.0866 -0.0845 -0.9927
vn 0.1377 -0.1436 -0.9800
vn -0.3796 -0.0503 -0.9238
vn -0.3113 -0.0573 -0.9486
vn -0.7869 0.0189 -0.6168
vn -0.6227 -0.0117 -0.7824
vn -0.7467 0.0842 -0.6598
vn -0.5528 0.0317 -0.8327
vn 0.8664 0.4253 0.2615
vn 0.8600 0.4643 0.2115
vn 0.8868 0.4117 0.2100
vn 0.8977 0.4314 0.0900
vn 0.9156 0.4002 0.0394
vn 0.9170 0.3868 -0.0973
vn 0.9182 0.3865 -0.0867
vn 0.8649 0.4512 -0.2197
vn 0.9134 0.3750 -0.1582
vn 0.5563 0.3218 0.7661
vn 0.7883 0.4314 0.4388
vn 0.8698 0.3675 0.3292
vn 0.9118 0.3692 0.1801
vn 0.9461 0.3239 0.0028
vn 0.9487 0.3047 -0.0846
vn 0.8890 0.0941 -0.4482
vn 0.8762 0.2732 0.3970
vn 0.8953 0.2996 0.3298
vn 0.9410 0.2317 0.2466
vn 0.9746 0.2151 0.0628
vn 0.9846 0.1748 -0.0061
vn 0.9803 0.1932 -0.0422
vn 0.9902 0.0701 -0.1207
vn 0.9024 -0.1296 -0.4110
vn 0.8815 0.2314 0.4116
vn 0.9604 0.1642 0.2251
vn 0.9802 -0.0220 -0.1967
vn 0.8481 -0.1980 -0.4914
vn 0.8746 -0.2593 -0.4097
vn 0.7534 0.3770 0.5388
vn 0.8215 0.2204 0.5259
vn 0.8857 0.2934 0.3597
vn 0.9905 0.1055 0.0882
vn 0.9703 0.1731 -0.1692
vn 0.9578 0.2772 -0.0763
vn 0.9290 0.3674 -0.0449
vn 0.9042 0.3627 -0.2257
vn 0.9004 0.3666 -0.2344
vn 0.7854 0.1712 -0.5948
vn 0.7256 0.3241 0.6071
vn 0.9792 0.1206 0.1630
vn 0.9982 0.0501 -0.0318
vn 0.9842 0.1401 0.1086
vn 0.9828 0.1661 -0.0802
vn 0.8760 -0.0129 -0.4822
vn 0.4669 -0.4823 -0.7412
vn 0.4326 0.0156 0.9015
vn 0.5975 0.0776 0.7981
vn 0.7492 -0.0098 0.6622
vn 0.9971 -0.0199 0.0735
vn 1.0000 -0.0060 -0.0052
vn 0.9899 -0.0826 0.1153
vn 0.9593 -0.2211 -0.1757
vn 0.0386 -0.5709 -0.8201
vn 0.1322 -0.6292 -0.7659
vn 0.4154 -0.6289 0.6572
vn 0.3646 -0.9306 0.0331
vn 0.2577 -0.9659 -0.0234
vn 0.1642 -0.9842 -0.0661
vn 0.0149 -0.9637 -0.2666
vn 0.4961 0.2621 0.8277
vn 0.8860 0.2859 0.3652
vn 0.9572 0.2656 0.1147
vn 0.9797 0.1983 -0.0300
vn 0.9701 0.0156 -0.2422
vn 0.8891 0.0500 -0.4549
vn 0.0464 0.2478 0.9677
vn 0.4135 0.4414 0.7963
vn 0.7242 0.3177 0.6120
vn 0.9509 -0.0995 -0.2931
vn 0.9701 0.0634 -0.2343
vn 0.1151 0.1809 0.9767
vn 0.7796 0.2402 0.5784
vn 0.9937 0.0440 -0.1030
vn 0.9724 0.1180 -0.2013
vn 0.9358 -0.0836 -0.3425
vn 0.1259 0.4308 0.8936
vn 0.8556 0.0230 -0.5171
vn 0.0825 0.1821 0.9798
vn 0.0694 0.4255 0.9023
vn 0.3152 0.2552 0.9141
vn -0.0082 -0.8182 -0.5749
vn 0.2592 -0.8510 -0.4567
vn 0.0763 0.0273 0.9967
vn -0.2512 -0.6093 -0.7521
vn -0.1824 -0.7229 -0.6664
vn 0.0204 -0.8350 0.5499
vn -0.0394 -0.9986 0.0365
vn 0.0033 -0.9983 -0.0579
vn -0.0297 -0.9895 -0.1416
vn -0.1038 -0.8799 -0.4636
vn 0.7283 0.1289 0.6730
vn 0.8028 0.5844 0.1181
vn 0.9613 0.2178 0.1684
vn 0.8216 0.4904 -0.2905
vn 0.9078 0.3201 -0.2710
vn 0.8036 -0.0890 0.5885
vn 0.8892 -0.0187 0.4572
vn 0.9495 0.2101 -0.2332
vn 0.9079 0.0741 0.4126
vn 0.8404 0.0061 0.5420
vn 0.9955 0.0301 -0.0901
vn 0.9245 0.3379 0.1762
vn 0.8777 0.4322 0.2071
vn 0.7942 0.4786 0.3744
vn 0.8058 0.5873 0.0753
vn 0.8498 0.5204 0.0840
vn 0.6609 0.6737 -0.3307
vn 0.8495 0.4791 -0.2209
vn 0.7913 0.1391 0.5954
vn 0.8723 0.2964 0.3888
vn 0.9297 0.1967 0.3115
vn 0.8032 0.3201 0.5025
vn 0.8664 0.4883 0.1043
vn 0.8340 0.4876 -0.2581
vn 0.7948 -0.0167 0.6067
vn 0.8611 0.0838 0.5014
vn 0.8200 0.1273 0.5580
vn 0.6949 -0.0216 0.7188
vn 0.7552 0.1150 0.6453
vn 0.9145 0.0789 0.3968
vn 0.5231 -0.0510 0.8508
vn 0.7326 0.0213 0.6803
vn 0.9490 0.0869 0.3031
vn 0.7298 0.6161 0.2962
vn 0.6130 0.7805 0.1223
vn 0.7083 0.6546 0.2642
vn 0.6249 0.6100 0.4872
vn 0.7334 0.6164 0.2867
vn 0.8107 0.5823 -0.0612
vn 0.8214 0.5703 -0.0007
vn 0.6303 0.5871 -0.5080
vn 0.7177 0.5737 -0.3947
vn 0.8569 0.3952 0.3309
vn 0.8256 0.4161 0.3810
vn 0.8523 0.3690 0.3707
vn 0.8198 0.3618 0.4438
vn 0.6341 0.0817 0.7689
vn 0.8246 0.2972 0.4813
vn 0.9253 0.1479 0.3493
vn 0.9165 0.1390 0.3751
vn 0.5041 -0.0958 0.8583
vn 0.9003 0.0118 0.4351
vn 0.9447 0.0089 0.3278
vn 0.3321 -0.1419 0.9325
vn 0.8073 -0.0522 0.5878
vn 0.9684 -0.0603 0.2422
vn 0.3239 0.2031 0.9240
vn 0.8361 0.0132 0.5485
vn 0.9714 -0.1208 0.2043
vn 0.9005 0.1723 0.3993
vn 0.9535 0.1679 0.2502
vn 0.8501 0.4623 0.2523
vn 0.7766 0.6284 -0.0444
vn 0.8389 0.5340 0.1051
vn 0.8215 0.5428 0.1747
vn 0.7845 0.6108 0.1072
vn 0.7811 0.5298 0.3304
vn 0.6260 0.6096 0.4863
vn 0.7160 0.6857 -0.1315
vn 0.5942 0.7999 -0.0841
vn 0.6392 0.6216 -0.4528
vn 0.2024 -0.0811 -0.9759
vn 0.4275 0.0352 -0.9033
vn 0.3159 -0.0433 -0.9478
vn 0.4952 0.0339 -0.8681
vn 0.4969 0.6773 -0.5425
vn 0.5171 0.2163 0.8281
vn 0.8018 0.4228 0.4224
vn 0.8032 0.4367 0.4052
vn 0.7877 0.5531 0.2714
vn 0.2623 0.1321 0.9559
vn 0.7648 0.4049 0.5011
vn 0.0492 -0.0263 0.9984
vn -0.0667 -0.1844 0.9806
vn -0.1595 -0.2835 0.9456
vn -0.5574 -0.3194 0.7663
vn -0.2499 -0.3187 0.9143
vn -0.7757 -0.4696 0.4216
vn 0.2098 0.3577 0.9100
vn 0.5633 0.1619 -0.8102
vn 0.6598 0.0910 -0.7459
vn -0.0531 0.8739 0.4832
vn 0.7791 0.4325 0.4538
vn 0.3173 0.8548 0.4107
vn 0.9096 0.4149 0.0238
vn 0.8863 0.3774 0.2684
vn 0.9215 0.3057 0.2393
vn 0.9055 0.3943 -0.1566
vn 0.8311 0.3956 -0.3909
vn 0.7082 0.2330 -0.6665
vn 0.0962 0.1886 0.9773
vn 0.7673 0.4556 0.4513
vn -0.0671 0.0272 0.9974
vn -0.3806 -0.1325 0.9152
vn -0.6768 -0.1624 0.7180
vn -0.8494 -0.2816 0.4463
vn -0.7837 -0.3750 0.4953
vn -0.8550 -0.3330 0.3975
vn -0.7505 -0.4101 0.5182
vn -0.7824 -0.3862 0.4886
vn -0.8130 -0.4415 0.3796
vn -0.7090 -0.4673 0.5281
vn -0.8160 -0.4553 0.3561
vn -0.6196 -0.4181 0.6643
vn -0.1195 0.7590 0.6400
vn -0.3916 0.3272 0.8600
vn -0.6701 0.1678 0.7230
vn -0.7510 0.1549 0.6419
vn -0.8460 -0.1201 0.5194
vn -0.7633 -0.3092 0.5673
vn -0.8218 -0.2453 0.5143
vn -0.8003 -0.3469 0.4890
vn -0.7067 -0.3535 0.6128
vn -0.8297 -0.3199 0.4575
vn -0.6586 -0.3299 0.6763
vn -0.7118 -0.2915 0.6391
vn -0.7114 -0.3824 0.5896
vn -0.7132 -0.3977 0.5772
vn -0.7453 -0.4293 0.5101
vn -0.7625 -0.3520 0.5428
vn -0.6954 -0.4456 0.5638
vn -0.7591 -0.4178 0.4992
vn -0.7634 -0.3224 0.5597
vn -0.6528 -0.2162 0.7261
vn -0.0122 -0.1825 0.9831
vn -0.8846 0.0399 0.4647
vn -0.2797 -0.1488 0.9485
vn -0.4840 -0.2936 0.8243
vn -0.5868 -0.1923 0.7866
vn -0.6493 -0.3955 0.6495
vn -0.6150 -0.3490 0.7071
vn -0.7893 -0.4733 0.3912
vn -0.8003 -0.4826 0.3558
vn -0.8745 -0.3615 0.3235
vn -0.7532 -0.3834 0.5346
vn -0.7684 -0.5166 -0.3778
vn -0.4699 -0.6826 -0.5596
vn -0.9488 -0.0571 -0.3106
vn -0.8329 -0.3463 0.4318
vn -0.7387 -0.6679 0.0913
vn -0.9592 -0.2250 0.1713
vn -0.8089 -0.5850 0.0585
vn -0.9593 -0.0132 0.2821
vn -0.9788 0.1411 -0.1485
vn -0.8164 -0.1770 0.5497
vn -0.9167 0.1280 0.3785
vn -0.9821 0.1468 -0.1176
vn -0.6017 -0.0169 0.7986
vn -0.9066 -0.1202 0.4045
vn -0.9591 -0.1925 -0.2074
vn 0.8420 0.4465 0.3027
vn 0.8680 0.4373 0.2351
vn 0.8692 0.4446 0.2166
vn 0.9155 0.4007 0.0372
vn 0.8926 0.4503 0.0223
vn 0.8972 0.3742 -0.2345
vn 0.8751 0.3807 -0.2988
vn 0.2697 0.5166 0.8126
vn 0.6623 0.5708 0.4853
vn 0.7856 0.5743 0.2302
vn 0.8284 0.5338 0.1694
vn 0.9036 0.4258 -0.0475
vn 0.8714 0.3926 -0.2942
vn -0.0795 0.3543 0.9318
vn 0.0903 0.6465 0.7576
vn 0.5950 0.5060 0.6245
vn -0.1435 0.2915 0.9458
vn 0.8828 0.1106 0.4566
vn 0.9344 0.1309 0.3313
vn 0.9460 0.1409 0.2920
vn 0.9415 -0.0606 0.3315
vn 0.9757 -0.2092 0.0647
vn 0.8165 0.1382 0.5606
vn 0.9449 0.1555 0.2880
vn 0.9879 0.1214 0.0962
vn 0.9997 -0.0156 0.0210
vn 0.7029 0.2061 0.6808
vn 0.9339 0.2079 0.2909
vn 0.9752 0.2158 0.0493
vn 0.9763 0.1915 -0.1011
vn 0.1149 0.1701 0.9787
vn 0.4305 0.2515 0.8668
vn 0.6778 0.2980 0.6722
vn 0.8937 0.3627 0.2640
vn 0.9388 0.3424 0.0388
vn 0.9479 0.2780 -0.1557
vn 0.0467 0.2520 0.9666
vn 0.5891 0.4704 0.6570
vn -0.1717 0.3338 0.9269
vn -0.5117 0.2449 0.8235
vn -0.3867 0.3561 0.8507
vn -0.6690 0.1013 0.7364
vn 0.3178 -0.1690 0.9330
vn 0.6601 0.0468 0.7497
vn 0.0900 -0.1267 0.9878
vn 0.3664 0.0345 0.9298
vn -0.0288 -0.0098 0.9995
vn 0.1510 0.0701 0.9860
vn -0.1002 0.1158 0.9882
vn -0.2862 0.1151 0.9512
vn -0.5375 0.0440 0.8421
vn -0.6192 0.0859 0.7806
vn -0.6554 0.0162 0.7551
vn -0.6328 0.0697 0.7712
vn -0.7066 0.0727 0.7038
vn 0.2995 -0.7829 0.5453
vn 0.2903 -0.9220 0.2564
vn 0.0982 -0.4464 0.8894
vn -0.1145 -0.1979 0.9735
vn -0.2794 -0.2390 0.9299
vn -0.1829 -0.0838 0.9796
vn -0.5055 -0.2642 0.8214
vn -0.3698 -0.0058 0.9291
vn -0.6708 -0.1748 0.7207
vn -0.6744 -0.1088 0.7303
vn -0.8014 -0.2084 0.5607
vn -0.7855 -0.0646 0.6155
vn -0.8568 -0.1418 0.4957
vn -0.8479 -0.0883 0.5227
vn -0.7977 -0.0195 0.6027
vn -0.7933 -0.0217 0.6085
vn -0.8842 -0.0736 0.4613
vn -0.6693 -0.0533 0.7411
vn -0.8169 0.0162 0.5766
vn -0.9568 -0.1295 0.2604
vn -0.4834 -0.1676 0.8592
vn -0.6948 -0.7190 -0.0125
vn -0.6921 -0.7098 0.1311
vn -0.6100 -0.6488 -0.4550
vn -0.6075 -0.7444 0.2772
vn -0.8107 -0.5649 -0.1538
vn -0.7438 -0.4292 0.5124
vn -0.4845 -0.3993 0.7783
vn -0.4747 -0.5006 0.7239
vn -0.4335 -0.4291 0.7924
vn -0.3518 -0.3204 0.8795
vn -0.5073 -0.3580 0.7839
vn -0.5443 -0.3968 0.7391
vn -0.6574 -0.4583 0.5982
vn -0.7730 -0.3264 0.5440
vn -0.7677 -0.4505 0.4557
vn -0.8158 -0.2603 0.5164
vn -0.8333 -0.5184 0.1919
vn -0.9162 -0.3769 0.1357
vn -0.8373 -0.5465 -0.0158
vn -0.9085 -0.4173 -0.0219
vn -0.9007 0.2765 0.3350
vn -0.8955 0.4405 -0.0631
vn -0.8921 -0.0929 0.4421
vn -0.9920 -0.1261 0.0081
vn -0.9425 -0.0963 0.3199
vn -0.9888 -0.0961 0.1144
vn -0.6335 -0.4470 0.6315
vn -0.5672 -0.4077 0.7155
vn -0.6148 -0.3112 0.7247
vn -0.5460 -0.3213 0.7737
vn -0.5245 -0.4135 0.7443
vn -0.6220 -0.4993 0.6032
vn -0.5649 -0.5288 0.6335
vn -0.6812 -0.6035 0.4144
vn -0.6578 -0.6504 0.3800
vn -0.6791 -0.6971 0.2300
vn -0.7688 -0.5736 0.2828
vn -0.6111 -0.7912 -0.0238
vn -0.7977 -0.6024 -0.0283
vn -0.5087 -0.1236 0.8520
vn -0.4669 -0.3067 0.8294
vn -0.6526 -0.4409 0.6162
vn -0.7469 -0.5400 0.3879
vn -0.7236 -0.5479 0.4197
vn -0.8087 -0.5795 0.1003
vn -0.7650 -0.6431 -0.0333
vn -0.7534 -0.6568 -0.0326
vn -0.8255 -0.4596 0.3277
vn -0.8757 -0.4467 -0.1833
vn -0.8872 -0.4476 -0.1116
vn -0.2800 0.1949 0.9400
vn -0.3005 0.1624 0.9398
vn -0.3085 0.2418 0.9200
vn -0.4267 0.1830 0.8857
vn -0.5837 0.2380 0.7763
vn -0.4589 0.1557 0.8747
vn -0.7691 0.0581 0.6365
vn -0.1247 -0.9408 -0.3152
vn -0.0568 -0.9932 -0.1019
vn -0.1270 -0.9631 -0.2374
vn -0.2862 -0.9473 0.1436
vn -0.3356 -0.6551 0.6769
vn -0.0947 -0.3084 -0.9465
vn 0.9541 -0.1658 -0.2496
vn 0.2712 -0.0385 0.9618
vn -0.0312 -0.9906 -0.1334
vn -0.6805 -0.1725 0.7122
vn -0.8106 -0.1868 0.5550
vn -0.3349 -0.6274 -0.7030
vn -0.3540 -0.5944 -0.7221
vn -0.3002 -0.6344 -0.7123
vn -0.2497 -0.8553 -0.4540
vn -0.5419 -0.8346 0.0989
vn -0.2904 -0.9550 0.0602
vn -0.1572 -0.9775 -0.1404
vn -0.6805 0.0969 0.7263
vn -0.5458 0.0847 0.8336
vn -0.6366 0.0858 0.7664
vn -0.6287 0.1067 0.7703
vn -0.7909 -0.0777 0.6070
vn -0.8125 -0.0383 0.5817
vn -0.9224 -0.1334 0.3626
vn -0.9099 -0.1430 0.3893
vn -0.8557 -0.0307 0.5165
vn -0.8285 -0.1912 0.5263
vn -0.8242 -0.1572 0.5441
vn -0.3621 -0.8195 -0.4442
vn 0.7566 -0.6000 -0.2598
vn 0.7731 -0.6312 0.0619
vn 0.7946 -0.0521 -0.6048
vn 0.9334 0.3289 -0.1433
vn -0.2122 -0.9706 -0.1133
vn -0.5585 -0.7960 -0.2333
vn 0.8511 -0.1619 0.4994
vn -0.0732 -0.8394 0.5385
vn 0.9676 -0.2303 -0.1030
vn -0.9505 -0.1429 0.2760
vn -0.8647 -0.2684 0.4247
vn -0.7667 -0.4100 0.4941
vn -0.5607 -0.5604 -0.6096
vn -0.4605 -0.5953 -0.6584
vn 0.2370 -0.6587 0.7141
vn -0.5484 -0.8267 -0.1255
vn -0.6582 0.0954 0.7468
vn -0.7324 0.0662 0.6777
vn -0.8403 -0.1375 0.5244
vn -0.8470 -0.5294 0.0482
vn -0.9423 -0.2427 0.2305
vn -0.8439 0.0689 0.5321
vn -0.9208 -0.1902 0.3404
vn -0.8835 -0.1016 0.4574
vn -0.8648 -0.1865 0.4662
vn -0.8626 -0.0632 0.5019
vn -0.8608 0.0183 0.5085
vn -0.9440 0.0840 0.3190
vn -0.8949 -0.2989 0.3313
vn -0.7292 -0.6774 -0.0969
vn -0.6180 -0.6550 -0.4348
vn -0.2396 -0.9504 0.1984
vn 0.1457 -0.5273 0.8371
vn -0.9408 -0.3389 0.0116
vn 0.0911 -0.5939 0.7994
vn -0.9390 -0.2882 0.1877
vn -0.8555 -0.2337 0.4620
vn -0.4370 0.0197 0.8993
vn -0.7853 -0.0012 0.6191
vn -0.5250 -0.2390 0.8169
vn -0.9053 0.0986 -0.4132
vn -0.9940 0.0631 -0.0896
vn -0.9707 0.0012 0.2404
vn -0.9191 -0.0283 0.3930
vn -0.9111 0.0394 -0.4102
vn -0.9860 0.0186 -0.1656
vn -0.9760 -0.0205 0.2166
vn -0.9243 -0.0203 0.3811
vn -0.8102 -0.2919 0.5083
vn -0.6070 -0.5667 0.5571
vn -0.8620 -0.2929 0.4137
vn -0.7330 -0.5174 0.4416
vn -0.9018 -0.1046 0.4194
vn -0.8634 -0.2719 0.4249
vn -0.9116 -0.2208 0.3467
vn -0.8818 -0.2141 0.4202
vn -0.8377 -0.2492 0.4859
vn -0.9433 0.0594 0.3267
vn -0.9980 0.0123 0.0625
vn -0.8829 -0.2220 0.4138
vn -0.9892 -0.1129 0.0938
vn -0.8243 -0.4990 0.2675
vn -0.3712 -0.3314 0.8674
vn -0.4596 -0.4162 0.7846
vn -0.3667 -0.4157 0.8323
vn -0.8183 -0.0075 0.5747
vn -0.7399 0.0438 0.6713
vn -0.8329 -0.0189 0.5531
vn -0.6931 -0.0285 0.7202
vn -0.4990 -0.4474 0.7422
vn -0.4814 -0.5409 0.6897
vn -0.8251 -0.5019 -0.2594
vn -0.6842 -0.5853 -0.4350
vn -0.8594 -0.3390 -0.3827
vn -0.6418 -0.7213 0.2605
vn -0.7337 -0.5284 0.4271
vn -0.8646 -0.3999 0.3043
vn -0.7512 -0.4338 0.4976
vn -0.9569 -0.2027 -0.2081
vn -0.8895 -0.3804 -0.2533
vn -0.8729 -0.3315 -0.3581
vn -0.7117 -0.5835 0.3913
vn -0.6823 -0.7217 -0.1169
vn -0.5611 -0.3632 0.7438
vn -0.5106 -0.3979 0.7622
vn -0.6152 -0.4263 0.6632
vn -0.7142 -0.6023 0.3565
vn -0.7925 -0.4362 0.4263
vn -0.8659 -0.4913 -0.0940
vn -0.8808 -0.4677 -0.0737
vn -0.3783 0.0084 0.9256
vn -0.4978 -0.0485 0.8659
vn -0.8602 -0.4965 -0.1164
vn -0.8692 -0.4725 -0.1458
vn -0.7699 -0.5507 -0.3225
vn -0.8124 -0.4594 -0.3591
vn -0.7013 -0.6678 0.2493
vn -0.7493 -0.6604 0.0494
vn -0.7953 -0.5831 -0.1656
vn -0.8528 -0.4333 0.2916
vn -0.8510 -0.5222 -0.0554
vn -0.8592 -0.5058 -0.0767
vn -0.8439 -0.5260 -0.1057
vn -0.8285 -0.4861 -0.2780
vn 0.7905 -0.2876 0.5407
vn -0.0077 -0.1801 0.9836
vn -0.1270 -0.1632 0.9784
vn 0.9399 -0.2572 0.2247
vn 0.9609 -0.2751 -0.0317
vn 0.9568 -0.2625 -0.1246
vn 0.9259 -0.3022 -0.2269
vn 0.8572 -0.2891 -0.4261
vn 0.8479 -0.3765 0.3732
vn 0.9655 -0.2593 -0.0253
vn 0.9414 -0.2933 -0.1665
vn 0.4627 -0.2549 0.8491
vn 0.6226 -0.2814 0.7302
vn 0.8397 -0.3078 -0.4474
vn 0.5573 -0.3104 0.7701
vn 0.6196 -0.2891 0.7297
vn 0.4469 -0.2370 0.8626
vn 0.3912 -0.2472 0.8865
vn 0.5917 -0.3073 0.7453
vn 0.8548 -0.2972 0.4254
vn 0.9495 -0.3137 -0.0052
vn 0.9202 -0.3185 -0.2278
vn 0.8843 -0.2817 -0.3725
vn 0.7651 -0.3904 0.5120
vn 0.6939 -0.5051 0.5133
vn 0.9345 -0.2916 0.2040
vn 0.9425 -0.1454 -0.3010
vn 0.9169 -0.1926 -0.3495
vn 0.8501 -0.2974 0.4346
vn 0.6300 -0.3703 0.6827
vn 0.9126 -0.2386 0.3319
vn 0.9170 -0.2626 -0.3002
vn 0.8783 -0.2963 -0.3753
vn 0.8525 -0.1939 -0.4854
vn 0.6253 -0.6809 0.3812
vn 0.7847 -0.5848 -0.2057
vn 0.8417 0.1557 0.5169
vn 0.9201 0.2591 0.2936
vn 0.9169 0.2577 0.3047
vn 0.9435 0.3308 -0.0172
vn 0.9563 0.2920 0.0144
vn 0.7187 0.1803 0.6715
vn 0.9020 0.2505 0.3517
vn 0.9728 0.2281 -0.0415
vn 0.6452 -0.1569 0.7477
vn 0.9257 -0.1882 0.3280
vn 0.9681 -0.2351 -0.0872
vn 0.2105 -0.0757 0.9747
vn 0.5637 -0.0780 0.8223
vn 0.5331 -0.2909 0.7945
vn 0.7559 -0.1326 0.6411
vn 0.6481 -0.1610 0.7443
vn 0.6985 -0.2106 0.6839
vn 0.6989 -0.1657 0.6958
vn 0.9119 -0.3117 0.2669
vn 0.8288 -0.2893 -0.4789
vn 0.6643 -0.2518 0.7038
vn 0.6931 -0.3584 0.6254
vn 0.9238 -0.2468 0.2926
vn 0.9322 -0.2022 0.3002
vn 0.9945 -0.0312 0.0996
vn 0.8945 0.3560 -0.2705
vn 0.7479 -0.4896 0.4482
vn 0.7190 -0.2080 0.6632
vn 0.9205 -0.0403 0.3886
vn 0.7674 -0.2740 0.5797
vn 0.6934 -0.1137 0.7115
vn 0.7497 -0.1589 0.6424
vn 0.4785 -0.1132 0.8708
vn 0.1930 0.3382 0.9211
vn -0.2857 0.8604 0.4221
vn 0.7759 0.1966 0.5995
vn 0.2259 0.2163 0.9498
vn 0.8583 0.1553 0.4891
vn 0.3850 -0.0837 0.9191
vn 0.8631 -0.1706 0.4754
vn 0.6095 -0.1419 0.7800
vn 0.8382 -0.2448 0.4874
vn 0.8133 -0.2317 0.5337
vn 0.8552 -0.2959 0.4255
vn 0.6798 -0.3121 0.6636
vn 0.8471 -0.3386 0.4095
vn 0.6740 -0.3847 0.6307
vn 0.7763 -0.3368 0.5329
vn 0.7814 -0.3585 0.5108
vn 0.6901 -0.3756 0.6187
vn 0.6420 -0.3116 0.7006
vn 0.6098 -0.3433 0.7144
vn 0.5815 -0.2400 0.7773
vn -0.1641 0.8067 0.5677
vn -0.6704 0.7383 0.0738
vn -0.6746 0.4362 0.5956
vn -0.4551 0.2630 0.8507
vn -0.7320 0.3055 0.6090
vn -0.3491 0.0858 0.9331
vn -0.1340 -0.0070 0.9910
vn 0.0294 -0.0008 0.9996
vn 0.8046 -0.2429 0.5419
vn 0.0801 -0.2689 0.9598
vn 0.7967 -0.3586 0.4865
vn 0.4013 -0.5895 0.7011
vn 0.6124 -0.2753 0.7411
vn 0.8207 -0.3735 0.4323
vn 0.7383 -0.3365 0.5845
vn 0.8134 -0.3783 0.4420
vn -0.9597 0.2771 0.0459
vn -0.9109 0.1141 0.3966
vn -0.9546 0.1230 0.2714
vn -0.9783 0.2073 0.0041
vn -0.8874 0.2497 -0.3874
vn -0.8307 0.3543 0.4294
vn -0.8728 0.4868 -0.0351
vn -0.8764 0.4290 0.2186
vn -0.7813 0.3598 0.5100
vn -0.7876 0.4689 0.3998
vn -0.8464 0.5313 0.0356
vn -0.7675 0.5079 -0.3910
vn -0.7760 0.3295 0.5378
vn -0.8998 0.3283 0.2875
vn -0.8209 0.5623 0.0991
vn -0.7472 0.6542 0.1170
vn -0.6147 0.1309 0.7778
vn -0.8252 0.2641 0.4993
vn -0.5410 0.0746 0.8377
vn -0.4432 -0.2161 0.8700
vn -0.5604 -0.3612 0.7453
vn -0.6096 -0.1540 0.7776
vn -0.5898 -0.3100 0.7457
vn -0.7031 0.4726 0.5313
vn -0.8033 0.5955 0.0113
vn -0.7506 0.5306 -0.3938
vn -0.8794 0.3963 0.2638
vn -0.7910 0.5803 0.1940
vn -0.7518 0.4861 0.4455
vn -0.9418 0.3359 -0.0143
vn -0.8495 0.3453 -0.3989
vn -0.9202 0.1849 0.3450
vn -0.9101 0.2231 0.3492
vn -0.8872 0.2815 0.3655
vn -0.9545 0.2302 0.1897
vn -0.9530 0.2420 0.1824
vn -0.9779 0.2091 0.0017
vn -0.8678 0.4061 -0.2863
vn -0.9224 0.1058 0.3715
vn -0.9356 0.0514 0.3494
vn -0.8879 -0.0135 0.4598
vn -0.9487 0.0644 0.3097
vn -0.8959 -0.0996 0.4330
vn -0.9596 -0.1180 0.2553
vn -0.9428 -0.1268 0.3084
vn -0.9243 -0.1637 0.3447
vn -0.9112 -0.1156 0.3953
vn -0.9796 -0.1356 0.1484
vn -0.8858 -0.1027 0.4525
vn -0.8532 0.0190 0.5212
vn -0.9882 -0.1452 0.0492
vn -0.7369 -0.1212 0.6651
vn -0.8175 0.0105 0.5759
vn -0.9701 0.1907 0.1500
vn -0.9530 0.2925 0.0786
vn -0.9317 0.3333 -0.1441
vn -0.9857 -0.0141 0.1678
vn -0.9267 0.1800 0.3300
vn -0.9275 0.3482 0.1363
vn -0.9208 0.3512 -0.1698
vn -0.8595 -0.0624 0.5072
vn -0.9622 0.0779 0.2611
vn -0.9590 0.2163 -0.1829
vn -0.9065 -0.0764 0.4152
vn -0.8748 -0.0507 0.4818
vn -0.9974 0.0693 -0.0191
vn -0.9709 0.1589 -0.1793
vn -0.9653 0.0086 0.2611
vn -0.8420 -0.0788 0.5337
vn -0.9766 -0.0590 0.2067
vn -0.9690 0.1035 -0.2241
vn -0.9905 0.0528 -0.1270
vn 0.7575 -0.4384 0.4838
vn 0.8551 -0.4761 0.2052
vn 0.9282 -0.3661 -0.0668
vn 0.8419 -0.5395 -0.0116
vn 0.5959 -0.1460 0.7897
vn 0.6134 -0.3444 0.7107
vn 0.7473 -0.4439 0.4945
vn 0.6149 -0.4739 0.6303
vn 0.7766 -0.4702 0.4194
vn 0.8784 -0.4760 0.0437
vn 0.6332 -0.6257 0.4556
vn 0.7252 -0.6829 0.0885
vn 0.5545 -0.2140 0.8042
vn 0.6240 -0.3319 0.7075
vn 0.5247 -0.3152 0.7908
vn 0.6524 -0.2827 0.7031
vn 0.5671 -0.4044 0.7176
vn 0.6783 -0.4136 0.6073
vn 0.7376 -0.5132 0.4388
vn 0.6367 -0.6373 0.4342
vn 0.6660 -0.7420 0.0764
vn 0.8043 -0.4830 0.3462
vn 0.8303 -0.5522 0.0760
vn 0.9530 -0.1436 0.2669
vn 0.8534 0.4784 -0.2070
vn 0.9832 -0.0783 0.1650
vn 0.9730 -0.0458 0.2262
vn 0.9753 -0.0973 0.1981
vn 0.5673 -0.7544 0.3303
vn 0.4019 -0.3589 0.8424
vn 0.4164 -0.2785 0.8654
vn 0.3020 -0.2533 0.9190
vn 0.4416 -0.2875 0.8499
vn 0.5500 -0.1478 0.8220
vn 0.8153 -0.3338 0.4732
vn 0.7027 -0.0957 0.7050
vn 0.8932 -0.2151 0.3949
vn 0.9246 -0.2982 0.2372
vn 0.9240 -0.3787 0.0530
vn 0.8193 -0.1185 0.5609
vn 0.9425 -0.1971 0.2698
vn 0.9467 -0.2418 0.2128
vn 0.9604 -0.2784 -0.0145
vn 0.8713 -0.0770 0.4847
vn 0.8500 0.1436 0.5069
vn 0.8379 0.4606 0.2931
vn 0.8680 0.4662 -0.1709
vn 0.9208 -0.0088 0.3899
vn 0.6355 -0.0458 0.7708
vn 0.9160 -0.0885 0.3913
vn 0.8800 -0.1829 0.4383
vn 0.5924 -0.0649 0.8030
vn 0.9373 -0.0453 0.3457
vn -0.4562 -0.8596 0.2303
vn -0.3318 -0.3198 0.8875
vn -0.0125 -0.1000 0.9949
vn 0.2164 -0.1907 0.9575
vn 0.0552 0.0140 0.9984
vn 0.2431 -0.0312 0.9695
vn 0.0967 0.1445 0.9848
vn 0.4508 0.0404 0.8917
vn 0.2204 0.1473 0.9642
vn 0.6874 -0.0148 0.7261
vn 0.4765 0.1078 0.8725
vn 0.7734 -0.0535 0.6316
vn 0.6618 0.0980 0.7433
vn 0.7768 0.0352 0.6288
vn 0.7182 0.1128 0.6867
vn 0.8962 -0.0918 0.4340
vn -0.5672 -0.0543 0.8218
vn -0.7772 0.0451 0.6276
vn -0.3116 0.0165 0.9501
vn -0.6904 0.1260 0.7124
vn -0.1277 0.0821 0.9884
vn -0.5979 0.2144 0.7724
vn -0.0869 0.1898 0.9780
vn -0.3733 0.1795 0.9102
vn -0.0187 0.2432 0.9698
vn 0.1249 0.3747 0.9187
vn 0.3609 0.3034 0.8819
vn 0.2734 0.4628 0.8433
vn 0.5799 0.1845 0.7935
vn 0.5067 0.1622 0.8468
vn 0.6384 0.1069 0.7623
vn -0.9644 0.0721 0.2546
vn -0.9450 -0.0852 0.3157
vn -0.9171 -0.3921 0.0716
vn -0.9564 -0.2592 0.1350
vn -0.9516 0.1549 0.2655
vn -0.9878 0.1171 0.1026
vn -0.9950 -0.0974 -0.0236
vn -0.9361 0.2092 0.2827
vn -0.9767 0.2113 0.0385
vn -0.9609 0.1740 -0.2156
vn -0.6304 0.2924 0.7191
vn -0.8863 0.3698 0.2788
vn -0.9298 0.3519 0.1076
vn -0.9405 0.3397 0.0115
vn -0.9551 0.2669 -0.1287
vn -0.9401 0.2333 -0.2486
vn -0.5990 0.4297 0.6757
vn -0.8342 0.3957 0.3841
vn -0.8872 0.3852 0.2540
vn -0.9136 0.3084 -0.2650
vn -0.4261 0.4515 0.7840
vn -0.7003 0.4426 0.5601
vn -0.0937 0.3467 0.9333
vn -0.2670 0.6790 0.6839
vn -0.0383 0.3758 0.9259
vn -0.9560 0.2891 -0.0495
vn -0.9039 0.3751 0.2057
vn -0.9253 0.3686 -0.0895
vn -0.9176 0.2964 -0.2648
vn -0.8022 0.4821 0.3524
vn -0.8939 0.4283 0.1325
vn -0.9369 0.3233 -0.1327
vn -0.8908 0.2288 -0.3926
vn -0.7169 0.4454 0.5363
vn -0.7964 0.4171 0.4380
vn -0.8425 0.4647 0.2723
vn -0.9499 0.3122 0.0139
vn -0.9601 0.2521 -0.1210
vn -0.9457 0.2921 -0.1423
vn -0.8199 0.2635 -0.5082
vn -0.6669 0.3750 0.6439
vn -0.7715 0.4222 0.4759
vn -0.8181 0.2871 -0.4983
vn 0.9876 -0.0544 0.1470
vn 0.7005 -0.1384 0.7001
vn 0.5387 0.0331 0.8419
vn 0.9290 0.0162 0.3697
vn 0.9974 -0.0068 0.0719
vn 0.4938 -0.0972 0.8641
vn 0.5995 -0.2833 0.7486
vn 0.8539 -0.1741 0.4904
vn 0.9972 -0.0660 0.0343
vn 0.7873 -0.3036 0.5366
vn 0.6970 -0.5066 0.5075
vn 0.8492 -0.5036 0.1590
vn 0.9155 -0.1922 0.3536
vn 0.7815 -0.2699 0.5626
vn 0.9664 -0.0932 0.2397
vn 0.5484 -0.3858 0.7419
vn 0.9706 -0.2255 0.0838
vn 0.7527 -0.5411 0.3750
vn 0.8472 -0.0186 0.5310
vn 0.9582 -0.1606 0.2368
vn 0.8478 -0.3087 0.4312
vn 0.9003 0.0006 0.4352
vn 0.8320 0.0980 0.5460
vn 0.8000 -0.0015 0.6000
vn 0.8258 -0.1361 0.5473
vn 0.8814 -0.2284 0.4135
vn 0.8883 -0.1639 0.4289
vn 0.9042 -0.0139 0.4270
vn 0.9044 -0.2694 0.3309
vn 0.7636 -0.4523 0.4607
vn 0.5562 -0.8211 -0.1283
vn 0.1798 -0.9707 0.1593
vn -0.3451 -0.7861 0.5127
vn -0.3341 -0.4227 0.8424
vn 0.5647 0.1270 0.8155
vn 0.6483 0.1106 0.7533
vn 0.6025 0.0943 0.7925
vn 0.8449 -0.1921 0.4993
vn 0.7802 -0.1017 0.6172
vn 0.8959 -0.1066 0.4313
vn 0.8599 -0.0592 0.5070
vn 0.8439 -0.0146 0.5363
vn 0.8879 -0.0273 0.4591
vn 0.8066 -0.1580 0.5696
vn 0.8253 -0.1328 0.5489
vn 0.9024 -0.3912 0.1809
vn 0.6355 -0.6110 -0.4720
vn 0.5080 -0.7483 -0.4265
vn 0.9116 -0.2459 -0.3294
vn 0.9573 -0.2595 -0.1275
vn 0.9592 -0.2778 -0.0524
vn 0.9292 -0.2559 0.2667
vn 0.7761 -0.2970 0.5562
vn 0.6911 -0.2981 0.6585
vn 0.2932 -0.9550 -0.0454
vn 0.9625 -0.2241 -0.1532
vn 0.9062 -0.3462 0.2428
vn 0.7778 -0.2840 0.5607
vn 0.5887 -0.2710 0.7616
vn 0.2171 -0.9732 0.0758
vn 0.7987 -0.1491 0.5830
vn 0.8320 -0.2419 0.4993
vn 0.9314 -0.3590 -0.0605
vn 0.5374 -0.5480 -0.6410
vn 0.5558 -0.5302 -0.6403
vn 0.1505 -0.6372 0.7558
vn 0.5497 -0.8120 0.1962
vn 0.3411 -0.9348 -0.0990
vn 0.1497 0.1182 0.9816
vn 0.9515 -0.2987 -0.0731
vn 0.0722 0.2956 0.9526
vn 0.3052 0.1031 0.9467
vn 0.2241 0.2134 0.9509
vn 0.4102 0.1555 0.8986
vn 0.3193 0.2252 0.9205
vn 0.6170 0.0967 0.7810
vn 0.4923 0.2006 0.8470
vn 0.7919 -0.0398 0.6094
vn 0.7129 0.0464 0.6998
vn 0.8584 -0.1241 0.4977
vn 0.6095 -0.7493 -0.2589
vn 0.1575 -0.8648 -0.4767
vn -0.0482 -0.8832 -0.4665
vn -0.8227 -0.4664 -0.3250
vn 0.7280 -0.1834 0.6606
vn 0.8977 -0.0951 0.4301
vn 0.5360 -0.5562 -0.6351
vn 0.4552 -0.5472 -0.7024
vn 0.3350 -0.7794 -0.5294
vn -0.4593 -0.6703 0.5829
vn 0.6271 -0.3494 0.6962
vn 0.3411 -0.9357 0.0898
vn 0.1618 -0.9868 0.0076
vn 0.1185 -0.9870 -0.1084
vn 0.2393 -0.9058 -0.3498
vn -0.0305 0.2406 0.9701
vn -0.6199 0.4106 0.6686
vn -0.5859 -0.1069 -0.8033
vn -0.5252 -0.3555 -0.7732
vn -0.8209 0.4367 -0.3679
vn -0.1214 0.2818 0.9518
vn -0.4330 0.3139 0.8450
vn -0.8945 0.3287 -0.3031
vn -0.2159 0.1989 0.9559
vn -0.8350 0.0301 -0.5494
vn -0.9532 -0.2836 -0.1049
vn -0.9280 -0.3569 -0.1069
vn -0.2116 0.3908 0.8958
vn -0.8443 0.1892 -0.5014
vn -0.1096 0.1429 0.9837
vn -0.1333 0.4356 0.8902
vn 0.4479 0.1393 0.8832
vn -0.1306 -0.6090 -0.7824
vn -0.4543 -0.5490 -0.7016
vn -0.0959 0.0463 0.9943
vn 0.6529 -0.2104 0.7276
vn 0.1767 -0.6725 -0.7187
vn 0.1439 -0.5759 -0.8048
vn -0.0544 -0.8313 0.5531
vn -0.0012 -0.9985 0.0538
vn 0.0230 -0.9971 -0.0720
vn 0.0253 -0.9971 -0.0722
vn 0.0677 -0.9785 -0.1949
vn -0.9332 0.3215 0.1605
vn -0.9477 0.3161 -0.0437
vn -0.9482 0.2973 -0.1123
vn -0.8394 0.3735 0.3949
vn -0.9394 0.3176 0.1290
vn -0.9585 0.2785 -0.0616
vn -0.9604 0.2208 -0.1700
vn -0.8858 -0.4628 -0.0332
vn -0.8847 -0.2802 -0.3725
vn -0.9111 -0.3740 -0.1734
vn -0.9240 0.0840 -0.3729
vn -0.8999 -0.4335 -0.0469
vn -0.9062 0.2771 0.3194
vn -0.8818 -0.4007 0.2488
vn -0.9753 0.2138 0.0552
vn -0.9836 0.1579 -0.0875
vn -0.9289 -0.0502 -0.3669
vn -0.8112 0.2828 0.5119
vn -0.9403 0.2411 0.2404
vn -0.9894 0.1443 -0.0139
vn -0.9528 -0.0888 -0.2902
vn -0.9152 -0.1108 -0.3874
vn -0.9934 0.0442 -0.1058
vn -0.8396 0.2676 0.4727
vn -0.9335 0.2604 0.2463
vn -0.9498 0.2591 0.1756
vn -0.9749 0.2114 -0.0697
vn -0.9352 -0.1030 -0.3388
vn -0.9537 0.0418 -0.2978
vn -0.9337 0.1347 -0.3318
vn -0.8331 -0.4029 -0.3789
vn -0.8093 -0.4248 -0.4057
vn -0.8499 -0.5119 -0.1252
vn -0.8868 -0.4372 -0.1495
vn -0.8589 -0.5069 -0.0733
vn -0.8766 -0.4735 0.0859
vn -0.7755 -0.4945 0.3926
vn -0.8239 -0.4494 0.3452
vn -0.6099 -0.3508 0.7106
vn -0.7101 -0.3735 0.5968
vn -0.5846 -0.3572 0.7284
vn -0.7696 0.3683 0.5215
vn -0.8616 0.2325 0.4513
vn -0.9137 0.3416 -0.2203
vn -0.9197 0.3841 -0.0811
vn -0.8668 0.3531 -0.3522
vn -0.8010 0.2700 -0.5343
vn -0.3832 0.2171 0.8978
vn -0.7486 0.2671 0.6068
vn -0.9359 0.3455 -0.0684
vn -0.4845 -0.3151 0.8161
vn -0.4550 -0.2885 0.8425
vn -0.8554 0.3913 -0.3394
vn -0.5526 -0.2441 -0.7969
vn -0.5696 -0.1739 0.8033
vn -0.6590 -0.1750 0.7315
vn -0.4653 -0.5172 -0.7183
vn -0.5376 -0.4183 -0.7322
vn -0.3441 -0.9381 0.0395
vn -0.3435 -0.9363 -0.0732
vn -0.3108 -0.9499 -0.0338
vn -0.2477 -0.9594 -0.1351
vn -0.9712 0.2038 0.1236
vn -0.3070 -0.2598 0.9156
vn -0.1460 -0.2233 0.9638
vn -0.9623 0.0310 -0.2703
vn -0.9105 0.3005 0.2841
vn -0.9882 0.1494 0.0326
vn -0.9472 0.1828 -0.2635
vn -0.9780 0.1503 0.1446
vn -0.9930 0.0626 -0.0998
vn -0.9898 0.1352 -0.0442
vn -0.9702 0.2384 -0.0442
vn -0.9455 0.2135 -0.2458
vn -0.9971 -0.0275 0.0710
vn -0.9943 -0.0089 -0.1064
vn -0.9987 0.0159 0.0487
vn -0.9953 -0.0521 -0.0822
vn 0.7657 0.3015 -0.5682
vn 0.7160 -0.0751 -0.6940
vn 0.7394 0.3405 -0.5808
vn 0.8464 0.2413 -0.4748
vn 0.8945 0.1536 -0.4199
vn 0.7365 0.0807 -0.6717
vn 0.8526 -0.3238 -0.4101
vn 0.5942 -0.3814 -0.7082
vn 0.5850 -0.3730 -0.7201
vn 0.6838 -0.3864 -0.6190
vn 0.8454 0.3700 -0.3852
vn 0.8371 0.2869 -0.4658
vn 0.8705 0.2184 -0.4411
vn 0.8048 0.2033 -0.5576
vn 0.8737 0.0981 -0.4765
vn 0.7996 0.0783 -0.5954
vn 0.6584 0.6144 -0.4348
vn 0.6557 0.5681 -0.4973
vn 0.8058 0.4362 -0.4006
vn 0.6353 0.5113 -0.5787
vn 0.8105 0.3636 -0.4591
vn 0.6343 0.3672 -0.6803
vn 0.7411 0.2840 -0.6084
vn 0.5464 0.2773 -0.7903
vn 0.7442 0.1944 -0.6390
vn 0.5384 0.1454 -0.8301
vn 0.7261 0.0558 -0.6853
vn 0.4892 -0.0002 -0.8722
vn 0.2592 0.3984 -0.8798
vn -0.1353 0.4236 -0.8957
vn 0.1337 0.7497 -0.6482
vn -0.2182 0.8168 -0.5341
vn -0.0677 0.7325 -0.6774
vn 0.3223 0.5671 -0.7579
vn 0.0282 0.4880 -0.8724
vn 0.0812 0.3475 -0.9342
vn 0.1174 0.1375 -0.9835
vn 0.1037 -0.0409 -0.9938
vn 0.5105 0.4859 -0.7094
vn 0.4183 0.2119 -0.8832
vn 0.2785 0.0578 -0.9587
vn -0.0327 0.5122 -0.8582
vn -0.3698 0.8144 -0.4472
vn -0.1499 0.6628 -0.7337
vn -0.2178 0.6003 -0.7695
vn -0.1319 0.3799 -0.9156
vn -0.1208 0.1335 -0.9837
vn -0.1205 -0.0511 -0.9914
vn 0.5913 0.3363 -0.7330
vn 0.4943 0.3208 -0.8079
vn 0.1105 -0.0223 -0.9936
vn 0.1437 0.0386 -0.9889
vn 0.3503 0.2281 -0.9084
vn -0.3474 -0.0427 -0.9367
vn -0.3245 -0.2647 -0.9081
vn -0.2083 0.0251 -0.9777
vn -0.3250 0.1674 -0.9308
vn -0.3449 0.8673 -0.3590
vn -0.3293 0.6353 -0.6986
vn -0.3037 0.3380 -0.8908
vn -0.3617 0.1033 -0.9265
vn -0.4212 -0.0791 -0.9035
vn 0.3843 0.1037 -0.9174
vn 0.2613 0.1968 -0.9450
vn 0.1528 0.0117 -0.9882
vn 0.0595 0.0360 -0.9976
vn -0.0056 -0.1042 -0.9945
vn 0.0248 -0.1295 -0.9913
vn -0.1138 -0.5020 -0.8573
vn -0.4859 -0.3220 -0.8126
vn -0.1213 -0.1798 -0.9762
vn -0.3437 0.5339 -0.7725
vn 0.1001 0.7312 -0.6748
vn -0.5790 0.5428 -0.6083
vn -0.6242 0.3792 -0.6831
vn -0.5277 0.4314 -0.7317
vn -0.6895 0.1336 -0.7119
vn -0.5954 0.0721 -0.8002
vn -0.7947 -0.1882 -0.5771
vn -0.7179 -0.0399 -0.6950
vn -0.6417 -0.1737 -0.7471
vn 0.0822 -0.1087 -0.9907
vn 0.0399 -0.1297 -0.9907
vn -0.1717 -0.2294 -0.9581
vn -0.0337 -0.4388 -0.8979
vn -0.2566 -0.3118 -0.9148
vn -0.8837 0.1784 -0.4328
vn -0.8939 0.0669 -0.4433
vn -0.8010 0.0316 -0.5978
vn -0.8703 -0.1872 -0.4556
vn 0.8657 0.3112 -0.3922
vn 0.8152 0.2951 -0.4984
vn 0.7535 0.3157 -0.5766
vn 0.7169 0.1663 -0.6770
vn 0.7030 0.1945 -0.6841
vn 0.6385 0.1447 -0.7559
vn 0.8197 0.1058 -0.5630
vn 0.6867 0.6839 -0.2463
vn 0.9188 0.2686 -0.2893
vn 0.7637 0.1760 -0.6211
vn 0.8988 -0.0832 -0.4304
vn 0.7896 -0.0256 -0.6131
vn 0.9510 -0.0607 -0.3033
vn 0.8145 0.0230 -0.5798
vn 0.9499 0.1280 -0.2851
vn 0.8272 0.0949 -0.5539
vn 0.9086 0.1678 -0.3824
vn 0.7934 0.1142 -0.5979
vn 0.8675 0.2329 -0.4396
vn 0.6892 0.1634 -0.7059
vn 0.8014 0.1810 -0.5700
vn 0.3584 0.0919 -0.9290
vn 0.4755 -0.1673 -0.8636
vn 0.2131 -0.2803 -0.9360
vn 0.0711 0.6596 -0.7483
vn 0.0816 0.9935 0.0795
vn 0.6041 0.7952 0.0522
vn 0.3366 0.8096 -0.4809
vn 0.9430 0.1378 -0.3029
vn 0.3614 0.4879 -0.7946
vn 0.8562 0.2181 -0.4684
vn 0.2396 0.4034 -0.8831
vn 0.6968 -0.0377 -0.7163
vn 0.3873 -0.1237 -0.9136
vn 0.6342 0.0107 -0.7731
vn 0.2090 -0.1311 -0.9691
vn 0.5324 0.0559 -0.8447
vn 0.0345 -0.0737 -0.9967
vn 0.5225 0.1109 -0.8454
vn -0.0721 -0.0249 -0.9971
vn -0.2086 -0.0214 -0.9778
vn -0.2336 -0.2489 -0.9399
vn -0.0899 0.9915 0.0939
vn -0.1424 0.8756 -0.4615
vn -0.1661 0.4604 -0.8720
vn -0.1527 0.4097 -0.8993
vn 0.0949 -0.2059 -0.9740
vn -0.0281 -0.3266 -0.9447
vn -0.1902 -0.1534 -0.9697
vn -0.5639 -0.3229 -0.7601
vn -0.4244 -0.2728 -0.8634
vn -0.4172 -0.1883 -0.8891
vn -0.6933 -0.3330 -0.6391
vn -0.5603 -0.2122 -0.8007
vn -0.6056 -0.0405 -0.7947
vn -0.5409 -0.2337 -0.8079
vn -0.2829 0.5419 -0.7914
vn 0.0580 0.8213 -0.5675
vn -0.4446 0.8942 0.0520
vn -0.7924 0.4691 -0.3900
vn -0.9991 0.0422 0.0059
vn -0.9507 0.1174 -0.2869
vn -0.6896 0.2187 -0.6904
vn -0.1549 -0.2384 -0.9587
vn -0.1317 -0.3962 -0.9087
vn -0.4859 -0.5412 -0.6863
vn -0.2511 -0.5563 -0.7922
vn -0.4061 -0.3375 -0.8492
vn -0.7882 -0.5570 -0.2619
vn -0.6845 -0.5303 -0.5002
vn -0.7545 -0.4470 -0.4805
vn -0.8338 -0.4040 -0.3763
vn -0.7699 0.2601 -0.5828
vn -0.8359 0.2217 -0.5021
vn -0.9782 0.0270 -0.2060
vn -0.7581 0.1472 -0.6353
vn -0.4560 -0.2288 -0.8601
vn -0.6405 -0.4764 -0.6024
vn -0.6088 -0.3730 -0.7002
vn -0.4559 -0.4821 -0.7482
vn -0.6789 -0.6958 -0.2344
vn -0.6634 -0.6325 -0.3998
vn -0.5702 -0.6918 -0.4430
vn -0.7646 -0.3395 -0.5479
vn -0.6778 -0.3088 -0.6673
vn -0.8229 -0.5175 -0.2345
vn -0.8021 -0.4451 -0.3981
vn -0.7874 -0.4817 -0.3847
vn -0.8549 -0.3665 -0.3672
vn 0.8616 0.3400 -0.3768
vn 0.8585 0.1866 -0.4777
vn 0.7854 0.1296 -0.6053
vn 0.8205 -0.0350 -0.5706
vn 0.8758 0.0168 -0.4825
vn 0.8685 -0.2284 -0.4400
vn 0.9562 -0.0383 -0.2903
vn 0.8784 -0.2594 -0.4015
vn 0.9611 -0.0041 -0.2761
vn 0.9611 0.0419 -0.2731
vn 0.4083 -0.6131 0.6763
vn 0.9491 -0.2687 0.1644
vn 0.9814 0.0935 -0.1678
vn 0.9118 0.0676 -0.4051
vn 0.6822 -0.2656 0.6812
vn 0.6748 -0.6753 0.2977
vn 0.9498 -0.2809 -0.1379
vn 0.7124 -0.4575 -0.5322
vn 0.3573 -0.9311 -0.0735
vn 0.9357 0.0539 -0.3486
vn 0.9580 0.0756 -0.2765
vn 0.4246 0.2680 -0.8648
vn 0.8815 0.0640 -0.4678
vn 0.9717 -0.0126 -0.2360
vn 0.4408 -0.1610 -0.8830
vn 0.8722 0.0128 -0.4890
vn 0.9152 -0.0599 -0.3985
vn 0.2182 -0.2642 -0.9395
vn 0.8711 -0.0107 -0.4909
vn 0.7628 -0.1116 -0.6369
vn 0.0533 -0.2516 -0.9664
vn 0.8410 -0.0035 -0.5410
vn 0.1310 -0.2422 -0.9614
vn 0.2466 -0.4887 -0.8369
vn 0.4172 -0.5104 0.7520
vn 0.4908 -0.5630 0.6650
vn 0.6987 -0.5359 -0.4740
vn -0.0209 -0.5080 -0.8611
vn 0.1095 -0.9776 0.1795
vn 0.0265 -0.9975 -0.0655
vn -0.0096 -0.9788 -0.2045
vn -0.2846 0.3017 -0.9099
vn -0.3843 -0.2624 -0.8851
vn -0.4091 -0.3446 -0.8449
vn -0.6746 -0.3134 -0.6683
vn -0.5883 -0.3471 -0.7304
vn -0.1943 -0.2973 -0.9348
vn -0.7239 -0.2111 -0.6568
vn -0.1653 -0.6870 0.7076
vn -0.4619 -0.6596 -0.5930
vn -0.6554 -0.2471 -0.7137
vn -0.4287 -0.7360 -0.5239
vn -0.1474 -0.9870 0.0642
vn -0.1382 -0.9886 -0.0596
vn -0.9792 0.0158 -0.2023
vn -0.9583 -0.0834 -0.2734
vn -0.9207 0.0319 -0.3889
vn -0.9912 -0.0278 -0.1292
vn -0.9012 -0.0438 -0.4312
vn -0.9402 -0.1810 -0.2884
vn -0.9727 -0.1940 -0.1271
vn -0.8769 -0.2472 -0.4123
vn -0.8608 -0.2387 -0.4495
vn -0.9274 -0.1427 0.3459
vn -0.8305 0.1181 -0.5444
vn -0.8772 -0.1355 -0.4607
vn -0.9456 -0.3183 0.0677
vn -0.9580 -0.2804 0.0610
vn -0.9414 -0.2845 0.1812
vn -0.7094 -0.0637 -0.7019
vn -0.7047 -0.1376 -0.6960
vn -0.8192 -0.5720 0.0424
vn -0.7797 -0.6254 0.0298
vn -0.8602 -0.5046 -0.0732
vn -0.9896 -0.0702 -0.1256
vn -0.8501 -0.0229 -0.5261
vn -0.9328 -0.1798 -0.3124
vn -0.9072 -0.2275 -0.3539
vn -0.9599 -0.1781 -0.2163
vn -0.9224 -0.0354 -0.3846
vn -0.9943 -0.1038 0.0231
vn -0.9687 0.0667 -0.2389
vn -0.9782 -0.1384 0.1547
vn -0.2498 -0.2116 -0.9449
vn -0.5907 -0.4024 -0.6994
vn -0.4298 -0.3175 -0.8453
vn -0.3030 -0.2903 -0.9077
vn -0.7033 -0.4207 -0.5730
vn -0.4558 -0.3348 -0.8247
vn 0.7577 -0.6311 0.1659
vn 0.6957 -0.7179 -0.0251
vn -0.3510 -0.9236 0.1543
vn -0.3889 -0.9185 -0.0720
vn 0.5464 -0.2730 -0.7918
vn 0.5023 -0.2404 -0.8306
vn 0.6280 -0.1761 -0.7581
vn 0.7503 -0.1932 -0.6323
vn 0.8315 0.4473 -0.3294
vn 0.9391 0.2697 -0.2132
vn 0.8112 0.3369 -0.4781
vn 0.9409 0.1162 -0.3180
vn 0.8675 0.0643 -0.4933
vn 0.9202 -0.1854 -0.3447
vn 0.8394 -0.1753 -0.5144
vn 0.3326 -0.2430 -0.9112
vn 0.1684 -0.2335 -0.9577
vn 0.0350 -0.2781 -0.9599
vn 0.1895 -0.2281 -0.9550
vn -0.0108 -0.2155 -0.9764
vn 0.1199 0.0668 -0.9905
vn 0.1993 0.7508 -0.6297
vn 0.6565 0.6087 -0.4455
vn 0.2487 0.7502 -0.6127
vn 0.3497 0.6403 -0.6839
vn 0.6299 0.3636 -0.6863
vn 0.3325 0.3558 -0.8734
vn 0.6943 0.0729 -0.7160
vn 0.3972 0.0991 -0.9124
vn 0.7427 -0.1694 -0.6478
vn 0.4600 -0.0720 -0.8850
vn -0.0873 -0.1312 -0.9875
vn 0.1026 -0.4251 -0.8993
vn 0.1031 -0.1765 -0.9789
vn 0.2079 -0.1110 -0.9718
vn 0.3011 -0.4886 -0.8189
vn 0.2395 0.1113 -0.9645
vn 0.1079 0.5644 -0.8184
vn 0.0798 0.8921 -0.4448
vn 0.2146 0.7032 -0.6778
vn 0.1979 0.4015 -0.8942
vn 0.2325 0.0998 -0.9675
vn 0.2048 -0.0500 -0.9775
vn -0.6641 0.2209 -0.7143
vn -0.4478 0.1197 -0.8861
vn -0.5214 0.1807 -0.8339
vn -0.1092 -0.0358 -0.9934
vn 0.4706 -0.1605 -0.8677
vn 0.0119 -0.0928 -0.9956
vn 0.3856 0.1798 -0.9050
vn 0.4258 0.3554 -0.8321
vn 0.2154 -0.1289 0.9680
vn 0.2969 -0.0762 0.9519
vn 0.4668 0.7911 -0.3953
vn 0.3409 0.8513 -0.3988
vn 0.2394 0.6269 -0.7414
vn 0.2234 0.3685 -0.9024
vn 0.1707 0.1855 -0.9677
vn 0.2648 0.0682 -0.9619
vn 0.1911 0.0434 -0.9806
vn 0.1037 -0.1087 -0.9886
vn 0.1401 -0.0803 -0.9869
vn -0.6517 0.3528 -0.6715
vn -0.5273 0.1802 -0.8304
vn 0.8100 0.2597 0.5258
vn 0.2973 0.1396 0.9445
vn 0.8369 0.1862 -0.5147
vn 0.7659 0.0566 0.6405
vn 0.5874 -0.0054 0.8093
vn -0.3925 0.2354 -0.8891
vn -0.4177 0.0427 -0.9076
vn -0.1363 0.5750 -0.8067
vn 0.0240 0.5993 -0.8001
vn -0.0032 0.7854 -0.6189
vn -0.1367 0.5387 -0.8314
vn -0.3386 0.2268 -0.9132
vn -0.3904 0.0743 -0.9177
vn 0.0207 0.0481 -0.9986
vn -0.3607 -0.0836 -0.9289
vn -0.8251 0.4499 -0.3417
vn -0.5139 0.5956 -0.6174
vn -0.7953 0.4088 -0.4476
vn -0.7615 0.3722 -0.5306
vn -0.6039 0.4383 -0.6658
vn 0.8608 0.3018 -0.4097
vn 0.8683 0.2075 -0.4505
vn 0.9494 0.2497 -0.1904
vn 0.1161 -0.3243 0.9388
vn 0.9309 0.2347 -0.2799
vn -0.3326 0.1202 0.9354
vn -0.1483 0.0993 0.9840
vn -0.8314 0.2085 -0.5151
vn -0.6987 0.2236 -0.6795
vn -0.7821 0.1299 -0.6095
vn -0.7208 0.0469 -0.6916
vn -0.7026 -0.0418 -0.7104
vn -0.8838 0.3173 -0.3440
vn -0.9071 0.1822 -0.3795
vn -0.9646 0.1044 -0.2424
vn -0.9087 0.1177 -0.4005
vn -0.8186 0.0706 -0.5700
vn -0.9634 0.0578 -0.2618
vn -0.9042 0.0189 -0.4267
vn -0.7949 -0.0140 -0.6066
vn 0.8914 -0.4020 -0.2093
vn 0.8704 -0.3052 -0.3864
vn 0.8601 -0.3632 -0.3581
vn 0.7621 -0.2405 -0.6011
vn 0.0674 -0.9755 -0.2096
vn 0.7402 -0.6644 0.1036
vn -0.1067 -0.9941 0.0191
vn -0.2912 -0.9153 0.2783
vn 0.6320 -0.6782 -0.3750
vn 0.4319 -0.3759 0.8198
vn -0.3981 0.3821 -0.8340
vn 0.3993 -0.3784 0.8351
vn -0.1220 0.1217 0.9850
vn 0.1166 -0.2714 0.9554
vn 0.5258 -0.1923 -0.8286
vn 0.8757 -0.3963 -0.2758
vn 0.6956 -0.4797 -0.5348
vn 0.6706 -0.2987 -0.6791
vn 0.6564 -0.6955 -0.2924
vn 0.1945 -0.2139 -0.9573
vn 0.5031 -0.4861 -0.7145
vn 0.0945 -0.4195 -0.9028
vn 0.6061 -0.7262 -0.3243
vn 0.4486 -0.5799 -0.6800
vn 0.1827 -0.6491 -0.7384
vn 0.6875 -0.5834 -0.4324
vn 0.8797 0.3473 -0.3248
vn 0.8032 0.2188 -0.5540
vn 0.9949 -0.0720 -0.0702
vn 0.7131 0.1010 -0.6938
vn 0.0590 -0.2212 -0.9734
vn 0.4290 -0.8342 -0.3465
vn 0.5291 -0.8432 -0.0951
vn 0.5497 -0.8093 0.2072
vn 0.4441 -0.4166 -0.7933
vn 0.8021 -0.4764 -0.3601
vn 0.8618 -0.5072 -0.0123
vn 0.8667 -0.4627 0.1862
vn 0.4819 -0.3996 0.7798
vn 0.1243 -0.4320 -0.8933
vn 0.2971 -0.3548 -0.8865
vn 0.2985 -0.2543 -0.9199
vn 0.8524 -0.3140 -0.4181
vn 0.5597 -0.2193 -0.7991
vn 0.4188 -0.1597 -0.8939
vn 0.8788 -0.3076 -0.3649
vn 0.7323 -0.2487 -0.6340
vn 0.7657 0.1513 -0.6252
vn 0.5086 -0.1622 -0.8456
vn 0.4609 0.5176 -0.7209
vn 0.0666 0.8241 -0.5626
vn 0.5702 0.8038 -0.1697
vn 0.1775 0.9770 0.1180
vn 0.9837 0.0957 -0.1525
vn 0.6161 0.7078 -0.3456
vn 0.9866 0.0907 -0.1359
vn 0.3774 0.5628 -0.7354
vn 0.8812 0.1904 -0.4327
vn 0.3090 0.3941 -0.8656
vn -0.3303 -0.2048 -0.9214
vn -0.1751 -0.2163 -0.9605
vn 0.0807 -0.1188 -0.9896
vn 0.5081 -0.0849 -0.8571
vn 0.0888 0.0082 -0.9960
vn 0.6157 -0.1407 -0.7753
vn 0.0806 0.0037 -0.9967
vn 0.9465 -0.1525 -0.2842
vn -0.5952 -0.2182 -0.7734
vn 0.3471 0.9357 0.0635
vn 0.0689 0.9976 0.0098
vn -0.1449 0.9052 -0.3995
vn -0.0841 0.6573 -0.7489
vn -0.0614 0.3858 -0.9205
vn -0.6703 -0.1147 -0.7332
vn -0.8279 -0.1567 -0.5385
vn -0.7066 -0.1400 -0.6937
vn -0.6527 -0.1115 -0.7494
vn -0.8549 0.0389 -0.5173
vn -0.5872 -0.0229 -0.8091
vn -0.7885 0.0989 -0.6071
vn -0.5577 0.0795 -0.8263
vn -0.6840 0.1154 -0.7203
vn -0.4984 0.0305 -0.8664
vn -0.6124 -0.1780 -0.7702
vn -0.6327 -0.0113 -0.7743
vn -0.1104 -0.3772 -0.9195
vn -0.2870 -0.4108 -0.8654
vn -0.4505 0.8887 0.0850
vn -0.2009 0.9724 -0.1188
vn -0.8448 0.3220 -0.4274
vn -0.8705 0.0967 -0.4826
vn -0.7450 0.2276 -0.6270
vn -0.8935 -0.1556 -0.4213
vn -0.7769 -0.0915 -0.6229
vn -0.9077 -0.2210 -0.3568
vn -0.9269 0.1182 -0.3562
vn -0.8874 0.1400 -0.4392
vn -0.8333 0.2349 -0.5004
vn -0.8418 0.1621 -0.5148
vn -0.7820 0.0911 -0.6166
vn -0.8067 0.1816 -0.5624
vn -0.7563 0.0541 -0.6520
vn -0.7054 0.0739 -0.7049
vn -0.8072 0.0596 -0.5872
vn -0.1862 0.6839 -0.7054
vn -0.8447 0.3210 -0.4283
vn -0.8557 0.1692 -0.4890
vn -0.9288 0.0416 -0.3682
vn -0.6766 -0.0158 -0.7362
vn -0.4581 -0.1951 -0.8673
vn -0.8412 0.0715 -0.5359
vn 0.9951 -0.0843 0.0512
vn 0.9956 -0.0907 -0.0235
vn 0.8541 -0.0302 -0.5193
vn 0.9461 -0.2609 -0.1921
vn 0.9782 0.0280 -0.2056
vn 0.9903 -0.0253 -0.1367
vn 0.9825 0.0439 -0.1810
vn 0.4806 0.2575 -0.8383
vn 0.9319 -0.1636 -0.3238
vn 0.9840 -0.1572 -0.0844
vn 0.9713 -0.0753 -0.2255
vn 0.9848 -0.1595 -0.0689
vn 0.5296 -0.2633 -0.8064
vn 0.9773 -0.1325 -0.1654
vn 0.9794 -0.1031 -0.1734
vn 0.9644 -0.2112 -0.1594
vn 0.8675 -0.2294 -0.4413
vn 0.7924 -0.3934 -0.4662
vn 0.9739 -0.0789 0.2126
vn 0.8591 -0.0913 -0.5035
vn 0.9817 -0.1888 0.0236
vn 0.8185 -0.2970 -0.4917
vn 0.9153 -0.2382 0.3248
vn 0.9013 -0.0405 -0.4312
vn 0.8141 -0.0062 -0.5807
vn 0.9028 -0.3626 -0.2312
vn 0.8279 -0.4233 0.3681
vn 0.5938 -0.7576 0.2710
vn 0.9432 -0.2960 -0.1510
vn 0.5613 -0.4167 -0.7150
vn 0.1491 -0.9859 -0.0757
vn -0.2342 0.2754 -0.9324
vn -0.2169 -0.2822 -0.9345
vn 0.5247 -0.3898 -0.7568
vn -0.0538 -0.2380 -0.9698
vn 0.4039 -0.3163 -0.8584
vn 0.0937 -0.2722 -0.9577
vn 0.8997 -0.2176 -0.3783
vn 0.2043 -0.2790 -0.9383
vn 0.2301 -0.4361 -0.8700
vn -0.0649 -0.6795 0.7308
vn 0.4796 -0.8548 0.1982
vn 0.7601 -0.5018 -0.4128
vn 0.1424 -0.5616 -0.8150
vn 0.0500 -0.9958 0.0763
vn 0.1064 -0.9927 -0.0569
vn 0.1219 -0.9808 -0.1523
vn -0.8839 0.0160 -0.4674
vn -0.9013 0.0756 -0.4264
vn -0.8060 0.0262 -0.5913
vn -0.9150 -0.0863 -0.3940
vn -0.7913 0.0025 -0.6115
vn -0.7671 -0.0961 -0.6343
vn -0.7859 -0.0356 -0.6173
vn -0.4418 -0.1184 -0.8893
vn -0.6957 -0.0828 -0.7136
vn -0.5212 -0.4002 0.7538
vn -0.4836 -0.4555 -0.7474
vn -0.1472 -0.9692 0.1976
vn -0.1084 -0.9920 -0.0645
vn -0.2267 -0.9400 -0.2549
vn -0.7703 0.1565 -0.6181
vn -0.7838 0.0685 -0.6173
vn -0.9120 0.0601 -0.4058
vn -0.5925 -0.0797 -0.8016
vn -0.8300 -0.1018 -0.5483
vn -0.9307 0.0232 -0.3652
vn -0.6788 -0.2385 -0.6945
vn -0.8996 -0.0106 -0.4365
vn -0.9452 -0.0032 -0.3266
vn -0.9122 -0.1775 -0.3692
vn -0.9497 0.0075 -0.3130
vn -0.9162 0.0553 -0.3969
vn -0.4629 -0.8630 -0.2024
vn -0.8793 -0.1896 0.4369
vn -0.9556 0.0898 -0.2808
vn -0.8735 0.0265 -0.4861
vn -0.7294 -0.3920 0.5607
vn -0.8079 -0.5470 -0.2194
vn -0.8118 -0.3515 -0.4663
vn -0.8854 0.3234 -0.3338
vn -0.9223 0.1680 -0.3481
vn -0.8474 0.1174 -0.5178
vn -0.7071 -0.4146 -0.5728
vn -0.6619 -0.0130 -0.7495
vn -0.7098 -0.1790 -0.6813
s 0
f 16//1 13//1 5//1 10//1
f 13//2 16//2 15//2 12//2
f 15//3 16//3 10//3 9//3
f 12//4 15//4 14//4 11//4
f 14//5 15//5 9//5 8//5
f 11//6 14//6 8//6 3//6
f 13//7 12//7 4//7 5//7
f 12//8 11//8 3//8 4//8
f 10//9 5//9 2//9 7//9
f 9//10 10//10 7//10 6//10
f 4//11 9//11 6//11 1//11
f 9//12 4//12 3//12 8//12
f 7//13 2//13 1//13 6//13
f 5//14 4//14 1//14 2//14
f 1940//15 1934//15 1931//15 1938//15
f 1934//16 1940//16 1939//16 1933//16
f 1939//17 1940//17 1938//17 1937//17
f 1933//18 1939//18 806//18 800//18
f 806//19 1939//19 1937//19 804//19
f 1938//20 1931//20 1929//20 1936//20
f 1937//21 1938//21 1936//21 1935//21
f 804//22 1937//22 1935//22 802//22
f 1936//23 1929//23 1928//23 1935//23
f 1935//24 1928//24 797//24 802//24
f 1934//25 1924//25 1921//25 1931//25
f 1924//26 1934//26 1933//26 1923//26
f 1923//27 1933//27 800//27 791//27
f 1932//28 1922//28 1920//28 1930//28
f 1922//29 1932//29 1931//29 1921//29
f 1931//30 1932//30 1930//30 1929//30
f 1930//31 1920//31 1918//31 1927//31
f 1929//32 1930//32 1927//32 1926//32
f 1928//33 1929//33 1926//33 1925//33
f 1919//34 1928//34 1925//34 1916//34
f 1928//35 1919//35 788//35 797//35
f 1927//36 1918//36 1917//36 1926//36
f 1926//37 1917//37 1916//37 1925//37
f 1924//38 1915//38 1912//38 1921//38
f 1915//39 1924//39 1923//39 1914//39
f 1914//40 1923//40 791//40 782//40
f 1922//41 1913//41 1910//41 1920//41
f 1913//42 1922//42 1921//42 1912//42
f 1920//43 1910//43 1908//43 1918//43
f 788//44 1919//44 1916//44 785//44
f 1918//45 1908//45 1880//45 1891//45
f 1917//46 1918//46 1891//46 1890//46
f 1916//47 1917//47 1890//47 1889//47
f 1907//48 1916//48 1889//48 1878//48
f 1916//49 1907//49 777//49 785//49
f 1915//50 1752//50 1749//50 1912//50
f 1752//51 1915//51 1914//51 1751//51
f 1751//52 1914//52 782//52 670//52
f 1913//53 1750//53 1747//53 1910//53
f 1750//54 1913//54 1912//54 1749//54
f 1911//55 1748//55 1746//55 1909//55
f 1748//56 1911//56 1910//56 1747//56
f 1910//57 1911//57 1909//57 1908//57
f 1909//58 1746//58 1629//58 1881//58
f 1908//59 1909//59 1881//59 1880//59
f 777//60 1907//60 1878//60 737//60
f 1906//61 1897//61 1894//61 1904//61
f 1897//62 1906//62 1905//62 1896//62
f 1905//63 1906//63 1904//63 1903//63
f 1896//64 1905//64 774//64 766//64
f 774//65 1905//65 1903//65 772//65
f 1904//66 1894//66 1892//66 1901//66
f 1903//67 1904//67 1901//67 1900//67
f 772//68 1903//68 1900//68 770//68
f 1902//69 1893//69 1808//69 1827//69
f 1893//70 1902//70 1901//70 1892//70
f 1901//71 1902//71 1827//71 1826//71
f 1900//72 1901//72 1826//72 1825//72
f 770//73 1900//73 1825//73 711//73
f 1899//74 1887//74 1885//74 1897//74
f 1887//75 1899//75 1898//75 1886//75
f 1898//76 1899//76 1897//76 1896//76
f 1886//77 1898//77 768//77 747//77
f 768//78 1898//78 1896//78 766//78
f 1897//79 1885//79 1883//79 1894//79
f 1895//80 1884//80 1882//80 1893//80
f 1884//81 1895//81 1894//81 1883//81
f 1894//82 1895//82 1893//82 1892//82
f 1893//83 1882//83 1791//83 1808//83
f 1891//84 1880//84 1879//84 1890//84
f 1890//85 1879//85 1878//85 1889//85
f 1888//86 1869//86 1866//86 1886//86
f 1869//87 1888//87 751//87 724//87
f 751//88 1888//88 1886//88 747//88
f 1887//89 1867//89 1865//89 1885//89
f 1867//90 1887//90 1886//90 1866//90
f 1885//91 1865//91 1863//91 1883//91
f 1884//92 1864//92 1862//92 1882//92
f 1864//93 1884//93 1883//93 1863//93
f 1882//94 1862//94 1772//94 1791//94
f 1881//95 1629//95 1628//95 1880//95
f 1880//96 1628//96 1626//96 1877//96
f 1879//97 1880//97 1877//97 1876//97
f 1878//98 1879//98 1876//98 1875//98
f 737//99 1878//99 1875//99 733//99
f 1877//100 1626//100 1625//100 1876//100
f 1876//101 1625//101 1623//101 1873//101
f 1875//102 1876//102 1873//102 1872//102
f 733//103 1875//103 1872//103 729//103
f 1874//104 1624//104 1622//104 1871//104
f 1624//105 1874//105 1873//105 1623//105
f 1873//106 1874//106 1871//106 1870//106
f 1872//107 1873//107 1870//107 1869//107
f 729//108 1872//108 1869//108 724//108
f 1871//109 1622//109 1621//109 1868//109
f 1870//110 1871//110 1868//110 1867//110
f 1869//111 1870//111 1867//111 1866//111
f 1868//112 1621//112 1620//112 1867//112
f 1867//113 1620//113 1619//113 1865//113
f 1865//114 1619//114 1617//114 1863//114
f 1864//115 1863//115 1861//115 1862//115
f 1863//116 1617//116 1613//116 1861//116
f 1862//117 1614//117 1466//117 1772//117
f 1614//118 1862//118 1861//118 1613//118
f 1860//119 1846//119 1842//119 1857//119
f 1846//120 1860//120 1859//120 1845//120
f 1859//121 1860//121 1857//121 1856//121
f 1845//122 1859//122 1858//122 1844//122
f 1858//123 1859//123 1856//123 1855//123
f 1844//124 1858//124 1855//124 1840//124
f 1857//125 1842//125 1841//125 1856//125
f 1856//126 1841//126 1837//126 1854//126
f 1855//127 1856//127 1854//127 1853//127
f 1840//128 1855//128 1853//128 1836//128
f 1854//129 1837//129 1836//129 1853//129
f 1852//130 1826//130 1822//130 1849//130
f 1826//131 1852//131 1851//131 1825//131
f 1851//132 1852//132 1849//132 1848//132
f 1825//133 1851//133 1848//133 1821//133
f 1850//134 1823//134 1819//134 1846//134
f 1823//135 1850//135 1849//135 1822//135
f 1849//136 1850//136 1846//136 1845//136
f 1848//137 1849//137 1845//137 1844//137
f 1821//138 1848//138 1844//138 1818//138
f 1847//139 1820//139 1817//139 1843//139
f 1820//140 1847//140 1846//140 1819//140
f 1846//141 1847//141 1843//141 1842//141
f 1818//142 1844//142 714//142 707//142
f 714//143 1844//143 1840//143 713//143
f 1843//144 1817//144 1815//144 1839//144
f 1842//145 1843//145 1839//145 1838//145
f 1841//146 1842//146 1838//146 1837//146
f 713//147 1840//147 1836//147 712//147
f 1839//148 1815//148 1812//148 1835//148
f 1838//149 1839//149 1835//149 1834//149
f 1837//150 1838//150 1834//150 1833//150
f 1836//151 1837//151 1833//151 1832//151
f 1814//152 1836//152 1832//152 1811//152
f 1836//153 1814//153 705//153 712//153
f 1835//154 1812//154 1810//154 1831//154
f 1834//155 1835//155 1831//155 1830//155
f 1833//156 1834//156 1830//156 1829//156
f 1832//157 1833//157 1829//157 1828//157
f 1811//158 1832//158 1828//158 1809//158
f 1827//159 1808//159 1806//159 1823//159
f 1826//160 1827//160 1823//160 1822//160
f 711//161 1825//161 1821//161 709//161
f 1824//162 1807//162 1805//162 1820//162
f 1807//163 1824//163 1823//163 1806//163
f 1823//164 1824//164 1820//164 1819//164
f 709//165 1821//165 1818//165 707//165
f 1820//166 1805//166 1803//166 1817//166
f 1817//167 1803//167 1799//167 1815//167
f 1816//168 1800//168 1796//168 1813//168
f 1800//169 1816//169 1815//169 1799//169
f 1815//170 1816//170 1813//170 1812//170
f 1797//171 1814//171 1811//171 1794//171
f 1814//172 1797//172 698//172 705//172
f 1813//173 1796//173 1795//173 1812//173
f 1812//174 1795//174 1793//174 1810//174
f 1794//175 1811//175 1809//175 1792//175
f 1808//176 1791//176 1789//176 1806//176
f 1807//177 1806//177 1804//177 1805//177
f 1806//178 1789//178 1787//178 1804//178
f 1805//179 1788//179 1786//179 1803//179
f 1788//180 1805//180 1804//180 1787//180
f 1803//181 1786//181 1785//181 1802//181
f 1803//182 1802//182 1798//182 1799//182
f 1802//183 1785//183 1781//183 1798//183
f 1784//184 1801//184 1797//184 1780//184
f 1801//185 1784//185 692//185 699//185
f 1801//186 699//186 698//186 1797//186
f 1800//187 1799//187 1795//187 1796//187
f 1799//188 1782//188 1778//188 1795//188
f 1782//189 1799//189 1798//189 1781//189
f 1780//190 1797//190 1794//190 1777//190
f 1795//191 1778//191 1775//191 1793//191
f 1777//192 1794//192 1792//192 1774//192
f 1791//193 1772//193 1770//193 1789//193
f 1790//194 1771//194 1768//194 1788//194
f 1771//195 1790//195 1789//195 1770//195
f 1789//196 1790//196 1788//196 1787//196
f 1788//197 1768//197 1766//197 1786//197
f 1786//198 1766//198 1764//198 1782//198
f 1785//199 1786//199 1782//199 1781//199
f 692//200 1784//200 1780//200 691//200
f 1783//201 1765//201 1763//201 1779//201
f 1765//202 1783//202 1782//202 1764//202
f 1782//203 1783//203 1779//203 1778//203
f 691//204 1780//204 1777//204 690//204
f 1779//205 1763//205 1762//205 1776//205
f 1778//206 1779//206 1776//206 1775//206
f 690//207 1777//207 1774//207 689//207
f 1773//208 1467//208 1464//208 1771//208
f 1467//209 1773//209 1772//209 1466//209
f 1772//210 1773//210 1771//210 1770//210
f 1771//211 1464//211 1462//211 1768//211
f 1769//212 1463//212 1460//212 1767//212
f 1463//213 1769//213 1768//213 1462//213
f 1768//214 1769//214 1767//214 1766//214
f 1767//215 1460//215 1458//215 1765//215
f 1766//216 1767//216 1765//216 1764//216
f 1765//217 1458//217 1456//217 1763//217
f 1763//218 1456//218 1454//218 1762//218
f 1761//219 1758//219 1706//219 1720//219
f 1758//220 1761//220 1760//220 1757//220
f 1760//221 1761//221 1720//221 1719//221
f 1757//222 1760//222 1759//222 1756//222
f 1759//223 1760//223 1719//223 1718//223
f 1756//224 1759//224 1718//224 1703//224
f 1758//225 1757//225 1704//225 1706//225
f 1757//226 1756//226 1703//226 1704//226
f 1755//227 1337//227 1317//227 1647//227
f 1337//228 1755//228 1754//228 1336//228
f 1754//229 1755//229 1647//229 1646//229
f 1336//230 1754//230 1753//230 1335//230
f 1753//231 1754//231 1646//231 1645//231
f 1335//232 1753//232 672//232 359//232
f 672//233 1753//233 1645//233 612//233
f 1752//234 1745//234 1742//234 1749//234
f 1745//235 1752//235 1751//235 1744//235
f 1744//236 1751//236 670//236 663//236
f 1750//237 1743//237 1739//237 1747//237
f 1743//238 1750//238 1749//238 1742//238
f 1748//239 1740//239 1738//239 1746//239
f 1740//240 1748//240 1747//240 1739//240
f 1746//241 1738//241 1612//241 1629//241
f 1745//242 1744//242 1741//242 1742//242
f 1744//243 1736//243 1733//243 1741//243
f 1736//244 1744//244 663//244 655//244
f 1743//245 1735//245 1732//245 1739//245
f 1735//246 1743//246 1742//246 1734//246
f 1734//247 1742//247 1741//247 1733//247
f 1740//248 1739//248 1737//248 1738//248
f 1739//249 1732//249 1730//249 1737//249
f 1738//250 1731//250 1593//250 1612//250
f 1731//251 1738//251 1737//251 1730//251
f 1736//252 655//252 654//252 1733//252
f 1735//253 1729//253 1725//253 1732//253
f 1729//254 1735//254 1734//254 1728//254
f 1728//255 1734//255 1733//255 1727//255
f 1727//256 1733//256 654//256 648//256
f 1732//257 1725//257 1721//257 1730//257
f 1731//258 1722//258 1571//258 1593//258
f 1722//259 1731//259 1730//259 1721//259
f 1729//260 1728//260 1724//260 1725//260
f 1728//261 1715//261 1711//261 1724//261
f 1715//262 1728//262 1727//262 1714//262
f 1714//263 1727//263 648//263 643//263
f 1726//264 1713//264 1708//264 1722//264
f 1713//265 1726//265 1725//265 1712//265
f 1725//266 1726//266 1722//266 1721//266
f 1712//267 1725//267 1724//267 1711//267
f 1723//268 1709//268 1541//268 1572//268
f 1709//269 1723//269 1722//269 1708//269
f 1722//270 1723//270 1572//270 1571//270
f 1720//271 1706//271 1701//271 1717//271
f 1719//272 1720//272 1717//272 1716//272
f 1705//273 1719//273 1716//273 1700//273
f 1719//274 1705//274 1703//274 1718//274
f 1717//275 1701//275 1700//275 1716//275
f 1715//276 1686//276 1682//276 1711//276
f 1686//277 1715//277 1714//277 1685//277
f 1685//278 1714//278 643//278 633//278
f 1713//279 1684//279 1679//279 1708//279
f 1684//280 1713//280 1712//280 1683//280
f 1683//281 1712//281 1711//281 1682//281
f 1710//282 1681//282 1515//282 1542//282
f 1681//283 1710//283 1709//283 1680//283
f 1709//284 1710//284 1542//284 1541//284
f 1680//285 1709//285 1708//285 1679//285
f 1707//286 1678//286 1674//286 1702//286
f 1678//287 1707//287 1706//287 1677//287
f 1706//288 1707//288 1702//288 1701//288
f 1677//289 1706//289 1704//289 1676//289
f 1676//290 1704//290 1703//290 1675//290
f 1703//291 1705//291 1700//291 1699//291
f 1675//292 1703//292 1699//292 1672//292
f 1702//293 1674//293 1670//293 1698//293
f 1701//294 1702//294 1698//294 1697//294
f 1700//295 1701//295 1697//295 1696//295
f 1699//296 1700//296 1696//296 1695//296
f 1672//297 1699//297 1695//297 1669//297
f 1698//298 1670//298 1667//298 1694//298
f 1697//299 1698//299 1694//299 1693//299
f 1696//300 1697//300 1693//300 1692//300
f 1695//301 1696//301 1692//301 1691//301
f 1669//302 1695//302 1691//302 1665//302
f 1694//303 1667//303 1666//303 1693//303
f 1693//304 1666//304 1663//304 1690//304
f 1692//305 1693//305 1690//305 1689//305
f 1691//306 1692//306 1689//306 1688//306
f 1665//307 1691//307 1688//307 1661//307
f 1690//308 1663//308 1658//308 1687//308
f 1689//309 1690//309 1687//309 1686//309
f 1662//310 1689//310 1686//310 1657//310
f 1689//311 1662//311 1660//311 1688//311
f 1688//312 1660//312 1656//312 1685//312
f 1661//313 1688//313 636//313 621//313
f 636//314 1688//314 1685//314 633//314
f 1687//315 1658//315 1653//315 1683//315
f 1686//316 1687//316 1683//316 1682//316
f 1657//317 1686//317 1685//317 1656//317
f 1684//318 1654//318 1650//318 1679//318
f 1654//319 1684//319 1683//319 1653//319
f 1681//320 1652//320 1496//320 1515//320
f 1652//321 1681//321 1680//321 1651//321
f 1651//322 1680//322 1679//322 1650//322
f 1678//323 1677//323 1673//323 1674//323
f 1677//324 1647//324 1642//324 1673//324
f 1647//325 1677//325 1676//325 1646//325
f 1646//326 1676//326 1675//326 1645//326
f 1645//327 1675//327 625//327 612//327
f 625//328 1675//328 1672//328 624//328
f 1674//329 1643//329 1640//329 1670//329
f 1643//330 1674//330 1673//330 1642//330
f 624//331 1672//331 1669//331 623//331
f 1671//332 1641//332 1639//332 1668//332
f 1641//333 1671//333 1670//333 1640//333
f 1670//334 1671//334 1668//334 1667//334
f 623//335 1669//335 1665//335 622//335
f 1668//336 1639//336 1638//336 1667//336
f 1667//337 1638//337 1636//337 1664//337
f 1666//338 1667//338 1664//338 1663//338
f 622//339 1665//339 1661//339 621//339
f 1664//340 1636//340 1634//340 1659//340
f 1663//341 1664//341 1659//341 1658//341
f 1660//342 1662//342 1657//342 1656//342
f 1659//343 1634//343 1632//343 1654//343
f 1658//344 1659//344 1654//344 1653//344
f 1655//345 1633//345 1630//345 1651//345
f 1633//346 1655//346 1654//346 1632//346
f 1654//347 1655//347 1651//347 1650//347
f 1652//348 1631//348 1482//348 1496//348
f 1631//349 1652//349 1651//349 1630//349
f 1649//350 1319//350 1316//350 1644//350
f 1319//351 1649//351 1648//351 1318//351
f 1648//352 1649//352 1644//352 1643//352
f 1318//353 1648//353 1647//353 1317//353
f 1647//354 1648//354 1643//354 1642//354
f 1644//355 1316//355 1314//355 1641//355
f 1643//356 1644//356 1641//356 1640//356
f 1641//357 1314//357 1313//357 1639//357
f 1639//358 1313//358 1312//358 1637//358
f 1638//359 1639//359 1637//359 1636//359
f 1637//360 1312//360 1310//360 1635//360
f 1636//361 1637//361 1635//361 1634//361
f 1635//362 1310//362 1308//362 1633//362
f 1634//363 1635//363 1633//363 1632//363
f 1633//364 1308//364 1305//364 1630//364
f 1631//365 1306//365 1192//365 1482//365
f 1306//366 1631//366 1630//366 1305//366
f 1629//367 1612//367 1611//367 1627//367
f 1628//368 1629//368 1627//368 1626//368
f 1627//369 1611//369 1610//369 1626//369
f 1626//370 1610//370 1609//370 1624//370
f 1625//371 1626//371 1624//371 1623//371
f 1624//372 1609//372 1608//372 1622//372
f 1622//373 1608//373 1606//373 1621//373
f 1621//374 1606//374 1605//374 1620//374
f 1620//375 1605//375 1603//375 1619//375
f 1619//376 1603//376 1602//376 1618//376
f 1619//377 1618//377 1616//377 1617//377
f 1618//378 1602//378 1599//378 1616//378
f 1617//379 1600//379 1596//379 1613//379
f 1600//380 1617//380 1616//380 1599//380
f 1615//381 1598//381 1452//381 1467//381
f 1598//382 1615//382 1614//382 1597//382
f 1614//383 1615//383 1467//383 1466//383
f 1597//384 1614//384 1613//384 1596//384
f 1612//385 1593//385 1590//385 1611//385
f 1611//386 1590//386 1589//386 1610//386
f 1610//387 1589//387 1587//387 1609//387
f 1609//388 1587//388 1586//388 1608//388
f 1608//389 1586//389 1585//389 1607//389
f 1608//390 1607//390 1605//390 1606//390
f 1607//391 1585//391 1583//391 1605//391
f 1605//392 1583//392 1582//392 1604//392
f 1605//393 1604//393 1602//393 1603//393
f 1604//394 1582//394 1581//394 1602//394
f 1602//395 1581//395 547//395 567//395
f 1602//396 567//396 564//396 1599//396
f 1601//397 1579//397 1574//397 1597//397
f 1579//398 1601//398 1600//398 1578//398
f 1600//399 1601//399 1597//399 1596//399
f 1578//400 1600//400 1599//400 1577//400
f 1577//401 1599//401 564//401 546//401
f 1598//402 1575//402 1440//402 1452//402
f 1575//403 1598//403 1597//403 1574//403
f 1595//404 1573//404 1570//404 1592//404
f 1573//405 1595//405 1594//405 1572//405
f 1594//406 1595//406 1592//406 1591//406
f 1572//407 1594//407 1593//407 1571//407
f 1593//408 1594//408 1591//408 1590//408
f 1592//409 1570//409 1569//409 1591//409
f 1591//410 1569//410 1568//410 1590//410
f 1590//411 1568//411 1565//411 1588//411
f 1589//412 1590//412 1588//412 1587//412
f 1588//413 1565//413 1564//413 1587//413
f 1587//414 1564//414 1561//414 1586//414
f 1586//415 1561//415 1560//415 1585//415
f 1585//416 1560//416 1559//416 1584//416
f 1585//417 1584//417 1582//417 1583//417
f 1584//418 1559//418 536//418 551//418
f 1584//419 551//419 549//419 1582//419
f 1582//420 549//420 547//420 1581//420
f 1580//421 1549//421 1544//421 1575//421
f 1549//422 1580//422 1579//422 1548//422
f 1579//423 1580//423 1575//423 1574//423
f 1548//424 1579//424 1578//424 1547//424
f 1547//425 1578//425 1577//425 1546//425
f 1546//426 1577//426 546//426 535//426
f 1576//427 1545//427 1429//427 1441//427
f 1545//428 1576//428 1575//428 1544//428
f 1575//429 1576//429 1441//429 1440//429
f 1573//430 1542//430 1539//430 1570//430
f 1542//431 1573//431 1572//431 1541//431
f 1570//432 1539//432 1537//432 1567//432
f 1569//433 1570//433 1567//433 1566//433
f 1568//434 1569//434 1566//434 1565//434
f 1567//435 1537//435 1536//435 1566//435
f 1566//436 1536//436 1534//436 1563//436
f 1565//437 1566//437 1563//437 1562//437
f 1564//438 1565//438 1562//438 1561//438
f 1563//439 1534//439 1533//439 1562//439
f 1562//440 1533//440 1530//440 1558//440
f 1561//441 1562//441 1558//441 1557//441
f 1560//442 1561//442 1557//442 1556//442
f 1559//443 1560//443 1556//443 1555//443
f 1532//444 1559//444 1555//444 1527//444
f 1559//445 1532//445 525//445 536//445
f 1558//446 1530//446 1529//446 1557//446
f 1557//447 1529//447 1528//447 1556//447
f 1556//448 1528//448 1527//448 1555//448
f 1554//449 1525//449 1520//449 1549//449
f 1525//450 1554//450 1553//450 1524//450
f 1553//451 1554//451 1549//451 1548//451
f 1524//452 1553//452 1552//452 1523//452
f 1552//453 1553//453 1548//453 1547//453
f 1523//454 1552//454 1551//454 1522//454
f 1551//455 1552//455 1547//455 1546//455
f 1522//456 1551//456 1546//456 1519//456
f 1550//457 1521//457 1517//457 1545//457
f 1521//458 1550//458 1549//458 1520//458
f 1549//459 1550//459 1545//459 1544//459
f 1519//460 1546//460 535//460 523//460
f 1545//461 1517//461 1412//461 1429//461
f 1543//462 1516//462 1514//462 1540//462
f 1516//463 1543//463 1542//463 1515//463
f 1542//464 1543//464 1540//464 1539//464
f 1540//465 1514//465 1513//465 1538//465
f 1539//466 1540//466 1538//466 1537//466
f 1538//467 1513//467 1512//467 1537//467
f 1537//468 1512//468 1510//468 1535//468
f 1536//469 1537//469 1535//469 1534//469
f 1535//470 1510//470 1509//470 1534//470
f 1534//471 1509//471 1507//471 1531//471
f 1533//472 1534//472 1531//472 1530//472
f 525//473 1532//473 1527//473 524//473
f 1531//474 1507//474 1504//474 1526//474
f 1530//475 1531//475 1526//475 1525//475
f 1529//476 1530//476 1525//476 1524//476
f 1528//477 1529//477 1524//477 1523//477
f 1527//478 1528//478 1523//478 1522//478
f 1506//479 1527//479 1522//479 1503//479
f 1527//480 1506//480 510//480 524//480
f 1526//481 1504//481 1501//481 1521//481
f 1525//482 1526//482 1521//482 1520//482
f 1503//483 1522//483 1519//483 1500//483
f 1521//484 1501//484 1498//484 1517//484
f 1500//485 1519//485 523//485 508//485
f 1518//486 1499//486 1392//486 1413//486
f 1499//487 1518//487 1517//487 1498//487
f 1517//488 1518//488 1413//488 1412//488
f 1516//489 1497//489 1495//489 1514//489
f 1497//490 1516//490 1515//490 1496//490
f 1514//491 1495//491 1493//491 1513//491
f 1513//492 1493//492 1491//492 1511//492
f 1512//493 1513//493 1511//493 1510//493
f 1511//494 1491//494 1490//494 1510//494
f 1510//495 1490//495 1488//495 1508//495
f 1509//496 1510//496 1508//496 1507//496
f 1508//497 1488//497 1486//497 1505//497
f 1507//498 1508//498 1505//498 1504//498
f 510//499 1506//499 1503//499 509//499
f 1505//500 1486//500 1485//500 1502//500
f 1504//501 1505//501 1502//501 1501//501
f 509//502 1503//502 1500//502 508//502
f 1502//503 1485//503 1484//503 1499//503
f 1501//504 1502//504 1499//504 1498//504
f 1499//505 1484//505 1374//505 1392//505
f 1497//506 1483//506 1481//506 1495//506
f 1483//507 1497//507 1496//507 1482//507
f 1495//508 1481//508 1479//508 1493//508
f 1494//509 1480//509 1478//509 1492//509
f 1480//510 1494//510 1493//510 1479//510
f 1493//511 1494//511 1492//511 1491//511
f 1492//512 1478//512 1477//512 1491//512
f 1491//513 1477//513 1476//513 1489//513
f 1490//514 1491//514 1489//514 1488//514
f 1489//515 1476//515 1474//515 1487//515
f 1488//516 1489//516 1487//516 1486//516
f 1487//517 1474//517 1473//517 1486//517
f 1486//518 1473//518 1471//518 1485//518
f 1485//519 1471//519 1469//519 1484//519
f 1484//520 1469//520 1355//520 1374//520
f 1483//521 1193//521 1191//521 1481//521
f 1193//522 1483//522 1482//522 1192//522
f 1481//523 1191//523 1189//523 1479//523
f 1480//524 1190//524 1187//524 1478//524
f 1190//525 1480//525 1479//525 1189//525
f 1478//526 1187//526 1186//526 1477//526
f 1477//527 1186//527 1184//527 1476//527
f 1476//528 1184//528 1183//528 1475//528
f 1476//529 1475//529 1473//529 1474//529
f 1475//530 1183//530 1181//530 1473//530
f 1473//531 1181//531 1180//531 1472//531
f 1473//532 1472//532 1470//532 1471//532
f 1472//533 1180//533 1177//533 1470//533
f 1471//534 1470//534 1468//534 1469//534
f 1470//535 1177//535 1173//535 1468//535
f 1469//536 1174//536 1038//536 1355//536
f 1174//537 1469//537 1468//537 1173//537
f 1467//538 1452//538 1450//538 1464//538
f 1465//539 1451//539 1449//539 1463//539
f 1451//540 1465//540 1464//540 1450//540
f 1464//541 1465//541 1463//541 1462//541
f 1463//542 1449//542 1447//542 1460//542
f 1461//543 1448//543 1446//543 1459//543
f 1448//544 1461//544 1460//544 1447//544
f 1460//545 1461//545 1459//545 1458//545
f 1459//546 1446//546 1445//546 1457//546
f 1458//547 1459//547 1457//547 1456//547
f 1457//548 1445//548 1443//548 1455//548
f 1456//549 1457//549 1455//549 1454//549
f 1455//550 1443//550 1442//550 1454//550
f 1453//551 1441//551 1439//551 1451//551
f 1441//552 1453//552 1452//552 1440//552
f 1452//553 1453//553 1451//553 1450//553
f 1451//554 1439//554 1438//554 1449//554
f 1449//555 1438//555 1436//555 1447//555
f 1448//556 1437//556 1435//556 1446//556
f 1437//557 1448//557 1447//557 1436//557
f 1446//558 1435//558 1433//558 1445//558
f 1445//559 1433//559 1432//559 1444//559
f 1445//560 1444//560 1442//560 1443//560
f 1444//561 1432//561 1431//561 1442//561
f 1441//562 1429//562 1428//562 1439//562
f 1439//563 1428//563 1427//563 1438//563
f 1438//564 1427//564 1426//564 1436//564
f 1437//565 1436//565 1434//565 1435//565
f 1436//566 1426//566 1424//566 1434//566
f 1435//567 1434//567 1432//567 1433//567
f 1434//568 1424//568 1421//568 1432//568
f 1432//569 1421//569 1418//569 1431//569
f 1431//570 1418//570 1417//570 1430//570
f 1429//571 1412//571 1410//571 1428//571
f 1428//572 1410//572 1408//572 1427//572
f 1427//573 1408//573 1406//573 1426//573
f 1426//574 1406//574 1405//574 1425//574
f 1426//575 1425//575 1423//575 1424//575
f 1425//576 1405//576 1403//576 1423//576
f 1424//577 1423//577 1420//577 1421//577
f 1423//578 1403//578 1400//578 1420//578
f 1402//579 1422//579 1419//579 1397//579
f 1422//580 1402//580 415//580 427//580
f 1422//581 427//581 424//581 1419//581
f 1421//582 1420//582 1417//582 1418//582
f 1420//583 1400//583 1396//583 1417//583
f 1397//584 1419//584 1414//584 1393//584
f 1419//585 424//585 422//585 1414//585
f 1417//586 1396//586 1395//586 1416//586
f 1416//587 1395//587 1394//587 1415//587
f 1415//588 1394//588 1393//588 1414//588
f 1413//589 1392//589 1390//589 1411//589
f 1412//590 1413//590 1411//590 1410//590
f 1411//591 1390//591 1388//591 1409//591
f 1410//592 1411//592 1409//592 1408//592
f 1409//593 1388//593 1387//593 1407//593
f 1408//594 1409//594 1407//594 1406//594
f 1407//595 1387//595 1386//595 1406//595
f 1406//596 1386//596 1384//596 1404//596
f 1405//597 1406//597 1404//597 1403//597
f 1404//598 1384//598 1383//598 1401//598
f 1403//599 1404//599 1401//599 1400//599
f 415//600 1402//600 1397//600 412//600
f 1401//601 1383//601 1382//601 1400//601
f 1400//602 1382//602 1379//602 1396//602
f 1381//603 1399//603 1394//603 1377//603
f 1399//604 1381//604 1380//604 1398//604
f 1399//605 1398//605 1393//605 1394//605
f 1398//606 1380//606 1376//606 1393//606
f 412//607 1397//607 1393//607 409//607
f 1396//608 1379//608 1378//608 1395//608
f 1395//609 1378//609 1377//609 1394//609
f 1393//610 1376//610 397//610 409//610
f 1392//611 1374//611 1372//611 1390//611
f 1391//612 1373//612 1371//612 1389//612
f 1373//613 1391//613 1390//613 1372//613
f 1390//614 1391//614 1389//614 1388//614
f 1389//615 1371//615 1370//615 1388//615
f 1388//616 1370//616 1369//616 1387//616
f 1387//617 1369//617 1367//617 1385//617
f 1386//618 1387//618 1385//618 1384//618
f 1385//619 1367//619 1366//619 1384//619
f 1384//620 1366//620 1365//620 1383//620
f 1383//621 1365//621 1364//621 1382//621
f 1382//622 1364//622 1362//622 1379//622
f 1380//623 1381//623 1377//623 1376//623
f 1379//624 1362//624 1361//624 1378//624
f 1378//625 1361//625 1360//625 1377//625
f 1377//626 1360//626 1359//626 1376//626
f 1376//627 1359//627 1356//627 1375//627
f 1374//628 1355//628 1354//628 1372//628
f 1373//629 1372//629 1370//629 1371//629
f 1372//630 1354//630 1353//630 1370//630
f 1370//631 1353//631 1351//631 1369//631
f 1369//632 1351//632 1350//632 1368//632
f 1369//633 1368//633 1366//633 1367//633
f 1368//634 1350//634 1349//634 1366//634
f 1366//635 1349//635 1348//635 1365//635
f 1365//636 1348//636 1347//636 1364//636
f 1364//637 1347//637 1344//637 1362//637
f 1346//638 1363//638 1359//638 1341//638
f 1363//639 1346//639 366//639 387//639
f 1363//640 387//640 383//640 1359//640
f 1362//641 1344//641 1343//641 1361//641
f 1361//642 1343//642 1340//642 1358//642
f 1360//643 1361//643 1358//643 1357//643
f 1342//644 1360//644 1357//644 1339//644
f 1360//645 1342//645 1341//645 1359//645
f 1359//646 383//646 379//646 1356//646
f 1355//647 1038//647 1036//647 1354//647
f 1354//648 1036//648 1034//648 1353//648
f 1353//649 1034//649 1032//649 1352//649
f 1353//650 1352//650 1350//650 1351//650
f 1352//651 1032//651 1030//651 1350//651
f 1350//652 1030//652 1028//652 1349//652
f 1349//653 1028//653 1026//653 1348//653
f 1348//654 1026//654 1025//654 1345//654
f 1347//655 1348//655 1345//655 1344//655
f 366//656 1346//656 1341//656 362//656
f 362//657 1341//657 1338//657 360//657
f 1337//658 1334//658 1303//658 1317//658
f 1334//659 1337//659 1336//659 1333//659
f 1333//660 1336//660 1335//660 1332//660
f 1332//661 1335//661 359//661 357//661
f 1334//662 1333//662 1302//662 1303//662
f 1333//663 1332//663 1301//663 1302//663
f 1332//664 357//664 339//664 1301//664
f 1331//665 1326//665 1251//665 1280//665
f 1326//666 1331//666 1330//666 1325//666
f 1330//667 1331//667 1280//667 1279//667
f 1325//668 1330//668 1329//668 1324//668
f 1329//669 1330//669 1279//669 1278//669
f 1324//670 1329//670 1278//670 1249//670
f 1328//671 1323//671 1321//671 1325//671
f 1323//672 1328//672 1327//672 1322//672
f 1327//673 1328//673 1325//673 1324//673
f 1322//674 1327//674 1324//674 1320//674
f 1326//675 1325//675 1250//675 1251//675
f 1325//676 1321//676 1228//676 1250//676
f 1320//677 1324//677 1249//677 1227//677
f 1323//678 1322//678 1320//678 1321//678
f 1321//679 1320//679 1227//679 1228//679
f 1319//680 1318//680 1315//680 1316//680
f 1318//681 1304//681 1299//681 1315//681
f 1304//682 1318//682 1317//682 1303//682
f 1316//683 1300//683 1297//683 1314//683
f 1300//684 1316//684 1315//684 1299//684
f 1314//685 1297//685 1295//685 1313//685
f 1313//686 1295//686 1292//686 1312//686
f 1312//687 1292//687 1291//687 1311//687
f 1312//688 1311//688 1309//688 1310//688
f 1311//689 1291//689 1289//689 1309//689
f 1310//690 1309//690 1307//690 1308//690
f 1309//691 1289//691 1286//691 1307//691
f 1308//692 1287//692 1283//692 1305//692
f 1287//693 1308//693 1307//693 1286//693
f 1306//694 1284//694 1171//694 1192//694
f 1284//695 1306//695 1305//695 1283//695
f 1304//696 1281//696 1277//696 1299//696
f 1281//697 1304//697 1303//697 1280//697
f 1280//698 1303//698 1302//698 1279//698
f 1279//699 1302//699 1301//699 1278//699
f 1278//700 1301//700 1298//700 1275//700
f 1301//701 339//701 338//701 1298//701
f 1300//702 1299//702 1296//702 1297//702
f 1299//703 1277//703 1273//703 1296//703
f 1275//704 1298//704 338//704 323//704
f 1297//705 1274//705 1270//705 1295//705
f 1274//706 1297//706 1296//706 1273//706
f 1295//707 1270//707 1269//707 1294//707
f 1295//708 1294//708 1291//708 1292//708
f 1294//709 1269//709 1265//709 1291//709
f 1266//710 1293//710 1290//710 1262//710
f 1293//711 1266//711 321//711 334//711
f 1293//712 334//712 333//712 1290//712
f 1291//713 1265//713 1261//713 1289//713
f 1262//714 1290//714 333//714 320//714
f 1289//715 1261//715 1260//715 1288//715
f 1289//716 1288//716 1285//716 1286//716
f 1288//717 1260//717 1257//717 1285//717
f 1287//718 1286//718 1282//718 1283//718
f 1286//719 1258//719 1254//719 1282//719
f 1258//720 1286//720 1285//720 1257//720
f 1284//721 1283//721 1170//721 1171//721
f 1283//722 1255//722 1142//722 1170//722
f 1255//723 1283//723 1282//723 1254//723
f 1281//724 1252//724 1248//724 1277//724
f 1252//725 1281//725 1280//725 1251//725
f 1249//726 1278//726 1275//726 1245//726
f 1277//727 1248//727 1247//727 1276//727
f 1277//728 1276//728 1272//728 1273//728
f 1276//729 1247//729 1244//729 1272//729
f 1245//730 1275//730 1271//730 1242//730
f 1275//731 323//731 322//731 1271//731
f 1274//732 1273//732 1269//732 1270//732
f 1273//733 1272//733 1268//733 1269//733
f 1272//734 1244//734 1241//734 1268//734
f 1242//735 1271//735 1266//735 1239//735
f 1271//736 322//736 321//736 1266//736
f 1269//737 1268//737 1264//737 1265//737
f 1268//738 1241//738 1240//738 1267//738
f 1268//739 1267//739 1263//739 1264//739
f 1267//740 1240//740 1239//740 1266//740
f 1267//741 1266//741 1262//741 1263//741
f 1265//742 1264//742 1260//742 1261//742
f 1264//743 1263//743 1259//743 1260//743
f 1263//744 1238//744 1235//744 1259//744
f 1238//745 1263//745 1262//745 1237//745
f 1237//746 1262//746 320//746 309//746
f 1260//747 1259//747 1256//747 1257//747
f 1259//748 1235//748 1232//748 1256//748
f 1258//749 1257//749 1253//749 1254//749
f 1257//750 1233//750 1229//750 1253//750
f 1233//751 1257//751 1256//751 1232//751
f 1255//752 1231//752 1116//752 1142//752
f 1231//753 1255//753 1254//753 1230//753
f 1230//754 1254//754 1253//754 1229//754
f 1252//755 1251//755 1247//755 1248//755
f 1251//756 1250//756 1246//756 1247//756
f 1250//757 1228//757 1227//757 1249//757
f 1250//758 1249//758 1245//758 1246//758
f 1247//759 1246//759 1243//759 1244//759
f 1246//760 1245//760 1242//760 1243//760
f 1244//761 1243//761 1240//761 1241//761
f 1243//762 1242//762 1239//762 1240//762
f 1238//763 1237//763 1234//763 1235//763
f 1237//764 309//764 306//764 1234//764
f 1236//765 1224//765 1221//765 1233//765
f 1224//766 1236//766 1235//766 1223//766
f 1235//767 1236//767 1233//767 1232//767
f 1223//768 1235//768 1234//768 1222//768
f 1222//769 1234//769 306//769 300//769
f 1233//770 1221//770 1219//770 1229//770
f 1231//771 1230//771 1115//771 1116//771
f 1230//772 1220//772 1098//772 1115//772
f 1220//773 1230//773 1229//773 1219//773
f 1226//774 1218//774 1215//774 1223//774
f 1218//775 1226//775 1225//775 1217//775
f 1225//776 1226//776 1223//776 1222//776
f 1217//777 1225//777 301//777 293//777
f 301//778 1225//778 1222//778 300//778
f 1224//779 1216//779 1213//779 1221//779
f 1216//780 1224//780 1223//780 1215//780
f 1221//781 1213//781 1211//781 1219//781
f 1220//782 1212//782 1085//782 1098//782
f 1212//783 1220//783 1219//783 1211//783
f 1218//784 1210//784 1207//784 1215//784
f 1210//785 1218//785 1217//785 1209//785
f 1209//786 1217//786 293//786 285//786
f 1216//787 1208//787 1205//787 1213//787
f 1208//788 1216//788 1215//788 1207//788
f 1214//789 1206//789 1204//789 1212//789
f 1206//790 1214//790 1213//790 1205//790
f 1213//791 1214//791 1212//791 1211//791
f 1212//792 1204//792 1070//792 1085//792
f 1210//793 1203//793 1200//793 1207//793
f 1203//794 1210//794 1209//794 1202//794
f 1202//795 1209//795 285//795 278//795
f 1208//796 1201//796 1198//796 1205//796
f 1201//797 1208//797 1207//797 1200//797
f 1206//798 1199//798 1197//798 1204//798
f 1199//799 1206//799 1205//799 1198//799
f 1204//800 1197//800 1054//800 1070//800
f 1203//801 898//801 895//801 1200//801
f 898//802 1203//802 1202//802 897//802
f 897//803 1202//803 278//803 76//803
f 1201//804 896//804 894//804 1198//804
f 896//805 1201//805 1200//805 895//805
f 1199//806 1198//806 1196//806 1197//806
f 1198//807 894//807 891//807 1196//807
f 1197//808 1196//808 1053//808 1054//808
f 1196//809 891//809 890//809 1195//809
f 1196//810 1195//810 1052//810 1053//810
f 1195//811 890//811 889//811 1194//811
f 1195//812 1194//812 1051//812 1052//812
f 1194//813 889//813 70//813 273//813
f 1194//814 273//814 162//814 1051//814
f 1193//815 1172//815 1169//815 1191//815
f 1172//816 1193//816 1192//816 1171//816
f 1191//817 1169//817 1167//817 1189//817
f 1190//818 1189//818 1186//818 1187//818
f 1189//819 1167//819 1166//819 1188//819
f 1189//820 1188//820 1185//820 1186//820
f 1188//821 1166//821 1164//821 1185//821
f 1186//822 1185//822 1183//822 1184//822
f 1185//823 1164//823 1161//823 1183//823
f 1183//824 1161//824 1160//824 1182//824
f 1183//825 1182//825 1180//825 1181//825
f 1182//826 1160//826 1155//826 1180//826
f 1180//827 1155//827 1154//827 1179//827
f 1180//828 1179//828 1176//828 1177//828
f 1179//829 1154//829 1149//829 1176//829
f 1151//830 1178//830 1175//830 1146//830
f 1178//831 1151//831 235//831 255//831
f 1178//832 255//832 251//832 1175//832
f 1177//833 1150//833 1145//833 1173//833
f 1150//834 1177//834 1176//834 1149//834
f 1146//835 1175//835 251//835 234//835
f 1174//836 1173//836 1037//836 1038//836
f 1173//837 1145//837 1024//837 1037//837
f 1172//838 1171//838 1168//838 1169//838
f 1171//839 1143//839 1141//839 1168//839
f 1143//840 1171//840 1170//840 1142//840
f 1169//841 1168//841 1166//841 1167//841
f 1168//842 1141//842 1139//842 1166//842
f 1166//843 1139//843 1138//843 1165//843
f 1166//844 1165//844 1163//844 1164//844
f 1165//845 1138//845 1136//845 1163//845
f 1164//846 1163//846 1160//846 1161//846
f 1163//847 1136//847 1135//847 1162//847
f 1163//848 1162//848 1159//848 1160//848
f 1162//849 1135//849 1131//849 1159//849
f 1160//850 1159//850 1154//850 1155//850
f 1159//851 1131//851 1130//851 1158//851
f 1159//852 1158//852 1153//852 1154//852
f 1158//853 1130//853 1127//853 1153//853
f 1129//854 1157//854 1152//854 1126//854
f 1157//855 1129//855 1128//855 1156//855
f 1157//856 1156//856 1151//856 1152//856
f 1156//857 1128//857 222//857 236//857
f 1156//858 236//858 235//858 1151//858
f 1154//859 1153//859 1148//859 1149//859
f 1153//860 1127//860 1126//860 1152//860
f 1153//861 1152//861 1147//861 1148//861
f 1152//862 1151//862 1146//862 1147//862
f 1150//863 1149//863 1144//863 1145//863
f 1149//864 1125//864 1121//864 1144//864
f 1125//865 1149//865 1148//865 1124//865
f 1124//866 1148//866 1147//866 1123//866
f 1123//867 1147//867 1146//867 1122//867
f 1122//868 1146//868 234//868 221//868
f 1145//869 1144//869 1023//869 1024//869
f 1144//870 1121//870 1010//870 1023//870
f 1143//871 1117//871 1114//871 1141//871
f 1117//872 1143//872 1142//872 1116//872
f 1141//873 1114//873 1113//873 1140//873
f 1141//874 1140//874 1138//874 1139//874
f 1140//875 1113//875 1110//875 1138//875
f 1138//876 1110//876 1109//876 1137//876
f 1138//877 1137//877 1135//877 1136//877
f 1137//878 1109//878 1106//878 1135//878
f 1135//879 1106//879 1105//879 1134//879
f 1135//880 1134//880 1130//880 1131//880
f 1134//881 1105//881 1104//881 1133//881
f 1134//882 1133//882 1129//882 1130//882
f 1133//883 1104//883 1103//883 1132//883
f 1133//884 1132//884 1128//884 1129//884
f 1132//885 1103//885 211//885 223//885
f 1132//886 223//886 222//886 1128//886
f 1130//887 1129//887 1126//887 1127//887
f 1125//888 1124//888 1120//888 1121//888
f 1124//889 1123//889 1119//889 1120//889
f 1123//890 1122//890 1118//890 1119//890
f 1122//891 221//891 220//891 1118//891
f 1121//892 1120//892 1009//892 1010//892
f 1120//893 1102//893 995//893 1009//893
f 1102//894 1120//894 1119//894 1101//894
f 1101//895 1119//895 1118//895 1100//895
f 1100//896 1118//896 1008//896 993//896
f 1118//897 220//897 116//897 1008//897
f 1117//898 1116//898 1113//898 1114//898
f 1116//899 1099//899 1097//899 1113//899
f 1099//900 1116//900 1115//900 1098//900
f 1113//901 1097//901 1096//901 1112//901
f 1113//902 1112//902 1109//902 1110//902
f 1112//903 1096//903 1095//903 1111//903
f 1112//904 1111//904 1108//904 1109//904
f 1111//905 1095//905 1094//905 1108//905
f 1109//906 1108//906 1105//906 1106//906
f 1108//907 1094//907 1093//907 1107//907
f 1108//908 1107//908 1104//908 1105//908
f 1107//909 1093//909 1091//909 1104//909
f 1104//910 1091//910 1090//910 1103//910
f 1103//911 1090//911 201//911 211//911
f 1102//912 1101//912 994//912 995//912
f 1101//913 1100//913 993//913 994//913
f 1099//914 1098//914 1096//914 1097//914
f 1098//915 1085//915 1083//915 1096//915
f 1096//916 1083//916 1082//916 1095//916
f 1095//917 1082//917 1081//917 1094//917
f 1094//918 1081//918 1080//918 1092//918
f 1093//919 1094//919 1092//919 1091//919
f 1092//920 1080//920 1079//920 1091//920
f 1091//921 1079//921 1077//921 1089//921
f 1090//922 1091//922 1089//922 1088//922
f 201//923 1090//923 1088//923 199//923
f 1089//924 1077//924 1076//924 1087//924
f 1088//925 1089//925 1087//925 1086//925
f 199//926 1088//926 1086//926 197//926
f 1087//927 1076//927 1075//927 1086//927
f 1086//928 1075//928 184//928 197//928
f 1085//929 1070//929 1069//929 1084//929
f 1085//930 1084//930 1082//930 1083//930
f 1084//931 1069//931 1067//931 1082//931
f 1082//932 1067//932 1065//932 1081//932
f 1081//933 1065//933 1063//933 1080//933
f 1080//934 1063//934 1061//934 1078//934
f 1079//935 1080//935 1078//935 1077//935
f 1078//936 1061//936 1060//936 1077//936
f 1077//937 1060//937 1059//937 1076//937
f 1076//938 1059//938 1057//938 1074//938
f 1075//939 1076//939 1074//939 1073//939
f 184//940 1075//940 1073//940 181//940
f 1074//941 1057//941 1055//941 1072//941
f 1073//942 1074//942 1072//942 1071//942
f 181//943 1073//943 1071//943 179//943
f 1072//944 1055//944 950//944 953//944
f 1071//945 1072//945 953//945 952//945
f 179//946 1071//946 952//946 89//946
f 1070//947 1054//947 1053//947 1069//947
f 1069//948 1053//948 1052//948 1068//948
f 1069//949 1068//949 1066//949 1067//949
f 1068//950 1052//950 1050//950 1066//950
f 1067//951 1066//951 1064//951 1065//951
f 1066//952 1050//952 1048//952 1064//952
f 1065//953 1064//953 1062//953 1063//953
f 1064//954 1048//954 1046//954 1062//954
f 1063//955 1062//955 1060//955 1061//955
f 1062//956 1046//956 1044//956 1060//956
f 1060//957 1044//957 1042//957 1059//957
f 1059//958 1042//958 1040//958 1057//958
f 1058//959 1041//959 1039//959 1056//959
f 1041//960 1058//960 1057//960 1040//960
f 1057//961 1058//961 1056//961 1055//961
f 1056//962 1039//962 925//962 951//962
f 1055//963 1056//963 951//963 950//963
f 1052//964 1051//964 1049//964 1050//964
f 1051//965 162//965 158//965 1049//965
f 1050//966 1049//966 1047//966 1048//966
f 1049//967 158//967 154//967 1047//967
f 1048//968 1047//968 1045//968 1046//968
f 1047//969 154//969 150//969 1045//969
f 1046//970 1045//970 1043//970 1044//970
f 1045//971 875//971 873//971 1043//971
f 875//972 1045//972 150//972 51//972
f 1044//973 874//973 872//973 1042//973
f 874//974 1044//974 1043//974 873//974
f 1042//975 872//975 869//975 1040//975
f 1041//976 870//976 868//976 1039//976
f 870//977 1041//977 1040//977 869//977
f 1039//978 868//978 858//978 925//978
f 1038//979 1037//979 1035//979 1036//979
f 1037//980 1024//980 1022//980 1035//980
f 1036//981 1035//981 1033//981 1034//981
f 1035//982 1022//982 1020//982 1033//982
f 1034//983 1021//983 1019//983 1031//983
f 1021//984 1034//984 1033//984 1020//984
f 1032//985 1034//985 1031//985 1030//985
f 1031//986 1019//986 1017//986 1029//986
f 1030//987 1031//987 1029//987 1028//987
f 1029//988 1017//988 1015//988 1027//988
f 1028//989 1029//989 1027//989 1026//989
f 1027//990 1015//990 1014//990 1026//990
f 1026//991 1014//991 1012//991 1025//991
f 1024//992 1011//992 1007//992 1022//992
f 1011//993 1024//993 1023//993 1010//993
f 1022//994 1007//994 1005//994 1020//994
f 1021//995 1020//995 1018//995 1019//995
f 1020//996 1005//996 1003//996 1018//996
f 1019//997 1018//997 1016//997 1017//997
f 1018//998 1003//998 1001//998 1016//998
f 1017//999 1002//999 1000//999 1015//999
f 1002//1000 1017//1000 1016//1000 1001//1000
f 1015//1001 1000//1001 998//1001 1013//1001
f 1014//1002 1015//1002 1013//1002 1012//1002
f 1013//1003 998//1003 997//1003 1012//1003
f 1011//1004 1010//1004 1006//1004 1007//1004
f 1010//1005 996//1005 992//1005 1006//1005
f 996//1006 1010//1006 1009//1006 995//1006
f 993//1007 1008//1007 116//1007 108//1007
f 1007//1008 1006//1008 1004//1008 1005//1008
f 1006//1009 992//1009 987//1009 1004//1009
f 1005//1010 988//1010 984//1010 1003//1010
f 988//1011 1005//1011 1004//1011 987//1011
f 1003//1012 984//1012 981//1012 1001//1012
f 1002//1013 1001//1013 999//1013 1000//1013
f 1001//1014 981//1014 979//1014 999//1014
f 1000//1015 999//1015 997//1015 998//1015
f 999//1016 979//1016 977//1016 997//1016
f 996//1017 995//1017 991//1017 992//1017
f 995//1018 994//1018 990//1018 991//1018
f 994//1019 993//1019 989//1019 990//1019
f 993//1020 108//1020 106//1020 989//1020
f 992//1021 991//1021 986//1021 987//1021
f 991//1022 975//1022 972//1022 986//1022
f 975//1023 991//1023 990//1023 974//1023
f 974//1024 990//1024 989//1024 973//1024
f 973//1025 989//1025 985//1025 970//1025
f 989//1026 106//1026 104//1026 985//1026
f 988//1027 987//1027 983//1027 984//1027
f 987//1028 986//1028 982//1028 983//1028
f 986//1029 972//1029 968//1029 982//1029
f 970//1030 985//1030 104//1030 94//1030
f 984//1031 983//1031 980//1031 981//1031
f 983//1032 969//1032 965//1032 980//1032
f 969//1033 983//1033 982//1033 968//1033
f 981//1034 980//1034 978//1034 979//1034
f 980//1035 965//1035 961//1035 978//1035
f 979//1036 978//1036 976//1036 977//1036
f 978//1037 961//1037 957//1037 976//1037
f 975//1038 974//1038 971//1038 972//1038
f 974//1039 973//1039 970//1039 971//1039
f 972//1040 971//1040 967//1040 968//1040
f 971//1041 970//1041 966//1041 967//1041
f 970//1042 94//1042 93//1042 966//1042
f 969//1043 968//1043 964//1043 965//1043
f 968//1044 967//1044 963//1044 964//1044
f 967//1045 966//1045 962//1045 963//1045
f 966//1046 93//1046 92//1046 962//1046
f 965//1047 964//1047 960//1047 961//1047
f 964//1048 963//1048 959//1048 960//1048
f 963//1049 962//1049 958//1049 959//1049
f 962//1050 92//1050 91//1050 958//1050
f 961//1051 960//1051 956//1051 957//1051
f 960//1052 959//1052 955//1052 956//1052
f 959//1053 958//1053 954//1053 955//1053
f 958//1054 91//1054 90//1054 954//1054
f 953//1055 950//1055 949//1055 952//1055
f 952//1056 949//1056 88//1056 89//1056
f 951//1057 925//1057 923//1057 948//1057
f 950//1058 951//1058 948//1058 947//1058
f 949//1059 950//1059 947//1059 946//1059
f 88//1060 949//1060 946//1060 86//1060
f 948//1061 923//1061 921//1061 945//1061
f 947//1062 948//1062 945//1062 944//1062
f 946//1063 947//1063 944//1063 943//1063
f 86//1064 946//1064 943//1064 84//1064
f 945//1065 921//1065 918//1065 941//1065
f 944//1066 945//1066 941//1066 940//1066
f 943//1067 944//1067 940//1067 939//1067
f 920//1068 943//1068 939//1068 915//1068
f 943//1069 920//1069 79//1069 84//1069
f 942//1070 919//1070 914//1070 938//1070
f 919//1071 942//1071 941//1071 918//1071
f 941//1072 942//1072 938//1072 937//1072
f 917//1073 941//1073 937//1073 913//1073
f 941//1074 917//1074 916//1074 940//1074
f 940//1075 916//1075 912//1075 936//1075
f 939//1076 940//1076 936//1076 935//1076
f 915//1077 939//1077 935//1077 911//1077
f 938//1078 914//1078 909//1078 933//1078
f 937//1079 938//1079 933//1079 932//1079
f 913//1080 937//1080 932//1080 908//1080
f 936//1081 912//1081 911//1081 935//1081
f 934//1082 910//1082 905//1082 931//1082
f 910//1083 934//1083 933//1083 909//1083
f 933//1084 934//1084 931//1084 930//1084
f 932//1085 933//1085 930//1085 929//1085
f 908//1086 932//1086 929//1086 902//1086
f 931//1087 905//1087 903//1087 930//1087
f 929//1088 930//1088 927//1088 926//1088
f 902//1089 929//1089 928//1089 901//1089
f 925//1090 858//1090 856//1090 923//1090
f 924//1091 857//1091 855//1091 922//1091
f 857//1092 924//1092 923//1092 856//1092
f 923//1093 924//1093 922//1093 921//1093
f 922//1094 855//1094 853//1094 919//1094
f 921//1095 922//1095 919//1095 918//1095
f 79//1096 920//1096 915//1096 78//1096
f 919//1097 853//1097 852//1097 914//1097
f 916//1098 917//1098 913//1098 912//1098
f 78//1099 915//1099 911//1099 77//1099
f 914//1100 852//1100 850//1100 909//1100
f 912//1101 913//1101 908//1101 907//1101
f 911//1102 912//1102 907//1102 906//1102
f 851//1103 911//1103 906//1103 849//1103
f 911//1104 851//1104 24//1104 77//1104
f 910//1105 909//1105 904//1105 905//1105
f 909//1106 850//1106 847//1106 904//1106
f 907//1107 908//1107 902//1107 901//1107
f 906//1108 907//1108 901//1108 900//1108
f 849//1109 906//1109 900//1109 845//1109
f 905//1110 848//1110 844//1110 899//1110
f 848//1111 905//1111 904//1111 847//1111
f 898//1112 888//1112 885//1112 895//1112
f 888//1113 898//1113 897//1113 887//1113
f 887//1114 897//1114 76//1114 67//1114
f 896//1115 886//1115 883//1115 894//1115
f 886//1116 896//1116 895//1116 885//1116
f 894//1117 883//1117 882//1117 893//1117
f 894//1118 893//1118 890//1118 891//1118
f 893//1119 882//1119 881//1119 892//1119
f 893//1120 892//1120 889//1120 890//1120
f 892//1121 881//1121 63//1121 73//1121
f 892//1122 73//1122 70//1122 889//1122
f 888//1123 880//1123 878//1123 885//1123
f 880//1124 888//1124 887//1124 879//1124
f 879//1125 887//1125 67//1125 59//1125
f 886//1126 885//1126 882//1126 883//1126
f 885//1127 878//1127 877//1127 884//1127
f 885//1128 884//1128 881//1128 882//1128
f 884//1129 877//1129 876//1129 881//1129
f 881//1130 876//1130 55//1130 63//1130
f 880//1131 879//1131 877//1131 878//1131
f 879//1132 59//1132 57//1132 877//1132
f 877//1133 57//1133 55//1133 876//1133
f 875//1134 51//1134 49//1134 873//1134
f 874//1135 873//1135 871//1135 872//1135
f 873//1136 866//1136 864//1136 871//1136
f 866//1137 873//1137 49//1137 38//1137
f 872//1138 865//1138 863//1138 869//1138
f 865//1139 872//1139 871//1139 864//1139
f 870//1140 869//1140 867//1140 868//1140
f 869//1141 863//1141 860//1141 867//1141
f 868//1142 861//1142 843//1142 858//1142
f 861//1143 868//1143 867//1143 860//1143
f 866//1144 38//1144 36//1144 864//1144
f 865//1145 864//1145 862//1145 863//1145
f 864//1146 36//1146 34//1146 862//1146
f 863//1147 862//1147 859//1147 860//1147
f 862//1148 34//1148 32//1148 859//1148
f 861//1149 860//1149 842//1149 843//1149
f 860//1150 859//1150 841//1150 842//1150
f 859//1151 32//1151 23//1151 841//1151
f 858//1152 843//1152 840//1152 856//1152
f 857//1153 856//1153 854//1153 855//1153
f 856//1154 840//1154 836//1154 854//1154
f 855//1155 837//1155 833//1155 853//1155
f 837//1156 855//1156 854//1156 836//1156
f 853//1157 833//1157 829//1157 852//1157
f 852//1158 829//1158 825//1158 850//1158
f 826//1159 851//1159 849//1159 822//1159
f 851//1160 826//1160 17//1160 24//1160
f 850//1161 825//1161 821//1161 847//1161
f 822//1162 849//1162 845//1162 818//1162
f 846//1163 819//1163 818//1163 845//1163
f 843//1164 842//1164 839//1164 840//1164
f 842//1165 841//1165 838//1165 839//1165
f 841//1166 23//1166 21//1166 838//1166
f 840//1167 839//1167 835//1167 836//1167
f 839//1168 838//1168 834//1168 835//1168
f 838//1169 21//1169 19//1169 834//1169
f 837//1170 836//1170 832//1170 833//1170
f 836//1171 814//1171 811//1171 832//1171
f 814//1172 836//1172 835//1172 813//1172
f 813//1173 835//1173 834//1173 812//1173
f 812//1174 834//1174 830//1174 809//1174
f 834//1175 19//1175 18//1175 830//1175
f 833//1176 832//1176 828//1176 829//1176
f 832//1177 811//1177 810//1177 831//1177
f 832//1178 831//1178 827//1178 828//1178
f 831//1179 810//1179 808//1179 827//1179
f 809//1180 830//1180 826//1180 807//1180
f 830//1181 18//1181 17//1181 826//1181
f 829//1182 828//1182 824//1182 825//1182
f 828//1183 827//1183 823//1183 824//1183
f 827//1184 808//1184 807//1184 826//1184
f 827//1185 826//1185 822//1185 823//1185
f 825//1186 824//1186 820//1186 821//1186
f 824//1187 823//1187 819//1187 820//1187
f 823//1188 822//1188 818//1188 819//1188
f 821//1189 820//1189 816//1189 817//1189
f 820//1190 819//1190 815//1190 816//1190
f 814//1191 813//1191 810//1191 811//1191
f 813//1192 812//1192 809//1192 810//1192
f 810//1193 809//1193 807//1193 808//1193
f 800//1194 806//1194 805//1194 799//1194
f 805//1195 806//1195 804//1195 803//1195
f 799//1196 805//1196 803//1196 798//1196
f 803//1197 804//1197 802//1197 801//1197
f 798//1198 803//1198 801//1198 796//1198
f 802//1199 797//1199 796//1199 801//1199
f 791//1200 800//1200 799//1200 790//1200
f 790//1201 799//1201 798//1201 789//1201
f 789//1202 798//1202 796//1202 787//1202
f 797//1203 788//1203 785//1203 794//1203
f 796//1204 797//1204 794//1204 793//1204
f 787//1205 796//1205 795//1205 786//1205
f 795//1206 796//1206 793//1206 792//1206
f 786//1207 795//1207 792//1207 783//1207
f 794//1208 785//1208 784//1208 793//1208
f 793//1209 784//1209 783//1209 792//1209
f 782//1210 791//1210 790//1210 781//1210
f 781//1211 790//1211 789//1211 780//1211
f 780//1212 789//1212 787//1212 779//1212
f 779//1213 787//1213 786//1213 778//1213
f 778//1214 786//1214 783//1214 776//1214
f 785//1215 777//1215 737//1215 759//1215
f 784//1216 785//1216 759//1216 758//1216
f 783//1217 784//1217 758//1217 757//1217
f 776//1218 783//1218 757//1218 735//1218
f 670//1219 782//1219 781//1219 669//1219
f 669//1220 781//1220 780//1220 668//1220
f 668//1221 780//1221 779//1221 667//1221
f 667//1222 779//1222 778//1222 666//1222
f 666//1223 778//1223 776//1223 665//1223
f 665//1224 776//1224 775//1224 664//1224
f 775//1225 776//1225 735//1225 734//1225
f 664//1226 775//1226 734//1226 595//1226
f 766//1227 774//1227 773//1227 765//1227
f 773//1228 774//1228 772//1228 771//1228
f 765//1229 773//1229 771//1229 763//1229
f 771//1230 772//1230 770//1230 769//1230
f 763//1231 771//1231 769//1231 761//1231
f 769//1232 770//1232 711//1232 710//1232
f 761//1233 769//1233 710//1233 704//1233
f 747//1234 768//1234 767//1234 746//1234
f 767//1235 768//1235 766//1235 765//1235
f 746//1236 767//1236 765//1236 743//1236
f 743//1237 765//1237 764//1237 742//1237
f 764//1238 765//1238 763//1238 762//1238
f 742//1239 764//1239 762//1239 740//1239
f 762//1240 763//1240 761//1240 760//1240
f 740//1241 762//1241 760//1241 738//1241
f 760//1242 761//1242 704//1242 703//1242
f 738//1243 760//1243 703//1243 696//1243
f 759//1244 737//1244 736//1244 758//1244
f 758//1245 736//1245 732//1245 756//1245
f 757//1246 758//1246 756//1246 755//1246
f 735//1247 757//1247 755//1247 731//1247
f 756//1248 732//1248 728//1248 753//1248
f 755//1249 756//1249 753//1249 752//1249
f 731//1250 755//1250 752//1250 726//1250
f 754//1251 729//1251 724//1251 751//1251
f 729//1252 754//1252 753//1252 728//1252
f 753//1253 754//1253 751//1253 750//1253
f 727//1254 753//1254 750//1254 723//1254
f 753//1255 727//1255 726//1255 752//1255
f 750//1256 751//1256 747//1256 746//1256
f 723//1257 750//1257 749//1257 722//1257
f 749//1258 750//1258 746//1258 745//1258
f 722//1259 749//1259 748//1259 721//1259
f 748//1260 749//1260 745//1260 744//1260
f 721//1261 748//1261 744//1261 720//1261
f 745//1262 746//1262 743//1262 742//1262
f 744//1263 745//1263 742//1263 741//1263
f 720//1264 744//1264 741//1264 719//1264
f 741//1265 742//1265 740//1265 739//1265
f 719//1266 741//1266 739//1266 717//1266
f 718//1267 740//1267 738//1267 715//1267
f 740//1268 718//1268 717//1268 739//1268
f 715//1269 738//1269 696//1269 686//1269
f 736//1270 737//1270 733//1270 732//1270
f 734//1271 735//1271 731//1271 730//1271
f 595//1272 734//1272 730//1272 594//1272
f 732//1273 733//1273 729//1273 728//1273
f 730//1274 731//1274 726//1274 725//1274
f 594//1275 730//1275 725//1275 593//1275
f 726//1276 727//1276 723//1276 722//1276
f 725//1277 726//1277 722//1277 721//1277
f 593//1278 725//1278 721//1278 592//1278
f 592//1279 721//1279 720//1279 590//1279
f 590//1280 720//1280 719//1280 587//1280
f 587//1281 719//1281 717//1281 583//1281
f 584//1282 718//1282 715//1282 580//1282
f 718//1283 584//1283 583//1283 717//1283
f 581//1284 716//1284 687//1284 463//1284
f 716//1285 581//1285 580//1285 715//1285
f 716//1286 715//1286 686//1286 687//1286
f 707//1287 714//1287 713//1287 706//1287
f 706//1288 713//1288 712//1288 705//1288
f 710//1289 711//1289 709//1289 708//1289
f 704//1290 710//1290 708//1290 701//1290
f 702//1291 709//1291 707//1291 700//1291
f 709//1292 702//1292 701//1292 708//1292
f 700//1293 707//1293 706//1293 699//1293
f 699//1294 706//1294 705//1294 698//1294
f 697//1295 704//1295 701//1295 694//1295
f 704//1296 697//1296 696//1296 703//1296
f 695//1297 702//1297 700//1297 693//1297
f 702//1298 695//1298 694//1298 701//1298
f 693//1299 700//1299 699//1299 692//1299
f 687//1300 697//1300 694//1300 683//1300
f 697//1301 687//1301 686//1301 696//1301
f 684//1302 695//1302 693//1302 682//1302
f 695//1303 684//1303 683//1303 694//1303
f 682//1304 693//1304 692//1304 680//1304
f 680//1305 692//1305 691//1305 678//1305
f 678//1306 691//1306 690//1306 676//1306
f 676//1307 690//1307 689//1307 674//1307
f 464//1308 688//1308 685//1308 462//1308
f 688//1309 464//1309 463//1309 687//1309
f 688//1310 687//1310 683//1310 685//1310
f 462//1311 685//1311 683//1311 461//1311
f 683//1312 684//1312 682//1312 681//1312
f 461//1313 683//1313 681//1313 460//1313
f 681//1314 682//1314 680//1314 679//1314
f 460//1315 681//1315 679//1315 459//1315
f 679//1316 680//1316 678//1316 677//1316
f 459//1317 679//1317 677//1317 458//1317
f 677//1318 678//1318 676//1318 675//1318
f 458//1319 677//1319 675//1319 457//1319
f 675//1320 676//1320 674//1320 673//1320
f 457//1321 675//1321 673//1321 456//1321
f 359//1322 672//1322 671//1322 358//1322
f 671//1323 672//1323 612//1323 611//1323
f 358//1324 671//1324 611//1324 355//1324
f 663//1325 670//1325 669//1325 662//1325
f 662//1326 669//1326 668//1326 660//1326
f 660//1327 668//1327 667//1327 659//1327
f 659//1328 667//1328 666//1328 658//1328
f 658//1329 666//1329 665//1329 657//1329
f 657//1330 665//1330 664//1330 656//1330
f 656//1331 664//1331 595//1331 579//1331
f 655//1332 663//1332 661//1332 654//1332
f 663//1333 662//1333 660//1333 661//1333
f 654//1334 661//1334 660//1334 653//1334
f 653//1335 660//1335 659//1335 652//1335
f 652//1336 659//1336 658//1336 651//1336
f 651//1337 658//1337 657//1337 650//1337
f 650//1338 657//1338 656//1338 649//1338
f 649//1339 656//1339 579//1339 559//1339
f 648//1340 654//1340 653//1340 647//1340
f 647//1341 653//1341 652//1341 646//1341
f 646//1342 652//1342 651//1342 645//1342
f 645//1343 651//1343 650//1343 644//1343
f 644//1344 650//1344 560//1344 543//1344
f 650//1345 649//1345 559//1345 560//1345
f 643//1346 648//1346 647//1346 642//1346
f 642//1347 647//1347 646//1347 640//1347
f 640//1348 646//1348 645//1348 639//1348
f 639//1349 645//1349 644//1349 638//1349
f 638//1350 644//1350 543//1350 532//1350
f 633//1351 643//1351 642//1351 632//1351
f 632//1352 642//1352 641//1352 631//1352
f 641//1353 642//1353 640//1353 639//1353
f 631//1354 641//1354 639//1354 629//1354
f 629//1355 639//1355 638//1355 627//1355
f 627//1356 638//1356 637//1356 626//1356
f 637//1357 638//1357 532//1357 531//1357
f 626//1358 637//1358 531//1358 519//1358
f 621//1359 636//1359 635//1359 620//1359
f 635//1360 636//1360 633//1360 632//1360
f 620//1361 635//1361 634//1361 619//1361
f 634//1362 635//1362 632//1362 631//1362
f 619//1363 634//1363 631//1363 617//1363
f 617//1364 631//1364 630//1364 616//1364
f 630//1365 631//1365 629//1365 628//1365
f 616//1366 630//1366 628//1366 615//1366
f 628//1367 629//1367 627//1367 626//1367
f 615//1368 628//1368 626//1368 614//1368
f 614//1369 626//1369 519//1369 505//1369
f 612//1370 625//1370 624//1370 610//1370
f 610//1371 624//1371 623//1371 608//1371
f 608//1372 623//1372 622//1372 606//1372
f 606//1373 622//1373 621//1373 604//1373
f 604//1374 621//1374 620//1374 603//1374
f 603//1375 620//1375 619//1375 602//1375
f 602//1376 619//1376 618//1376 601//1376
f 618//1377 619//1377 617//1377 616//1377
f 601//1378 618//1378 616//1378 600//1378
f 600//1379 616//1379 615//1379 599//1379
f 599//1380 615//1380 614//1380 597//1380
f 597//1381 614//1381 613//1381 596//1381
f 613//1382 614//1382 505//1382 504//1382
f 596//1383 613//1383 504//1383 485//1383
f 611//1384 612//1384 610//1384 609//1384
f 355//1385 611//1385 609//1385 353//1385
f 609//1386 610//1386 608//1386 607//1386
f 353//1387 609//1387 607//1387 351//1387
f 607//1388 608//1388 606//1388 605//1388
f 351//1389 607//1389 605//1389 349//1389
f 350//1390 606//1390 604//1390 348//1390
f 606//1391 350//1391 349//1391 605//1391
f 348//1392 604//1392 603//1392 347//1392
f 347//1393 603//1393 602//1393 346//1393
f 346//1394 602//1394 601//1394 345//1394
f 345//1395 601//1395 600//1395 344//1395
f 344//1396 600//1396 599//1396 343//1396
f 343//1397 599//1397 598//1397 342//1397
f 598//1398 599//1398 597//1398 596//1398
f 342//1399 598//1399 596//1399 340//1399
f 340//1400 596//1400 485//1400 269//1400
f 579//1401 595//1401 594//1401 578//1401
f 578//1402 594//1402 593//1402 575//1402
f 575//1403 593//1403 592//1403 572//1403
f 572//1404 592//1404 590//1404 568//1404
f 569//1405 591//1405 588//1405 565//1405
f 591//1406 569//1406 568//1406 590//1406
f 591//1407 590//1407 587//1407 588//1407
f 566//1408 589//1408 585//1408 563//1408
f 589//1409 566//1409 565//1409 588//1409
f 589//1410 588//1410 584//1410 585//1410
f 588//1411 587//1411 583//1411 584//1411
f 564//1412 586//1412 582//1412 562//1412
f 586//1413 564//1413 563//1413 585//1413
f 586//1414 585//1414 581//1414 582//1414
f 585//1415 584//1415 580//1415 581//1415
f 562//1416 582//1416 465//1416 455//1416
f 582//1417 581//1417 463//1417 465//1417
f 559//1418 579//1418 578//1418 556//1418
f 556//1419 578//1419 575//1419 552//1419
f 554//1420 577//1420 574//1420 550//1420
f 577//1421 554//1421 553//1421 576//1421
f 577//1422 576//1422 573//1422 574//1422
f 576//1423 553//1423 552//1423 575//1423
f 576//1424 575//1424 572//1424 573//1424
f 550//1425 574//1425 570//1425 548//1425
f 574//1426 573//1426 569//1426 570//1426
f 573//1427 572//1427 568//1427 569//1427
f 549//1428 571//1428 567//1428 547//1428
f 571//1429 549//1429 548//1429 570//1429
f 571//1430 570//1430 566//1430 567//1430
f 570//1431 569//1431 565//1431 566//1431
f 567//1432 566//1432 563//1432 564//1432
f 546//1433 564//1433 562//1433 545//1433
f 545//1434 562//1434 561//1434 544//1434
f 561//1435 562//1435 455//1435 454//1435
f 544//1436 561//1436 454//1436 447//1436
f 543//1437 560//1437 559//1437 542//1437
f 542//1438 559//1438 556//1438 539//1438
f 541//1439 558//1439 554//1439 537//1439
f 558//1440 541//1440 540//1440 557//1440
f 558//1441 557//1441 553//1441 554//1441
f 557//1442 540//1442 539//1442 556//1442
f 557//1443 556//1443 552//1443 553//1443
f 538//1444 555//1444 551//1444 536//1444
f 555//1445 538//1445 537//1445 554//1445
f 555//1446 554//1446 550//1446 551//1446
f 551//1447 550//1447 548//1447 549//1447
f 535//1448 546//1448 545//1448 534//1448
f 534//1449 545//1449 544//1449 533//1449
f 533//1450 544//1450 447//1450 436//1450
f 532//1451 543//1451 540//1451 529//1451
f 543//1452 542//1452 539//1452 540//1452
f 530//1453 541//1453 537//1453 526//1453
f 541//1454 530//1454 529//1454 540//1454
f 527//1455 538//1455 536//1455 525//1455
f 538//1456 527//1456 526//1456 537//1456
f 523//1457 535//1457 534//1457 521//1457
f 521//1458 534//1458 533//1458 520//1458
f 520//1459 533//1459 436//1459 421//1459
f 531//1460 532//1460 529//1460 528//1460
f 519//1461 531//1461 528//1461 516//1461
f 518//1462 530//1462 526//1462 514//1462
f 530//1463 518//1463 517//1463 529//1463
f 529//1464 517//1464 516//1464 528//1464
f 515//1465 527//1465 525//1465 512//1465
f 527//1466 515//1466 514//1466 526//1466
f 512//1467 525//1467 524//1467 510//1467
f 508//1468 523//1468 522//1468 507//1468
f 522//1469 523//1469 521//1469 520//1469
f 507//1470 522//1470 520//1470 506//1470
f 506//1471 520//1471 421//1471 406//1471
f 505//1472 519//1472 516//1472 502//1472
f 517//1473 518//1473 514//1473 513//1473
f 503//1474 517//1474 513//1474 500//1474
f 517//1475 503//1475 502//1475 516//1475
f 514//1476 515//1476 512//1476 511//1476
f 501//1477 514//1477 511//1477 497//1477
f 514//1478 501//1478 500//1478 513//1478
f 498//1479 512//1479 510//1479 494//1479
f 512//1480 498//1480 497//1480 511//1480
f 494//1481 510//1481 509//1481 490//1481
f 490//1482 509//1482 508//1482 489//1482
f 489//1483 508//1483 507//1483 488//1483
f 23//1484 22//1484 20//1484 21//1484
f 18//1485 25//1485 24//1485 17//1485
f 19//1486 26//1486 25//1486 18//1486
f 28//1487 21//1487 20//1487 27//1487
f 21//1488 28//1488 26//1488 19//1488
f 22//1489 30//1489 27//1489 20//1489
f 32//1490 31//1490 22//1490 23//1490
f 34//1491 33//1491 31//1491 32//1491
f 36//1492 35//1492 33//1492 34//1492
f 38//1493 37//1493 35//1493 36//1493
f 40//1494 39//1494 29//1494 30//1494
f 31//1495 40//1495 30//1495 22//1495
f 43//1496 42//1496 39//1496 40//1496
f 33//1497 43//1497 40//1497 31//1497
f 45//1498 44//1498 41//1498 42//1498
f 46//1499 45//1499 42//1499 43//1499
f 35//1500 46//1500 43//1500 33//1500
f 48//1501 47//1501 45//1501 46//1501
f 37//1502 48//1502 46//1502 35//1502
f 38//1503 49//1503 48//1503 37//1503
f 51//1504 50//1504 48//1504 49//1504
f 59//1505 58//1505 56//1505 57//1505
f 63//1506 62//1506 60//1506 61//1506
f 65//1507 64//1507 62//1507 63//1507
f 65//1508 57//1508 56//1508 64//1508
f 57//1509 65//1509 63//1509 55//1509
f 58//1510 66//1510 64//1510 56//1510
f 59//1511 67//1511 66//1511 58//1511
f 69//1512 68//1512 52//1512 53//1512
f 70//1513 69//1513 53//1513 54//1513
f 70//1514 61//1514 60//1514 69//1514
f 72//1515 71//1515 68//1515 69//1515
f 62//1516 72//1516 69//1516 60//1516
f 73//1517 63//1517 61//1517 70//1517
f 64//1518 74//1518 72//1518 62//1518
f 66//1519 75//1519 74//1519 64//1519
f 67//1520 76//1520 75//1520 66//1520
f 25//1521 78//1521 77//1521 24//1521
f 26//1522 79//1522 78//1522 25//1522
f 81//1523 28//1523 27//1523 80//1523
f 28//1524 81//1524 79//1524 26//1524
f 83//1525 30//1525 29//1525 82//1525
f 30//1526 83//1526 80//1526 27//1526
f 86//1527 81//1527 80//1527 85//1527
f 81//1528 86//1528 84//1528 79//1528
f 83//1529 87//1529 85//1529 80//1529
f 87//1530 88//1530 86//1530 85//1530
f 488//1531 507//1531 506//1531 487//1531
f 487//1532 506//1532 406//1532 394//1532
f 486//1533 505//1533 502//1533 484//1533
f 505//1534 486//1534 485//1534 504//1534
f 98//1535 97//1535 95//1535 96//1535
f 91//1536 98//1536 96//1536 90//1536
f 100//1537 99//1537 97//1537 98//1537
f 92//1538 100//1538 98//1538 91//1538
f 102//1539 101//1539 99//1539 100//1539
f 93//1540 102//1540 100//1540 92//1540
f 104//1541 103//1541 101//1541 102//1541
f 94//1542 104//1542 102//1542 93//1542
f 106//1543 105//1543 103//1543 104//1543
f 108//1544 107//1544 105//1544 106//1544
f 502//1545 503//1545 500//1545 499//1545
f 484//1546 502//1546 499//1546 482//1546
f 97//1547 110//1547 109//1547 95//1547
f 99//1548 111//1548 110//1548 97//1548
f 101//1549 112//1549 111//1549 99//1549
f 103//1550 113//1550 112//1550 101//1550
f 105//1551 114//1551 113//1551 103//1551
f 107//1552 115//1552 114//1552 105//1552
f 108//1553 116//1553 115//1553 107//1553
f 500//1554 501//1554 497//1554 496//1554
f 499//1555 500//1555 496//1555 495//1555
f 110//1556 118//1556 117//1556 109//1556
f 111//1557 119//1557 118//1557 110//1557
f 112//1558 120//1558 119//1558 111//1558
f 113//1559 121//1559 120//1559 112//1559
f 114//1560 122//1560 121//1560 113//1560
f 115//1561 123//1561 122//1561 114//1561
f 482//1562 499//1562 495//1562 478//1562
f 480//1563 498//1563 494//1563 476//1563
f 498//1564 480//1564 479//1564 497//1564
f 497//1565 479//1565 475//1565 493//1565
f 118//1566 127//1566 125//1566 117//1566
f 127//1567 128//1567 126//1567 125//1567
f 119//1568 129//1568 127//1568 118//1568
f 129//1569 130//1569 128//1569 127//1569
f 120//1570 131//1570 129//1570 119//1570
f 131//1571 132//1571 130//1571 129//1571
f 121//1572 134//1572 131//1572 120//1572
f 136//1573 135//1573 133//1573 134//1573
f 122//1574 136//1574 134//1574 121//1574
f 123//1575 137//1575 136//1575 122//1575
f 39//1576 138//1576 82//1576 29//1576
f 138//1577 139//1577 83//1577 82//1577
f 141//1578 42//1578 41//1578 140//1578
f 42//1579 141//1579 138//1579 39//1579
f 44//1580 142//1580 140//1580 41//1580
f 45//1581 143//1581 142//1581 44//1581
f 145//1582 144//1582 142//1582 143//1582
f 47//1583 145//1583 143//1583 45//1583
f 48//1584 146//1584 145//1584 47//1584
f 148//1585 147//1585 144//1585 145//1585
f 149//1586 148//1586 145//1586 146//1586
f 50//1587 149//1587 146//1587 48//1587
f 51//1588 150//1588 149//1588 50//1588
f 152//1589 151//1589 147//1589 148//1589
f 153//1590 152//1590 148//1590 149//1590
f 154//1591 153//1591 149//1591 150//1591
f 156//1592 155//1592 151//1592 152//1592
f 157//1593 156//1593 152//1593 153//1593
f 158//1594 157//1594 153//1594 154//1594
f 160//1595 159//1595 155//1595 156//1595
f 161//1596 160//1596 156//1596 157//1596
f 161//1597 53//1597 52//1597 160//1597
f 162//1598 161//1598 157//1598 158//1598
f 162//1599 54//1599 53//1599 161//1599
f 164//1600 139//1600 138//1600 163//1600
f 139//1601 164//1601 87//1601 83//1601
f 164//1602 165//1602 88//1602 87//1602
f 167//1603 141//1603 140//1603 166//1603
f 141//1604 167//1604 163//1604 138//1604
f 167//1605 168//1605 164//1605 163//1605
f 142//1606 169//1606 166//1606 140//1606
f 169//1607 170//1607 167//1607 166//1607
f 170//1608 171//1608 168//1608 167//1608
f 144//1609 172//1609 169//1609 142//1609
f 172//1610 173//1610 170//1610 169//1610
f 147//1611 174//1611 172//1611 144//1611
f 151//1612 175//1612 174//1612 147//1612
f 155//1613 176//1613 175//1613 151//1613
f 159//1614 177//1614 176//1614 155//1614
f 179//1615 165//1615 164//1615 178//1615
f 165//1616 179//1616 89//1616 88//1616
f 168//1617 180//1617 178//1617 164//1617
f 180//1618 181//1618 179//1618 178//1618
f 183//1619 171//1619 170//1619 182//1619
f 171//1620 183//1620 180//1620 168//1620
f 183//1621 184//1621 181//1621 180//1621
f 186//1622 173//1622 172//1622 185//1622
f 173//1623 186//1623 182//1623 170//1623
f 186//1624 187//1624 183//1624 182//1624
f 187//1625 188//1625 184//1625 183//1625
f 174//1626 189//1626 185//1626 172//1626
f 189//1627 190//1627 186//1627 185//1627
f 190//1628 191//1628 187//1628 186//1628
f 175//1629 192//1629 189//1629 174//1629
f 192//1630 193//1630 190//1630 189//1630
f 193//1631 194//1631 191//1631 190//1631
f 176//1632 195//1632 192//1632 175//1632
f 177//1633 196//1633 195//1633 176//1633
f 199//1634 188//1634 187//1634 198//1634
f 188//1635 199//1635 197//1635 184//1635
f 191//1636 200//1636 198//1636 187//1636
f 200//1637 201//1637 199//1637 198//1637
f 203//1638 193//1638 192//1638 202//1638
f 204//1639 194//1639 193//1639 203//1639
f 194//1640 204//1640 200//1640 191//1640
f 204//1641 205//1641 201//1641 200//1641
f 195//1642 206//1642 202//1642 192//1642
f 206//1643 207//1643 203//1643 202//1643
f 207//1644 208//1644 204//1644 203//1644
f 196//1645 209//1645 206//1645 195//1645
f 213//1646 205//1646 204//1646 212//1646
f 205//1647 213//1647 211//1647 201//1647
f 215//1648 207//1648 206//1648 214//1648
f 216//1649 208//1649 207//1649 215//1649
f 208//1650 216//1650 212//1650 204//1650
f 209//1651 217//1651 214//1651 206//1651
f 217//1652 218//1652 215//1652 214//1652
f 210//1653 218//1653 217//1653 209//1653
f 220//1654 219//1654 115//1654 116//1654
f 226//1655 213//1655 212//1655 225//1655
f 213//1656 226//1656 223//1656 211//1656
f 229//1657 228//1657 224//1657 225//1657
f 229//1658 216//1658 215//1658 228//1658
f 216//1659 229//1659 225//1659 212//1659
f 231//1660 230//1660 227//1660 228//1660
f 218//1661 231//1661 228//1661 215//1661
f 219//1662 232//1662 123//1662 115//1662
f 220//1663 233//1663 232//1663 219//1663
f 221//1664 234//1664 233//1664 220//1664
f 223//1665 240//1665 236//1665 222//1665
f 242//1666 241//1666 237//1666 238//1666
f 243//1667 242//1667 238//1667 239//1667
f 243//1668 225//1668 224//1668 242//1668
f 244//1669 243//1669 239//1669 240//1669
f 244//1670 226//1670 225//1670 243//1670
f 226//1671 244//1671 240//1671 223//1671
f 246//1672 245//1672 241//1672 242//1672
f 246//1673 228//1673 227//1673 245//1673
f 228//1674 246//1674 242//1674 224//1674
f 230//1675 247//1675 245//1675 227//1675
f 232//1676 248//1676 137//1676 123//1676
f 233//1677 249//1677 248//1677 232//1677
f 251//1678 250//1678 248//1678 249//1678
f 234//1679 251//1679 249//1679 233//1679
f 257//1680 256//1680 252//1680 253//1680
f 258//1681 257//1681 253//1681 254//1681
f 236//1682 259//1682 255//1682 235//1682
f 262//1683 261//1683 256//1683 257//1683
f 262//1684 238//1684 237//1684 261//1684
f 263//1685 262//1685 257//1685 258//1685
f 263//1686 239//1686 238//1686 262//1686
f 264//1687 263//1687 258//1687 259//1687
f 264//1688 240//1688 239//1688 263//1688
f 240//1689 264//1689 259//1689 236//1689
f 266//1690 265//1690 260//1690 261//1690
f 241//1691 266//1691 261//1691 237//1691
f 268//1692 267//1692 265//1692 266//1692
f 245//1693 268//1693 266//1693 241//1693
f 270//1694 269//1694 267//1694 268//1694
f 247//1695 270//1695 268//1695 245//1695
f 272//1696 271//1696 159//1696 160//1696
f 68//1697 272//1697 160//1697 52//1697
f 273//1698 70//1698 54//1698 162//1698
f 71//1699 274//1699 272//1699 68//1699
f 72//1700 275//1700 274//1700 71//1700
f 74//1701 276//1701 275//1701 72//1701
f 75//1702 277//1702 276//1702 74//1702
f 76//1703 278//1703 277//1703 75//1703
f 271//1704 279//1704 177//1704 159//1704
f 272//1705 280//1705 279//1705 271//1705
f 274//1706 281//1706 280//1706 272//1706
f 275//1707 282//1707 281//1707 274//1707
f 276//1708 283//1708 282//1708 275//1708
f 277//1709 284//1709 283//1709 276//1709
f 278//1710 285//1710 284//1710 277//1710
f 279//1711 286//1711 196//1711 177//1711
f 280//1712 287//1712 286//1712 279//1712
f 281//1713 288//1713 287//1713 280//1713
f 282//1714 289//1714 288//1714 281//1714
f 283//1715 290//1715 289//1715 282//1715
f 284//1716 292//1716 290//1716 283//1716
f 292//1717 293//1717 291//1717 290//1717
f 285//1718 293//1718 292//1718 284//1718
f 286//1719 294//1719 209//1719 196//1719
f 294//1720 295//1720 210//1720 209//1720
f 287//1721 295//1721 294//1721 286//1721
f 288//1722 296//1722 295//1722 287//1722
f 289//1723 297//1723 296//1723 288//1723
f 299//1724 298//1724 296//1724 297//1724
f 290//1725 299//1725 297//1725 289//1725
f 291//1726 300//1726 299//1726 290//1726
f 293//1727 301//1727 300//1727 291//1727
f 295//1728 302//1728 218//1728 210//1728
f 296//1729 303//1729 302//1729 295//1729
f 298//1730 304//1730 303//1730 296//1730
f 299//1731 305//1731 304//1731 298//1731
f 300//1732 306//1732 305//1732 299//1732
f 308//1733 307//1733 304//1733 305//1733
f 309//1734 308//1734 305//1734 306//1734
f 311//1735 310//1735 230//1735 231//1735
f 302//1736 311//1736 231//1736 218//1736
f 313//1737 312//1737 310//1737 311//1737
f 303//1738 313//1738 311//1738 302//1738
f 315//1739 314//1739 312//1739 313//1739
f 304//1740 315//1740 313//1740 303//1740
f 307//1741 318//1741 315//1741 304//1741
f 308//1742 319//1742 318//1742 307//1742
f 319//1743 320//1743 317//1743 316//1743
f 309//1744 320//1744 319//1744 308//1744
f 310//1745 324//1745 247//1745 230//1745
f 312//1746 325//1746 324//1746 310//1746
f 314//1747 326//1747 325//1747 312//1747
f 315//1748 327//1748 326//1748 314//1748
f 317//1749 329//1749 328//1749 316//1749
f 331//1750 330//1750 326//1750 327//1750
f 318//1751 331//1751 327//1751 315//1751
f 319//1752 332//1752 331//1752 318//1752
f 332//1753 319//1753 316//1753 328//1753
f 333//1754 332//1754 328//1754 329//1754
f 320//1755 333//1755 329//1755 317//1755
f 322//1756 336//1756 334//1756 321//1756
f 338//1757 337//1757 335//1757 336//1757
f 323//1758 338//1758 336//1758 322//1758
f 341//1759 340//1759 269//1759 270//1759
f 324//1760 341//1760 270//1760 247//1760
f 343//1761 342//1761 340//1761 341//1761
f 325//1762 343//1762 341//1762 324//1762
f 326//1763 344//1763 343//1763 325//1763
f 330//1764 345//1764 344//1764 326//1764
f 331//1765 346//1765 345//1765 330//1765
f 332//1766 347//1766 346//1766 331//1766
f 333//1767 348//1767 347//1767 332//1767
f 334//1768 350//1768 348//1768 333//1768
f 352//1769 351//1769 349//1769 350//1769
f 352//1770 336//1770 335//1770 351//1770
f 336//1771 352//1771 350//1771 334//1771
f 337//1772 353//1772 351//1772 335//1772
f 338//1773 354//1773 353//1773 337//1773
f 356//1774 355//1774 353//1774 354//1774
f 339//1775 356//1775 354//1775 338//1775
f 359//1776 358//1776 355//1776 356//1776
f 357//1777 359//1777 356//1777 339//1777
f 496//1778 497//1778 493//1778 492//1778
f 126//1779 362//1779 360//1779 124//1779
f 365//1780 364//1780 361//1780 362//1780
f 128//1781 365//1781 362//1781 126//1781
f 368//1782 367//1782 363//1782 364//1782
f 369//1783 368//1783 364//1783 365//1783
f 130//1784 369//1784 365//1784 128//1784
f 371//1785 370//1785 367//1785 368//1785
f 372//1786 371//1786 368//1786 369//1786
f 372//1787 132//1787 131//1787 371//1787
f 132//1788 372//1788 369//1788 130//1788
f 374//1789 373//1789 370//1789 371//1789
f 374//1790 134//1790 133//1790 373//1790
f 134//1791 374//1791 371//1791 131//1791
f 135//1792 375//1792 373//1792 133//1792
f 136//1793 376//1793 375//1793 135//1793
f 378//1794 377//1794 375//1794 376//1794
f 137//1795 378//1795 376//1795 136//1795
f 495//1796 496//1796 492//1796 491//1796
f 478//1797 495//1797 491//1797 473//1797
f 476//1798 494//1798 490//1798 472//1798
f 493//1799 475//1799 474//1799 492//1799
f 383//1800 362//1800 361//1800 382//1800
f 385//1801 384//1801 380//1801 381//1801
f 386//1802 385//1802 381//1802 382//1802
f 386//1803 364//1803 363//1803 385//1803
f 364//1804 386//1804 382//1804 361//1804
f 387//1805 366//1805 362//1805 383//1805
f 389//1806 388//1806 384//1806 385//1806
f 367//1807 389//1807 385//1807 363//1807
f 370//1808 390//1808 389//1808 367//1808
f 373//1809 391//1809 390//1809 370//1809
f 375//1810 392//1810 391//1810 373//1810
f 377//1811 393//1811 392//1811 375//1811
f 378//1812 394//1812 393//1812 377//1812
f 492//1813 474//1813 473//1813 491//1813
f 472//1814 490//1814 489//1814 468//1814
f 396//1815 381//1815 380//1815 395//1815
f 468//1816 489//1816 488//1816 467//1816
f 384//1817 398//1817 395//1817 380//1817
f 398//1818 399//1818 396//1818 395//1818
f 388//1819 400//1819 398//1819 384//1819
f 400//1820 401//1820 399//1820 398//1820
f 389//1821 401//1821 400//1821 388//1821
f 390//1822 402//1822 401//1822 389//1822
f 391//1823 403//1823 402//1823 390//1823
f 392//1824 404//1824 403//1824 391//1824
f 393//1825 405//1825 404//1825 392//1825
f 394//1826 406//1826 405//1826 393//1826
f 467//1827 488//1827 487//1827 466//1827
f 466//1828 487//1828 394//1828 378//1828
f 485//1829 486//1829 484//1829 483//1829
f 269//1830 485//1830 483//1830 267//1830
f 483//1831 484//1831 482//1831 481//1831
f 267//1832 483//1832 481//1832 265//1832
f 481//1833 482//1833 478//1833 477//1833
f 265//1834 481//1834 477//1834 260//1834
f 399//1835 410//1835 407//1835 396//1835
f 410//1836 411//1836 408//1836 407//1836
f 411//1837 412//1837 409//1837 408//1837
f 401//1838 413//1838 410//1838 399//1838
f 413//1839 414//1839 411//1839 410//1839
f 402//1840 416//1840 413//1840 401//1840
f 416//1841 417//1841 414//1841 413//1841
f 403//1842 418//1842 416//1842 402//1842
f 404//1843 419//1843 418//1843 403//1843
f 405//1844 420//1844 419//1844 404//1844
f 406//1845 421//1845 420//1845 405//1845
f 424//1846 412//1846 411//1846 423//1846
f 414//1847 425//1847 423//1847 411//1847
f 425//1848 426//1848 424//1848 423//1848
f 427//1849 415//1849 412//1849 424//1849
f 429//1850 417//1850 416//1850 428//1850
f 417//1851 429//1851 425//1851 414//1851
f 429//1852 430//1852 426//1852 425//1852
f 418//1853 431//1853 428//1853 416//1853
f 431//1854 432//1854 429//1854 428//1854
f 419//1855 433//1855 431//1855 418//1855
f 433//1856 434//1856 432//1856 431//1856
f 420//1857 435//1857 433//1857 419//1857
f 435//1858 436//1858 434//1858 433//1858
f 421//1859 436//1859 435//1859 420//1859
f 479//1860 480//1860 476//1860 475//1860
f 261//1861 478//1861 473//1861 256//1861
f 440//1862 439//1862 437//1862 438//1862
f 424//1863 440//1863 438//1863 422//1863
f 442//1864 441//1864 439//1864 440//1864
f 426//1865 442//1865 440//1865 424//1865
f 444//1866 443//1866 441//1866 442//1866
f 444//1867 430//1867 429//1867 443//1867
f 430//1868 444//1868 442//1868 426//1868
f 432//1869 445//1869 443//1869 429//1869
f 434//1870 446//1870 445//1870 432//1870
f 436//1871 447//1871 446//1871 434//1871
f 478//1872 261//1872 260//1872 477//1872
f 259//1873 476//1873 472//1873 255//1873
f 476//1874 259//1874 258//1874 475//1874
f 475//1875 258//1875 254//1875 471//1875
f 439//1876 449//1876 448//1876 437//1876
f 441//1877 450//1877 449//1877 439//1877
f 443//1878 451//1878 450//1878 441//1878
f 445//1879 452//1879 451//1879 443//1879
f 446//1880 453//1880 452//1880 445//1880
f 447//1881 454//1881 453//1881 446//1881
f 474//1882 475//1882 471//1882 470//1882
f 473//1883 474//1883 470//1883 469//1883
f 449//1884 457//1884 456//1884 448//1884
f 450//1885 458//1885 457//1885 449//1885
f 451//1886 459//1886 458//1886 450//1886
f 452//1887 460//1887 459//1887 451//1887
f 453//1888 461//1888 460//1888 452//1888
f 454//1889 463//1889 461//1889 453//1889
f 463//1890 464//1890 462//1890 461//1890
f 455//1891 465//1891 463//1891 454//1891
f 248//1892 466//1892 378//1892 137//1892
f 250//1893 467//1893 466//1893 248//1893
f 251//1894 468//1894 467//1894 250//1894
f 470//1895 253//1895 252//1895 469//1895
f 471//1896 254//1896 253//1896 470//1896
f 255//1897 472//1897 468//1897 251//1897
f 256//1898 473//1898 469//1898 252//1898
f 448//1899 456//1899 3473//1899 3471//1899
f 3471//1900 3473//1900 2265//1900 2257//1900
f 437//1901 448//1901 3471//1901 3469//1901
f 3470//1902 3472//1902 2258//1902 2253//1902
f 3472//1903 3470//1903 3469//1903 3471//1903
f 3472//1904 3471//1904 2257//1904 2258//1904
f 422//1905 438//1905 3470//1905 3468//1905
f 438//1906 437//1906 3469//1906 3470//1906
f 409//1907 397//1907 3464//1907 3467//1907
f 408//1908 409//1908 3467//1908 3466//1908
f 407//1909 408//1909 3466//1909 3465//1909
f 396//1910 407//1910 3465//1910 3463//1910
f 3467//1911 3464//1911 2248//1911 2251//1911
f 3466//1912 3467//1912 2251//1912 2250//1912
f 3465//1913 3466//1913 2250//1913 2249//1913
f 3463//1914 3465//1914 2249//1914 2246//1914
f 381//1915 396//1915 3463//1915 3461//1915
f 3464//1916 379//1916 2245//1916 2248//1916
f 3461//1917 3463//1917 2246//1917 2243//1917
f 383//1918 382//1918 3462//1918 379//1918
f 382//1919 381//1919 3461//1919 3462//1919
f 379//1920 3462//1920 2244//1920 2245//1920
f 3462//1921 3461//1921 2243//1921 2244//1921
f 124//1922 360//1922 2242//1922 2241//1922
f 125//1923 126//1923 124//1923 3460//1923
f 117//1924 125//1924 3460//1924 3459//1924
f 3460//1925 124//1925 2241//1925 2240//1925
f 3459//1926 3460//1926 2240//1926 2229//1926
f 109//1927 117//1927 3459//1927 3458//1927
f 3458//1928 3459//1928 2229//1928 2215//1928
f 95//1929 109//1929 3458//1929 3456//1929
f 3456//1930 3458//1930 2215//1930 2202//1930
f 90//1931 96//1931 3457//1931 3455//1931
f 96//1932 95//1932 3456//1932 3457//1932
f 3455//1933 3457//1933 2203//1933 2186//1933
f 3457//1934 3456//1934 2202//1934 2203//1934
f 3454//1935 3235//1935 3230//1935 3449//1935
f 3235//1936 3454//1936 3453//1936 3234//1936
f 3453//1937 3454//1937 3449//1937 3448//1937
f 3234//1938 3453//1938 3452//1938 3233//1938
f 3452//1939 3453//1939 3448//1939 3447//1939
f 3233//1940 3452//1940 3451//1940 3232//1940
f 3451//1941 3452//1941 3447//1941 3446//1941
f 3232//1942 3451//1942 2553//1942 2458//1942
f 2553//1943 3451//1943 3446//1943 2552//1943
f 3450//1944 3231//1944 3125//1944 3412//1944
f 3231//1945 3450//1945 3449//1945 3230//1945
f 3449//1946 3450//1946 3412//1946 3411//1946
f 3448//1947 3449//1947 3411//1947 3410//1947
f 3447//1948 3448//1948 3410//1948 3409//1948
f 3446//1949 3447//1949 3409//1949 3408//1949
f 2552//1950 3446//1950 3408//1950 2551//1950
f 3445//1951 3406//1951 3400//1951 3441//1951
f 3406//1952 3445//1952 3444//1952 3405//1952
f 3444//1953 3445//1953 3441//1953 3440//1953
f 3405//1954 3444//1954 3443//1954 3404//1954
f 3443//1955 3444//1955 3440//1955 3439//1955
f 3404//1956 3443//1956 3442//1956 3403//1956
f 3442//1957 3443//1957 3439//1957 3438//1957
f 3403//1958 3442//1958 3438//1958 3398//1958
f 3441//1959 3400//1959 3395//1959 3436//1959
f 3440//1960 3441//1960 3436//1960 3435//1960
f 3439//1961 3440//1961 3435//1961 3434//1961
f 3399//1962 3439//1962 3434//1962 3394//1962
f 3439//1963 3399//1963 3398//1963 3438//1963
f 3437//1964 3396//1964 3390//1964 3431//1964
f 3396//1965 3437//1965 3436//1965 3395//1965
f 3436//1966 3437//1966 3431//1966 3430//1966
f 3435//1967 3436//1967 3430//1967 3429//1967
f 3434//1968 3435//1968 3429//1968 3428//1968
f 3394//1969 3434//1969 3433//1969 3393//1969
f 3433//1970 3434//1970 3428//1970 3427//1970
f 3393//1971 3433//1971 3432//1971 3392//1971
f 3432//1972 3433//1972 3427//1972 3426//1972
f 3392//1973 3432//1973 3426//1973 3389//1973
f 3431//1974 3390//1974 3387//1974 3424//1974
f 3430//1975 3431//1975 3424//1975 3423//1975
f 3429//1976 3430//1976 3423//1976 3422//1976
f 3428//1977 3429//1977 3422//1977 3421//1977
f 3427//1978 3428//1978 3421//1978 3420//1978
f 3426//1979 3427//1979 3420//1979 3419//1979
f 3389//1980 3426//1980 3419//1980 3385//1980
f 3425//1981 3388//1981 3384//1981 3418//1981
f 3388//1982 3425//1982 3424//1982 3387//1982
f 3424//1983 3425//1983 3418//1983 3417//1983
f 3423//1984 3424//1984 3417//1984 3416//1984
f 3422//1985 3423//1985 3416//1985 3415//1985
f 3421//1986 3422//1986 3415//1986 3414//1986
f 3420//1987 3421//1987 3414//1987 3413//1987
f 3386//1988 3420//1988 3413//1988 3379//1988
f 3420//1989 3386//1989 3385//1989 3419//1989
f 3418//1990 3384//1990 3383//1990 3417//1990
f 3417//1991 3383//1991 3382//1991 3416//1991
f 3416//1992 3382//1992 3381//1992 3415//1992
f 3415//1993 3381//1993 3380//1993 3414//1993
f 3414//1994 3380//1994 3379//1994 3413//1994
f 3412//1995 3125//1995 3123//1995 3406//1995
f 3411//1996 3412//1996 3406//1996 3405//1996
f 3410//1997 3411//1997 3405//1997 3404//1997
f 3409//1998 3410//1998 3404//1998 3403//1998
f 3408//1999 3409//1999 3403//1999 3402//1999
f 2551//2000 3408//2000 3402//2000 2550//2000
f 3407//2001 3124//2001 3122//2001 3401//2001
f 3124//2002 3407//2002 3406//2002 3123//2002
f 3406//2003 3407//2003 3401//2003 3400//2003
f 3402//2004 3403//2004 3398//2004 3397//2004
f 2550//2005 3402//2005 3397//2005 2548//2005
f 3401//2006 3122//2006 3121//2006 3396//2006
f 3400//2007 3401//2007 3396//2007 3395//2007
f 3398//2008 3399//2008 3394//2008 3393//2008
f 3397//2009 3398//2009 3393//2009 3392//2009
f 2548//2010 3397//2010 3392//2010 2546//2010
f 3396//2011 3121//2011 3119//2011 3390//2011
f 2546//2012 3392//2012 3389//2012 2544//2012
f 3391//2013 3120//2013 3117//2013 3388//2013
f 3120//2014 3391//2014 3390//2014 3119//2014
f 3390//2015 3391//2015 3388//2015 3387//2015
f 3118//2016 3389//2016 3385//2016 3113//2016
f 3389//2017 3118//2017 2352//2017 2544//2017
f 3388//2018 3117//2018 3112//2018 3384//2018
f 3114//2019 3386//2019 3379//2019 3107//2019
f 3386//2020 3114//2020 3113//2020 3385//2020
f 3384//2021 3112//2021 3111//2021 3383//2021
f 3383//2022 3111//2022 3110//2022 3382//2022
f 3382//2023 3110//2023 3109//2023 3381//2023
f 3381//2024 3109//2024 3108//2024 3380//2024
f 3380//2025 3108//2025 3107//2025 3379//2025
f 3378//2026 3363//2026 3359//2026 3376//2026
f 3363//2027 3378//2027 3377//2027 3362//2027
f 3377//2028 3378//2028 3376//2028 3375//2028
f 3362//2029 3377//2029 2543//2029 2535//2029
f 2543//2030 3377//2030 3375//2030 2542//2030
f 3376//2031 3359//2031 3356//2031 3374//2031
f 3375//2032 3376//2032 3374//2032 3373//2032
f 2542//2033 3375//2033 3373//2033 2540//2033
f 3374//2034 3356//2034 3205//2034 3228//2034
f 3373//2035 3374//2035 3228//2035 3227//2035
f 2540//2036 3373//2036 3227//2036 2453//2036
f 3372//2037 3349//2037 3343//2037 3368//2037
f 3349//2038 3372//2038 3371//2038 3348//2038
f 3371//2039 3372//2039 3368//2039 3367//2039
f 3348//2040 3371//2040 3370//2040 3347//2040
f 3370//2041 3371//2041 3367//2041 3366//2041
f 3347//2042 3370//2042 2538//2042 2526//2042
f 2538//2043 3370//2043 3366//2043 2537//2043
f 3369//2044 3344//2044 3340//2044 3365//2044
f 3344//2045 3369//2045 3368//2045 3343//2045
f 3368//2046 3369//2046 3365//2046 3364//2046
f 3367//2047 3368//2047 3364//2047 3363//2047
f 3366//2048 3367//2048 3363//2048 3362//2048
f 2537//2049 3366//2049 3362//2049 2535//2049
f 3365//2050 3340//2050 3337//2050 3361//2050
f 3364//2051 3365//2051 3361//2051 3360//2051
f 3363//2052 3364//2052 3360//2052 3359//2052
f 3361//2053 3337//2053 3334//2053 3358//2053
f 3360//2054 3361//2054 3358//2054 3357//2054
f 3359//2055 3360//2055 3357//2055 3356//2055
f 3358//2056 3334//2056 3190//2056 3207//2056
f 3357//2057 3358//2057 3207//2057 3206//2057
f 3356//2058 3357//2058 3206//2058 3205//2058
f 3355//2059 3323//2059 3317//2059 3350//2059
f 3323//2060 3355//2060 3354//2060 3322//2060
f 3354//2061 3355//2061 3350//2061 3349//2061
f 3322//2062 3354//2062 3353//2062 3321//2062
f 3353//2063 3354//2063 3349//2063 3348//2063
f 3321//2064 3353//2064 3352//2064 3320//2064
f 3352//2065 3353//2065 3348//2065 3347//2065
f 3320//2066 3352//2066 2527//2066 2516//2066
f 2527//2067 3352//2067 3347//2067 2526//2067
f 3351//2068 3318//2068 3315//2068 3345//2068
f 3318//2069 3351//2069 3350//2069 3317//2069
f 3350//2070 3351//2070 3345//2070 3344//2070
f 3349//2071 3350//2071 3344//2071 3343//2071
f 3346//2072 3316//2072 3314//2072 3342//2072
f 3316//2073 3346//2073 3345//2073 3315//2073
f 3345//2074 3346//2074 3342//2074 3341//2074
f 3344//2075 3345//2075 3341//2075 3340//2075
f 3342//2076 3314//2076 3313//2076 3339//2076
f 3341//2077 3342//2077 3339//2077 3338//2077
f 3340//2078 3341//2078 3338//2078 3337//2078
f 3339//2079 3313//2079 3312//2079 3336//2079
f 3338//2080 3339//2080 3336//2080 3335//2080
f 3337//2081 3338//2081 3335//2081 3334//2081
f 3336//2082 3312//2082 3173//2082 3192//2082
f 3335//2083 3336//2083 3192//2083 3191//2083
f 3334//2084 3335//2084 3191//2084 3190//2084
f 3333//2085 3308//2085 3307//2085 3332//2085
f 3332//2086 3307//2086 3306//2086 3331//2086
f 3330//2087 3303//2087 3297//2087 3324//2087
f 3303//2088 3330//2088 3329//2088 3302//2088
f 3329//2089 3330//2089 3324//2089 3323//2089
f 3302//2090 3329//2090 3328//2090 3301//2090
f 3328//2091 3329//2091 3323//2091 3322//2091
f 3301//2092 3328//2092 3327//2092 3300//2092
f 3327//2093 3328//2093 3322//2093 3321//2093
f 3300//2094 3327//2094 3326//2094 3299//2094
f 3326//2095 3327//2095 3321//2095 3320//2095
f 3299//2096 3326//2096 2517//2096 2506//2096
f 3473//2097 3474//2097 2475//2097 2265//2097
f 3474//2098 3475//2098 2476//2098 2475//2098
f 456//2099 673//2099 3474//2099 3473//2099
f 673//2100 674//2100 3475//2100 3474//2100
f 2517//2101 3326//2101 3320//2101 2516//2101
f 3325//2102 3298//2102 3296//2102 3319//2102
f 3298//2103 3325//2103 3324//2103 3297//2103
f 3324//2104 3325//2104 3319//2104 3318//2104
f 3323//2105 3324//2105 3318//2105 3317//2105
f 3319//2106 3296//2106 3295//2106 3316//2106
f 3318//2107 3319//2107 3316//2107 3315//2107
f 3316//2108 3295//2108 3294//2108 3314//2108
f 3314//2109 3294//2109 3292//2109 3313//2109
f 3313//2110 3292//2110 3289//2110 3312//2110
f 3312//2111 3289//2111 3288//2111 3311//2111
f 3312//2112 3311//2112 3172//2112 3173//2112
f 3311//2113 3288//2113 3154//2113 3172//2113
f 3310//2114 3286//2114 3283//2114 3304//2114
f 3475//2115 3476//2115 2494//2115 2476//2115
f 674//2116 689//2116 3476//2116 3475//2116
f 3286//2117 3310//2117 3309//2117 3285//2117
f 3309//2118 3310//2118 3304//2118 3303//2118
f 3285//2119 3309//2119 3308//2119 3284//2119
f 3308//2120 3309//2120 3303//2120 3302//2120
f 3307//2121 3308//2121 3302//2121 3301//2121
f 3306//2122 3307//2122 3301//2122 3300//2122
f 3305//2123 3306//2123 3300//2123 3299//2123
f 2507//2124 3305//2124 3299//2124 2506//2124
f 3476//2125 3477//2125 2507//2125 2494//2125
f 3304//2126 3283//2126 3281//2126 3298//2126
f 3303//2127 3304//2127 3298//2127 3297//2127
f 3298//2128 3281//2128 3279//2128 3296//2128
f 3296//2129 3279//2129 3277//2129 3295//2129
f 3295//2130 3277//2130 3274//2130 3294//2130
f 3294//2131 3274//2131 3273//2131 3293//2131
f 3294//2132 3293//2132 3291//2132 3292//2132
f 3293//2133 3273//2133 3271//2133 3291//2133
f 3292//2134 3291//2134 3288//2134 3289//2134
f 3291//2135 3271//2135 3270//2135 3290//2135
f 3291//2136 3290//2136 3287//2136 3288//2136
f 3290//2137 3270//2137 3268//2137 3287//2137
f 3288//2138 3287//2138 3153//2138 3154//2138
f 3287//2139 3268//2139 3140//2139 3153//2139
f 3286//2140 3285//2140 3282//2140 3283//2140
f 3285//2141 3266//2141 3264//2141 3282//2141
f 3283//2142 3265//2142 3263//2142 3281//2142
f 3265//2143 3283//2143 3282//2143 3264//2143
f 3281//2144 3263//2144 3262//2144 3280//2144
f 3281//2145 3280//2145 3278//2145 3279//2145
f 3280//2146 3262//2146 3260//2146 3278//2146
f 3279//2147 3278//2147 3276//2147 3277//2147
f 3278//2148 3260//2148 3258//2148 3276//2148
f 3277//2149 3276//2149 3273//2149 3274//2149
f 3276//2150 3258//2150 3257//2150 3275//2150
f 3276//2151 3275//2151 3272//2151 3273//2151
f 3275//2152 3257//2152 3254//2152 3272//2152
f 3273//2153 3272//2153 3270//2153 3271//2153
f 3272//2154 3254//2154 3250//2154 3270//2154
f 3270//2155 3250//2155 3249//2155 3269//2155
f 3270//2156 3269//2156 3267//2156 3268//2156
f 3269//2157 3249//2157 3246//2157 3267//2157
f 3268//2158 3267//2158 3139//2158 3140//2158
f 3267//2159 3246//2159 3131//2159 3139//2159
f 3266//2160 3038//2160 3037//2160 3264//2160
f 3265//2161 3264//2161 3262//2161 3263//2161
f 3264//2162 3037//2162 3035//2162 3262//2162
f 3262//2163 3035//2163 3034//2163 3261//2163
f 3262//2164 3261//2164 3259//2164 3260//2164
f 3261//2165 3034//2165 3032//2165 3259//2165
f 3260//2166 3259//2166 3257//2166 3258//2166
f 3259//2167 3032//2167 3028//2167 3257//2167
f 3257//2168 3028//2168 3027//2168 3256//2168
f 3257//2169 3256//2169 3253//2169 3254//2169
f 3256//2170 3027//2170 3024//2170 3253//2170
f 3025//2171 3255//2171 3251//2171 3022//2171
f 3255//2172 3025//2172 2259//2172 2470//2172
f 3255//2173 2470//2173 2469//2173 3251//2173
f 3254//2174 3253//2174 3249//2174 3250//2174
f 3253//2175 3024//2175 3023//2175 3252//2175
f 3253//2176 3252//2176 3248//2176 3249//2176
f 3252//2177 3023//2177 3022//2177 3251//2177
f 3252//2178 3251//2178 3247//2178 3248//2178
f 3251//2179 2469//2179 2467//2179 3247//2179
f 3249//2180 3248//2180 3245//2180 3246//2180
f 3248//2181 3247//2181 3244//2181 3245//2181
f 3247//2182 2467//2182 2464//2182 3244//2182
f 3246//2183 3245//2183 3130//2183 3131//2183
f 3245//2184 3244//2184 3129//2184 3130//2184
f 3244//2185 2464//2185 2368//2185 3129//2185
f 3243//2186 3215//2186 3211//2186 3239//2186
f 3215//2187 3243//2187 3242//2187 3214//2187
f 3242//2188 3243//2188 3239//2188 3238//2188
f 3214//2189 3242//2189 3241//2189 3213//2189
f 3241//2190 3242//2190 3238//2190 3237//2190
f 3213//2191 3241//2191 2461//2191 2445//2191
f 2461//2192 3241//2192 3237//2192 2460//2192
f 3240//2193 3212//2193 3209//2193 3235//2193
f 3212//2194 3240//2194 3239//2194 3211//2194
f 3239//2195 3240//2195 3235//2195 3234//2195
f 3238//2196 3239//2196 3234//2196 3233//2196
f 3237//2197 3238//2197 3233//2197 3232//2197
f 2460//2198 3237//2198 3232//2198 2458//2198
f 3236//2199 3210//2199 3208//2199 3231//2199
f 3210//2200 3236//2200 3235//2200 3209//2200
f 3235//2201 3236//2201 3231//2201 3230//2201
f 3231//2202 3208//2202 3106//2202 3125//2202
f 3229//2203 3206//2203 3203//2203 3226//2203
f 3206//2204 3229//2204 3228//2204 3205//2204
f 3228//2205 3229//2205 3226//2205 3225//2205
f 3227//2206 3228//2206 3225//2206 3224//2206
f 2453//2207 3227//2207 3224//2207 2451//2207
f 3226//2208 3203//2208 3201//2208 3223//2208
f 3225//2209 3226//2209 3223//2209 3222//2209
f 3224//2210 3225//2210 3222//2210 3221//2210
f 2451//2211 3224//2211 3221//2211 2449//2211
f 3223//2212 3201//2212 3199//2212 3219//2212
f 3222//2213 3223//2213 3219//2213 3218//2213
f 3221//2214 3222//2214 3218//2214 3217//2214
f 2449//2215 3221//2215 3217//2215 2447//2215
f 3220//2216 3200//2216 3198//2216 3216//2216
f 3200//2217 3220//2217 3219//2217 3199//2217
f 3219//2218 3220//2218 3216//2218 3215//2218
f 3218//2219 3219//2219 3215//2219 3214//2219
f 3217//2220 3218//2220 3214//2220 3213//2220
f 2447//2221 3217//2221 3213//2221 2445//2221
f 3216//2222 3198//2222 3197//2222 3212//2222
f 3215//2223 3216//2223 3212//2223 3211//2223
f 3212//2224 3197//2224 3195//2224 3209//2224
f 3210//2225 3196//2225 3194//2225 3208//2225
f 3196//2226 3210//2226 3209//2226 3195//2226
f 3208//2227 3194//2227 3083//2227 3106//2227
f 3207//2228 3190//2228 3189//2228 3204//2228
f 3206//2229 3207//2229 3204//2229 3203//2229
f 3204//2230 3189//2230 3188//2230 3202//2230
f 3203//2231 3204//2231 3202//2231 3201//2231
f 3202//2232 3188//2232 3186//2232 3200//2232
f 3201//2233 3202//2233 3200//2233 3199//2233
f 3200//2234 3186//2234 3184//2234 3198//2234
f 3198//2235 3184//2235 3182//2235 3197//2235
f 3197//2236 3182//2236 3179//2236 3195//2236
f 3196//2237 3195//2237 3193//2237 3194//2237
f 3195//2238 3179//2238 3176//2238 3193//2238
f 3194//2239 3193//2239 3082//2239 3083//2239
f 3193//2240 3176//2240 3061//2240 3082//2240
f 3192//2241 3173//2241 3172//2241 3191//2241
f 3191//2242 3172//2242 3171//2242 3190//2242
f 3190//2243 3171//2243 3170//2243 3189//2243
f 3189//2244 3170//2244 3168//2244 3188//2244
f 3188//2245 3168//2245 3167//2245 3187//2245
f 3188//2246 3187//2246 3185//2246 3186//2246
f 3187//2247 3167//2247 3166//2247 3185//2247
f 3186//2248 3185//2248 3183//2248 3184//2248
f 3185//2249 3166//2249 3164//2249 3183//2249
f 3184//2250 3183//2250 3181//2250 3182//2250
f 3183//2251 3164//2251 3161//2251 3181//2251
f 3182//2252 3181//2252 3178//2252 3179//2252
f 3181//2253 3161//2253 3160//2253 3180//2253
f 3181//2254 3180//2254 3177//2254 3178//2254
f 3180//2255 3160//2255 3158//2255 3177//2255
f 3179//2256 3178//2256 3175//2256 3176//2256
f 3178//2257 3177//2257 3174//2257 3175//2257
f 3177//2258 3158//2258 3156//2258 3174//2258
f 3176//2259 3175//2259 3060//2259 3061//2259
f 3175//2260 3174//2260 3059//2260 3060//2260
f 3174//2261 3156//2261 3045//2261 3059//2261
f 3480//2262 816//2262 815//2262 3479//2262
f 3481//2263 817//2263 816//2263 3480//2263
f 846//2264 845//2264 3478//2264 3479//2264
f 3172//2265 3154//2265 3153//2265 3171//2265
f 819//2266 846//2266 3479//2266 815//2266
f 847//2267 821//2267 817//2267 3481//2267
f 848//2268 847//2268 3481//2268 844//2268
f 3171//2269 3153//2269 3151//2269 3170//2269
f 3170//2270 3151//2270 3150//2270 3169//2270
f 3170//2271 3169//2271 3167//2271 3168//2271
f 3169//2272 3150//2272 3148//2272 3167//2272
f 3167//2273 3148//2273 3145//2273 3166//2273
f 3166//2274 3145//2274 3144//2274 3165//2274
f 3166//2275 3165//2275 3163//2275 3164//2275
f 3165//2276 3144//2276 3142//2276 3163//2276
f 3164//2277 3163//2277 3160//2277 3161//2277
f 3163//2278 3142//2278 3141//2278 3162//2278
f 3163//2279 3162//2279 3159//2279 3160//2279
f 3162//2280 3141//2280 2377//2280 2394//2280
f 3162//2281 2394//2281 2392//2281 3159//2281
f 3160//2282 3159//2282 3157//2282 3158//2282
f 3159//2283 2392//2283 2390//2283 3157//2283
f 3158//2284 3157//2284 3155//2284 3156//2284
f 3157//2285 2390//2285 2388//2285 3155//2285
f 3156//2286 3155//2286 3044//2286 3045//2286
f 3155//2287 2388//2287 2282//2287 3044//2287
f 3153//2288 3140//2288 3139//2288 3152//2288
f 3153//2289 3152//2289 3150//2289 3151//2289
f 3152//2290 3139//2290 3137//2290 3150//2290
f 3150//2291 3137//2291 3136//2291 3149//2291
f 3150//2292 3149//2292 3147//2292 3148//2292
f 3149//2293 3136//2293 3134//2293 3147//2293
f 3148//2294 3147//2294 3144//2294 3145//2294
f 3147//2295 3134//2295 3133//2295 3146//2295
f 3147//2296 3146//2296 3143//2296 3144//2296
f 3146//2297 3133//2297 3132//2297 3143//2297
f 3144//2298 3143//2298 3141//2298 3142//2298
f 3143//2299 3132//2299 2369//2299 2379//2299
f 3143//2300 2379//2300 2377//2300 3141//2300
f 3139//2301 3131//2301 3130//2301 3138//2301
f 3139//2302 3138//2302 3136//2302 3137//2302
f 3138//2303 3130//2303 3128//2303 3136//2303
f 3136//2304 3128//2304 3127//2304 3135//2304
f 3136//2305 3135//2305 3133//2305 3134//2305
f 3135//2306 3127//2306 3126//2306 3133//2306
f 3133//2307 3126//2307 2364//2307 2371//2307
f 3133//2308 2371//2308 2369//2308 3132//2308
f 3130//2309 3129//2309 3127//2309 3128//2309
f 3129//2310 2368//2310 2366//2310 3127//2310
f 3127//2311 2366//2311 2364//2311 3126//2311
f 3125//2312 3106//2312 3104//2312 3123//2312
f 3124//2313 3105//2313 3103//2313 3122//2313
f 3105//2314 3124//2314 3123//2314 3104//2314
f 3122//2315 3103//2315 3101//2315 3121//2315
f 3121//2316 3101//2316 3099//2316 3119//2316
f 3120//2317 3119//2317 3116//2317 3117//2317
f 3119//2318 3099//2318 3093//2318 3116//2318
f 3094//2319 3118//2319 3113//2319 3088//2319
f 3483//2320 3479//2320 3478//2320 3482//2320
f 3484//2321 3480//2321 3479//2321 3483//2321
f 3485//2322 3481//2322 3480//2322 3484//2322
f 899//2323 844//2323 3481//2323 3485//2323
f 845//2324 900//2324 3482//2324 3478//2324
f 900//2325 901//2325 3483//2325 3482//2325
f 903//2326 905//2326 899//2326 3485//2326
f 3118//2327 3094//2327 2332//2327 2352//2327
f 3117//2328 3116//2328 3111//2328 3112//2328
f 3116//2329 3093//2329 3087//2329 3111//2329
f 3090//2330 3115//2330 3108//2330 3084//2330
f 3115//2331 3090//2331 3089//2331 3114//2331
f 3115//2332 3114//2332 3107//2332 3108//2332
f 3114//2333 3089//2333 3088//2333 3113//2333
f 3111//2334 3087//2334 3086//2334 3110//2334
f 3110//2335 3086//2335 3085//2335 3109//2335
f 3109//2336 3085//2336 3084//2336 3108//2336
f 3106//2337 3083//2337 3081//2337 3104//2337
f 3105//2338 3104//2338 3102//2338 3103//2338
f 3104//2339 3081//2339 3078//2339 3102//2339
f 3103//2340 3102//2340 3100//2340 3101//2340
f 3102//2341 3078//2341 3075//2341 3100//2341
f 3101//2342 3100//2342 3098//2342 3099//2342
f 3100//2343 3075//2343 3072//2343 3098//2343
f 3099//2344 3098//2344 3092//2344 3093//2344
f 3098//2345 3072//2345 3071//2345 3097//2345
f 3098//2346 3097//2346 3091//2346 3092//2346
f 3097//2347 3071//2347 3067//2347 3091//2347
f 3069//2348 3096//2348 3089//2348 3065//2348
f 926//2349 3484//2349 3483//2349 3486//2349
f 927//2350 3485//2350 3484//2350 926//2350
f 901//2351 928//2351 3486//2351 3483//2351
f 928//2352 929//2352 926//2352 3486//2352
f 3096//2353 3069//2353 3068//2353 3095//2353
f 3096//2354 3095//2354 3088//2354 3089//2354
f 930//2355 903//2355 3485//2355 927//2355
f 3095//2356 3068//2356 3064//2356 3088//2356
f 2332//2357 3094//2357 3088//2357 2328//2357
f 3093//2358 3092//2358 3086//2358 3087//2358
f 3092//2359 3091//2359 3085//2359 3086//2359
f 3091//2360 3067//2360 3063//2360 3085//2360
f 3066//2361 3090//2361 3084//2361 3062//2361
f 3090//2362 3066//2362 3065//2362 3089//2362
f 3088//2363 3064//2363 2313//2363 2328//2363
f 3085//2364 3063//2364 3062//2364 3084//2364
f 3083//2365 3082//2365 3080//2365 3081//2365
f 3082//2366 3061//2366 3058//2366 3080//2366
f 3081//2367 3080//2367 3077//2367 3078//2367
f 3080//2368 3058//2368 3057//2368 3079//2368
f 3080//2369 3079//2369 3076//2369 3077//2369
f 3079//2370 3057//2370 3055//2370 3076//2370
f 3078//2371 3077//2371 3074//2371 3075//2371
f 3077//2372 3076//2372 3073//2372 3074//2372
f 3076//2373 3055//2373 3052//2373 3073//2373
f 3075//2374 3074//2374 3071//2374 3072//2374
f 3074//2375 3073//2375 3070//2375 3071//2375
f 3073//2376 3052//2376 3049//2376 3070//2376
f 3071//2377 3070//2377 3066//2377 3067//2377
f 3070//2378 3049//2378 3048//2378 3069//2378
f 3070//2379 3069//2379 3065//2379 3066//2379
f 3069//2380 3048//2380 3047//2380 3068//2380
f 3068//2381 3047//2381 3046//2381 3064//2381
f 3067//2382 3066//2382 3062//2382 3063//2382
f 3064//2383 3046//2383 2289//2383 2313//2383
f 3061//2384 3060//2384 3057//2384 3058//2384
f 3060//2385 3059//2385 3056//2385 3057//2385
f 3059//2386 3045//2386 3043//2386 3056//2386
f 3057//2387 3056//2387 3054//2387 3055//2387
f 3056//2388 3043//2388 3041//2388 3054//2388
f 3487//2389 3455//2389 2186//2389 2901//2389
f 3488//2390 3487//2390 2901//2390 2902//2390
f 3489//2391 3488//2391 2902//2391 2903//2391
f 3490//2392 3489//2392 2903//2392 2904//2392
f 954//2393 90//2393 3455//2393 3487//2393
f 955//2394 954//2394 3487//2394 3488//2394
f 956//2395 955//2395 3488//2395 3489//2395
f 957//2396 956//2396 3489//2396 3490//2396
f 3055//2397 3054//2397 3051//2397 3052//2397
f 3054//2398 3041//2398 3040//2398 3053//2398
f 3054//2399 3053//2399 3050//2399 3051//2399
f 3053//2400 3040//2400 3039//2400 3050//2400
f 3052//2401 3051//2401 3048//2401 3049//2401
f 3051//2402 3050//2402 3047//2402 3048//2402
f 3050//2403 3039//2403 2273//2403 2297//2403
f 3050//2404 2297//2404 2293//2404 3047//2404
f 3047//2405 2293//2405 2289//2405 3046//2405
f 3045//2406 3044//2406 3042//2406 3043//2406
f 3044//2407 2282//2407 2279//2407 3042//2407
f 3043//2408 3042//2408 3040//2408 3041//2408
f 3042//2409 2279//2409 2276//2409 3040//2409
f 3040//2410 2276//2410 2273//2410 3039//2410
f 3038//2411 3021//2411 3019//2411 3037//2411
f 3037//2412 3019//2412 3018//2412 3036//2412
f 3037//2413 3036//2413 3034//2413 3035//2413
f 3491//2414 3490//2414 2904//2414 2919//2414
f 3492//2415 3491//2415 2919//2415 2920//2415
f 976//2416 957//2416 3490//2416 3491//2416
f 977//2417 976//2417 3491//2417 3492//2417
f 3036//2418 3018//2418 3014//2418 3034//2418
f 3034//2419 3014//2419 3010//2419 3032//2419
f 3011//2420 3033//2420 3029//2420 3007//2420
f 3033//2421 3011//2421 2254//2421 2262//2421
f 3033//2422 2262//2422 2260//2422 3029//2422
f 3032//2423 3010//2423 3009//2423 3031//2423
f 3032//2424 3031//2424 3027//2424 3028//2424
f 3031//2425 3009//2425 3008//2425 3030//2425
f 3031//2426 3030//2426 3026//2426 3027//2426
f 3030//2427 3008//2427 3007//2427 3029//2427
f 3030//2428 3029//2428 3025//2428 3026//2428
f 3029//2429 2260//2429 2259//2429 3025//2429
f 3027//2430 3026//2430 3023//2430 3024//2430
f 3026//2431 3025//2431 3022//2431 3023//2431
f 3021//2432 3006//2432 3005//2432 3020//2432
f 3021//2433 3020//2433 3018//2433 3019//2433
f 3020//2434 3005//2434 3001//2434 3018//2434
f 3018//2435 3001//2435 3000//2435 3017//2435
f 3018//2436 3017//2436 3013//2436 3014//2436
f 3017//2437 3000//2437 2999//2437 3016//2437
f 3017//2438 3016//2438 3012//2438 3013//2438
f 3493//2439 3492//2439 2920//2439 2939//2439
f 997//2440 977//2440 3492//2440 3493//2440
f 3016//2441 2999//2441 2998//2441 3015//2441
f 3016//2442 3015//2442 3011//2442 3012//2442
f 3015//2443 2998//2443 2252//2443 2256//2443
f 3015//2444 2256//2444 2254//2444 3011//2444
f 3014//2445 3013//2445 3009//2445 3010//2445
f 3013//2446 3012//2446 3008//2446 3009//2446
f 3012//2447 3011//2447 3007//2447 3008//2447
f 3005//2448 3004//2448 3000//2448 3001//2448
f 3004//2449 2997//2449 2996//2449 3003//2449
f 3004//2450 3003//2450 2999//2450 3000//2450
f 3003//2451 3002//2451 2998//2451 2999//2451
f 3002//2452 2253//2452 2252//2452 2998//2452
f 2995//2453 2986//2453 2983//2453 2991//2453
f 3494//2454 3493//2454 2939//2454 2962//2454
f 1012//2455 997//2455 3493//2455 3494//2455
f 2994//2456 2995//2456 2991//2456 2990//2456
f 2993//2457 2994//2457 2990//2457 2989//2457
f 2992//2458 2993//2458 2989//2458 2988//2458
f 2985//2459 2992//2459 2988//2459 2980//2459
f 2992//2460 2985//2460 2241//2460 2242//2460
f 2991//2461 2983//2461 2982//2461 2990//2461
f 2990//2462 2982//2462 2981//2462 2989//2462
f 2989//2463 2981//2463 2980//2463 2988//2463
f 2987//2464 2962//2464 2961//2464 2984//2464
f 2986//2465 2987//2465 2984//2465 2983//2465
f 2241//2466 2985//2466 2980//2466 2239//2466
f 2984//2467 2961//2467 2960//2467 2983//2467
f 3495//2468 3496//2468 2987//2468 2986//2468
f 3496//2469 3494//2469 2962//2469 2987//2469
f 1025//2470 1012//2470 3494//2470 3496//2470
f 2983//2471 2960//2471 2958//2471 2979//2471
f 2982//2472 2983//2472 2979//2472 2978//2472
f 2981//2473 2982//2473 2978//2473 2977//2473
f 2980//2474 2981//2474 2977//2474 2976//2474
f 2239//2475 2980//2475 2976//2475 2238//2475
f 2979//2476 2958//2476 2956//2476 2975//2476
f 2978//2477 2979//2477 2975//2477 2974//2477
f 2977//2478 2978//2478 2974//2478 2973//2478
f 2976//2479 2977//2479 2973//2479 2972//2479
f 2238//2480 2976//2480 2972//2480 2237//2480
f 2975//2481 2956//2481 2955//2481 2974//2481
f 2974//2482 2955//2482 2951//2482 2971//2482
f 2973//2483 2974//2483 2971//2483 2970//2483
f 2972//2484 2973//2484 2970//2484 2969//2484
f 2954//2485 2972//2485 2969//2485 2949//2485
f 2972//2486 2954//2486 2225//2486 2237//2486
f 2971//2487 2951//2487 2950//2487 2970//2487
f 2970//2488 2950//2488 2949//2488 2969//2488
f 2968//2489 2946//2489 2943//2489 2966//2489
f 2946//2490 2968//2490 2967//2490 2945//2490
f 2967//2491 2968//2491 2966//2491 2965//2491
f 2945//2492 2967//2492 2236//2492 2222//2492
f 2236//2493 2967//2493 2965//2493 2234//2493
f 2966//2494 2943//2494 2941//2494 2964//2494
f 2965//2495 2966//2495 2964//2495 2963//2495
f 2234//2496 2965//2496 2963//2496 2232//2496
f 2964//2497 2941//2497 2831//2497 2835//2497
f 2963//2498 2964//2498 2835//2498 2834//2498
f 2232//2499 2963//2499 2834//2499 2147//2499
f 2962//2500 2939//2500 2937//2500 2961//2500
f 2961//2501 2937//2501 2935//2501 2959//2501
f 2960//2502 2961//2502 2959//2502 2958//2502
f 2959//2503 2935//2503 2933//2503 2957//2503
f 2958//2504 2959//2504 2957//2504 2956//2504
f 2957//2505 2933//2505 2931//2505 2953//2505
f 2956//2506 2957//2506 2953//2506 2952//2506
f 2955//2507 2956//2507 2952//2507 2951//2507
f 2225//2508 2954//2508 2949//2508 2224//2508
f 2953//2509 2931//2509 2930//2509 2952//2509
f 2952//2510 2930//2510 2928//2510 2948//2510
f 2951//2511 2952//2511 2948//2511 2947//2511
f 2950//2512 2951//2512 2947//2512 2946//2512
f 2949//2513 2950//2513 2946//2513 2945//2513
f 2224//2514 2949//2514 2945//2514 2222//2514
f 2948//2515 2928//2515 2927//2515 2947//2515
f 2947//2516 2927//2516 2924//2516 2944//2516
f 2946//2517 2947//2517 2944//2517 2943//2517
f 2944//2518 2924//2518 2922//2518 2942//2518
f 2943//2519 2944//2519 2942//2519 2941//2519
f 2942//2520 2922//2520 2824//2520 2832//2520
f 2941//2521 2942//2521 2832//2521 2831//2521
f 2940//2522 2921//2522 2918//2522 2938//2522
f 2921//2523 2940//2523 2939//2523 2920//2523
f 2939//2524 2940//2524 2938//2524 2937//2524
f 2938//2525 2918//2525 2916//2525 2936//2525
f 2937//2526 2938//2526 2936//2526 2935//2526
f 2936//2527 2916//2527 2915//2527 2934//2527
f 2935//2528 2936//2528 2934//2528 2933//2528
f 2934//2529 2915//2529 2914//2529 2932//2529
f 2933//2530 2934//2530 2932//2530 2931//2530
f 2932//2531 2914//2531 2913//2531 2931//2531
f 2931//2532 2913//2532 2911//2532 2929//2532
f 2930//2533 2931//2533 2929//2533 2928//2533
f 2929//2534 2911//2534 2909//2534 2926//2534
f 2928//2535 2929//2535 2926//2535 2925//2535
f 2927//2536 2928//2536 2925//2536 2924//2536
f 2926//2537 2909//2537 2908//2537 2925//2537
f 2925//2538 2908//2538 2906//2538 2923//2538
f 2924//2539 2925//2539 2923//2539 2922//2539
f 2923//2540 2906//2540 2812//2540 2825//2540
f 2922//2541 2923//2541 2825//2541 2824//2541
f 2921//2542 2920//2542 2917//2542 2918//2542
f 2920//2543 2905//2543 2899//2543 2917//2543
f 2905//2544 2920//2544 2919//2544 2904//2544
f 2918//2545 2900//2545 2894//2545 2916//2545
f 2900//2546 2918//2546 2917//2546 2899//2546
f 2916//2547 2894//2547 2890//2547 2915//2547
f 2915//2548 2890//2548 2888//2548 2914//2548
f 2914//2549 2888//2549 2887//2549 2912//2549
f 2913//2550 2914//2550 2912//2550 2911//2550
f 2912//2551 2887//2551 2886//2551 2910//2551
f 2911//2552 2912//2552 2910//2552 2909//2552
f 2910//2553 2886//2553 2885//2553 2909//2553
f 2909//2554 2885//2554 2884//2554 2907//2554
f 2908//2555 2909//2555 2907//2555 2906//2555
f 2907//2556 2884//2556 2791//2556 2813//2556
f 2906//2557 2907//2557 2813//2557 2812//2557
f 2905//2558 2904//2558 2898//2558 2899//2558
f 2904//2559 2903//2559 2897//2559 2898//2559
f 2903//2560 2902//2560 2896//2560 2897//2560
f 2902//2561 2901//2561 2895//2561 2896//2561
f 2901//2562 2186//2562 2185//2562 2895//2562
f 2900//2563 2899//2563 2893//2563 2894//2563
f 2899//2564 2898//2564 2892//2564 2893//2564
f 2898//2565 2897//2565 2891//2565 2892//2565
f 2897//2566 2883//2566 2878//2566 2891//2566
f 2883//2567 2897//2567 2896//2567 2882//2567
f 2882//2568 2896//2568 2895//2568 2881//2568
f 2881//2569 2895//2569 2185//2569 2172//2569
f 2894//2570 2893//2570 2889//2570 2890//2570
f 2893//2571 2880//2571 2874//2571 2889//2571
f 2880//2572 2893//2572 2892//2572 2879//2572
f 2879//2573 2892//2573 2891//2573 2878//2573
f 2890//2574 2875//2574 2869//2574 2888//2574
f 2875//2575 2890//2575 2889//2575 2874//2575
f 2888//2576 2869//2576 2865//2576 2887//2576
f 2887//2577 2865//2577 2861//2577 2886//2577
f 2886//2578 2861//2578 2860//2578 2885//2578
f 2885//2579 2860//2579 2857//2579 2884//2579
f 2884//2580 2857//2580 2775//2580 2791//2580
f 2883//2581 2882//2581 2877//2581 2878//2581
f 2882//2582 2881//2582 2876//2582 2877//2582
f 2881//2583 2172//2583 2171//2583 2876//2583
f 2880//2584 2879//2584 2873//2584 2874//2584
f 2879//2585 2878//2585 2872//2585 2873//2585
f 2878//2586 2877//2586 2871//2586 2872//2586
f 2877//2587 2876//2587 2870//2587 2871//2587
f 2876//2588 2171//2588 2170//2588 2870//2588
f 2875//2589 2874//2589 2868//2589 2869//2589
f 2874//2590 2873//2590 2867//2590 2868//2590
f 2873//2591 2872//2591 2866//2591 2867//2591
f 2872//2592 2854//2592 2850//2592 2866//2592
f 2854//2593 2872//2593 2871//2593 2853//2593
f 2853//2594 2871//2594 2870//2594 2852//2594
f 2852//2595 2870//2595 2170//2595 2160//2595
f 2869//2596 2868//2596 2864//2596 2865//2596
f 2868//2597 2867//2597 2863//2597 2864//2597
f 2867//2598 2851//2598 2847//2598 2863//2598
f 2851//2599 2867//2599 2866//2599 2850//2599
f 2865//2600 2864//2600 2860//2600 2861//2600
f 2864//2601 2863//2601 2859//2601 2860//2601
f 2863//2602 2847//2602 2846//2602 2862//2602
f 2863//2603 2862//2603 2858//2603 2859//2603
f 2862//2604 2846//2604 2843//2604 2858//2604
f 2860//2605 2859//2605 2856//2605 2857//2605
f 2859//2606 2858//2606 2855//2606 2856//2606
f 2858//2607 2843//2607 2840//2607 2855//2607
f 2857//2608 2856//2608 2774//2608 2775//2608
f 2856//2609 2855//2609 2773//2609 2774//2609
f 2855//2610 2840//2610 2760//2610 2773//2610
f 2854//2611 2853//2611 2849//2611 2850//2611
f 2853//2612 2852//2612 2848//2612 2849//2612
f 2852//2613 2160//2613 2159//2613 2848//2613
f 2851//2614 2850//2614 2846//2614 2847//2614
f 2850//2615 2849//2615 2845//2615 2846//2615
f 2849//2616 2848//2616 2844//2616 2845//2616
f 2848//2617 2159//2617 2157//2617 2844//2617
f 2846//2618 2845//2618 2842//2618 2843//2618
f 2845//2619 2844//2619 2841//2619 2842//2619
f 2844//2620 2157//2620 2155//2620 2841//2620
f 2843//2621 2842//2621 2839//2621 2840//2621
f 2842//2622 2841//2622 2838//2622 2839//2622
f 2841//2623 2837//2623 2836//2623 2838//2623
f 2837//2624 2841//2624 2155//2624 2149//2624
f 2840//2625 2839//2625 2759//2625 2760//2625
f 2839//2626 2838//2626 2758//2626 2759//2626
f 2838//2627 2836//2627 2738//2627 2758//2627
f 2837//2628 2149//2628 2148//2628 2836//2628
f 2836//2629 2148//2629 2052//2629 2738//2629
f 2835//2630 2831//2630 2830//2630 2834//2630
f 2834//2631 2830//2631 2828//2631 2833//2631
f 2147//2632 2834//2632 2833//2632 2145//2632
f 2833//2633 2828//2633 2141//2633 2145//2633
f 2832//2634 2824//2634 2823//2634 2831//2634
f 2831//2635 2823//2635 2821//2635 2829//2635
f 2830//2636 2831//2636 2829//2636 2828//2636
f 2829//2637 2821//2637 2819//2637 2827//2637
f 2828//2638 2829//2638 2827//2638 2826//2638
f 2141//2639 2828//2639 2826//2639 2138//2639
f 2827//2640 2819//2640 2818//2640 2826//2640
f 2826//2641 2818//2641 2133//2641 2138//2641
f 2825//2642 2812//2642 2811//2642 2824//2642
f 2824//2643 2811//2643 2809//2643 2822//2643
f 2823//2644 2824//2644 2822//2644 2821//2644
f 2822//2645 2809//2645 2808//2645 2820//2645
f 2821//2646 2822//2646 2820//2646 2819//2646
f 2820//2647 2808//2647 2807//2647 2819//2647
f 2819//2648 2807//2648 2805//2648 2817//2648
f 2818//2649 2819//2649 2817//2649 2816//2649
f 2133//2650 2818//2650 2816//2650 2130//2650
f 2817//2651 2805//2651 2804//2651 2816//2651
f 2816//2652 2804//2652 2121//2652 2130//2652
f 2815//2653 2795//2653 2792//2653 2814//2653
f 2795//2654 2815//2654 2128//2654 2114//2654
f 2128//2655 2815//2655 2814//2655 2127//2655
f 2814//2656 2792//2656 2717//2656 2720//2656
f 2127//2657 2814//2657 2720//2657 2045//2657
f 2813//2658 2791//2658 2790//2658 2812//2658
f 2812//2659 2790//2659 2789//2659 2810//2659
f 2811//2660 2812//2660 2810//2660 2809//2660
f 2810//2661 2789//2661 2788//2661 2809//2661
f 2809//2662 2788//2662 2786//2662 2808//2662
f 2808//2663 2786//2663 2784//2663 2806//2663
f 2807//2664 2808//2664 2806//2664 2805//2664
f 2806//2665 2784//2665 2782//2665 2803//2665
f 2805//2666 2806//2666 2803//2666 2802//2666
f 2804//2667 2805//2667 2802//2667 2801//2667
f 2121//2668 2804//2668 2801//2668 2118//2668
f 2803//2669 2782//2669 2780//2669 2800//2669
f 2802//2670 2803//2670 2800//2670 2799//2670
f 2801//2671 2802//2671 2799//2671 2798//2671
f 2118//2672 2801//2672 2798//2672 2116//2672
f 2800//2673 2780//2673 2778//2673 2797//2673
f 2799//2674 2800//2674 2797//2674 2796//2674
f 2798//2675 2799//2675 2796//2675 2795//2675
f 2116//2676 2798//2676 2795//2676 2114//2676
f 2797//2677 2778//2677 2776//2677 2794//2677
f 2796//2678 2797//2678 2794//2678 2793//2678
f 2795//2679 2796//2679 2793//2679 2792//2679
f 2794//2680 2776//2680 2706//2680 2719//2680
f 2793//2681 2794//2681 2719//2681 2718//2681
f 2792//2682 2793//2682 2718//2682 2717//2682
f 2791//2683 2775//2683 2774//2683 2790//2683
f 2790//2684 2774//2684 2772//2684 2789//2684
f 2789//2685 2772//2685 2770//2685 2787//2685
f 2788//2686 2789//2686 2787//2686 2786//2686
f 2787//2687 2770//2687 2768//2687 2785//2687
f 2786//2688 2787//2688 2785//2688 2784//2688
f 2785//2689 2768//2689 2766//2689 2783//2689
f 2784//2690 2785//2690 2783//2690 2782//2690
f 2783//2691 2766//2691 2765//2691 2781//2691
f 2782//2692 2783//2692 2781//2692 2780//2692
f 2781//2693 2765//2693 2763//2693 2779//2693
f 2780//2694 2781//2694 2779//2694 2778//2694
f 2779//2695 2763//2695 2761//2695 2777//2695
f 2778//2696 2779//2696 2777//2696 2776//2696
f 2777//2697 2761//2697 2690//2697 2707//2697
f 2776//2698 2777//2698 2707//2698 2706//2698
f 2774//2699 2773//2699 2771//2699 2772//2699
f 2773//2700 2760//2700 2757//2700 2771//2700
f 2772//2701 2771//2701 2769//2701 2770//2701
f 2771//2702 2757//2702 2754//2702 2769//2702
f 2770//2703 2769//2703 2767//2703 2768//2703
f 2769//2704 2754//2704 2750//2704 2767//2704
f 2768//2705 2751//2705 2747//2705 2766//2705
f 2751//2706 2768//2706 2767//2706 2750//2706
f 2766//2707 2747//2707 2743//2707 2765//2707
f 2765//2708 2743//2708 2740//2708 2763//2708
f 2764//2709 2741//2709 2739//2709 2762//2709
f 2741//2710 2764//2710 2763//2710 2740//2710
f 2763//2711 2764//2711 2762//2711 2761//2711
f 2762//2712 2739//2712 2668//2712 2691//2712
f 2761//2713 2762//2713 2691//2713 2690//2713
f 2760//2714 2759//2714 2756//2714 2757//2714
f 2759//2715 2758//2715 2755//2715 2756//2715
f 2758//2716 2738//2716 2052//2716 2074//2716
f 2758//2717 2074//2717 2071//2717 2755//2717
f 2757//2718 2756//2718 2753//2718 2754//2718
f 2756//2719 2755//2719 2752//2719 2753//2719
f 2755//2720 2071//2720 2068//2720 2752//2720
f 2754//2721 2753//2721 2749//2721 2750//2721
f 2753//2722 2752//2722 2748//2722 2749//2722
f 2752//2723 2068//2723 2066//2723 2748//2723
f 2751//2724 2750//2724 2746//2724 2747//2724
f 2750//2725 2749//2725 2745//2725 2746//2725
f 2749//2726 2737//2726 2734//2726 2745//2726
f 2737//2727 2749//2727 2748//2727 2736//2727
f 2736//2728 2748//2728 2744//2728 2733//2728
f 2748//2729 2066//2729 2064//2729 2744//2729
f 2747//2730 2746//2730 2742//2730 2743//2730
f 2746//2731 2735//2731 2731//2731 2742//2731
f 2735//2732 2746//2732 2745//2732 2734//2732
f 2733//2733 2744//2733 2064//2733 2051//2733
f 2743//2734 2732//2734 2727//2734 2740//2734
f 2732//2735 2743//2735 2742//2735 2731//2735
f 2741//2736 2728//2736 2723//2736 2739//2736
f 2728//2737 2741//2737 2740//2737 2727//2737
f 2739//2738 2723//2738 2645//2738 2668//2738
f 2737//2739 2736//2739 2733//2739 2734//2739
f 2735//2740 2734//2740 2730//2740 2731//2740
f 2734//2741 2733//2741 2729//2741 2730//2741
f 2733//2742 2051//2742 2050//2742 2729//2742
f 2732//2743 2731//2743 2726//2743 2727//2743
f 2731//2744 2730//2744 2725//2744 2726//2744
f 2730//2745 2729//2745 2724//2745 2725//2745
f 2729//2746 2050//2746 2049//2746 2724//2746
f 2728//2747 2727//2747 2722//2747 2723//2747
f 2727//2748 2623//2748 2618//2748 2722//2748
f 2623//2749 2727//2749 2726//2749 2622//2749
f 2622//2750 2726//2750 2725//2750 2621//2750
f 2621//2751 2725//2751 2724//2751 2620//2751
f 2620//2752 2724//2752 2721//2752 2615//2752
f 2724//2753 2049//2753 2047//2753 2721//2753
f 2723//2754 2619//2754 2614//2754 2645//2754
f 2619//2755 2723//2755 2722//2755 2618//2755
f 2615//2756 2721//2756 2047//2756 1946//2756
f 2720//2757 2717//2757 2041//2757 2045//2757
f 2719//2758 2706//2758 2704//2758 2716//2758
f 2718//2759 2719//2759 2716//2759 2715//2759
f 2717//2760 2718//2760 2715//2760 2714//2760
f 2041//2761 2717//2761 2714//2761 2036//2761
f 2716//2762 2704//2762 2703//2762 2715//2762
f 2715//2763 2703//2763 2700//2763 2713//2763
f 2714//2764 2715//2764 2713//2764 2712//2764
f 2036//2765 2714//2765 2712//2765 2031//2765
f 2713//2766 2700//2766 2697//2766 2711//2766
f 2712//2767 2713//2767 2711//2767 2710//2767
f 2031//2768 2712//2768 2710//2768 2026//2768
f 2711//2769 2697//2769 2696//2769 2710//2769
f 2710//2770 2696//2770 2693//2770 2709//2770
f 2026//2771 2710//2771 2709//2771 2022//2771
f 2709//2772 2693//2772 2692//2772 2708//2772
f 2022//2773 2709//2773 2708//2773 2018//2773
f 2708//2774 2692//2774 2004//2774 2018//2774
f 2707//2775 2690//2775 2688//2775 2705//2775
f 2706//2776 2707//2776 2705//2776 2704//2776
f 2705//2777 2688//2777 2686//2777 2702//2777
f 2704//2778 2705//2778 2702//2778 2701//2778
f 2703//2779 2704//2779 2701//2779 2700//2779
f 2702//2780 2686//2780 2684//2780 2699//2780
f 2701//2781 2702//2781 2699//2781 2698//2781
f 2700//2782 2701//2782 2698//2782 2697//2782
f 2699//2783 2684//2783 2683//2783 2698//2783
f 2698//2784 2683//2784 2680//2784 2695//2784
f 2697//2785 2698//2785 2695//2785 2694//2785
f 2696//2786 2697//2786 2694//2786 2693//2786
f 2695//2787 2680//2787 2679//2787 2694//2787
f 2694//2788 2679//2788 2678//2788 2693//2788
f 2693//2789 2678//2789 2673//2789 2692//2789
f 2692//2790 2673//2790 1986//2790 2004//2790
f 2691//2791 2668//2791 2666//2791 2689//2791
f 2690//2792 2691//2792 2689//2792 2688//2792
f 2689//2793 2666//2793 2664//2793 2687//2793
f 2688//2794 2689//2794 2687//2794 2686//2794
f 2687//2795 2664//2795 2662//2795 2685//2795
f 2686//2796 2687//2796 2685//2796 2684//2796
f 2685//2797 2662//2797 2660//2797 2682//2797
f 2684//2798 2685//2798 2682//2798 2681//2798
f 2683//2799 2684//2799 2681//2799 2680//2799
f 2682//2800 2660//2800 2655//2800 2677//2800
f 2681//2801 2682//2801 2677//2801 2676//2801
f 2680//2802 2681//2802 2676//2802 2675//2802
f 2679//2803 2680//2803 2675//2803 2674//2803
f 2659//2804 2679//2804 2674//2804 2653//2804
f 360//2805 1338//2805 2992//2805 2242//2805
f 1338//2806 1339//2806 2993//2806 2992//2806
f 1339//2807 1340//2807 2994//2807 2993//2807
f 1340//2808 3497//2808 2995//2808 2994//2808
f 3497//2809 3495//2809 2986//2809 2995//2809
f 3498//2810 3496//2810 3495//2810 3497//2810
f 2679//2811 2659//2811 2658//2811 2678//2811
f 1341//2812 1342//2812 1339//2812 1338//2812
f 1343//2813 1344//2813 3497//2813 1340//2813
f 1344//2814 1345//2814 3498//2814 3497//2814
f 1345//2815 1025//2815 3496//2815 3498//2815
f 2678//2816 2658//2816 2652//2816 2673//2816
f 2677//2817 2655//2817 2650//2817 2672//2817
f 2676//2818 2677//2818 2672//2818 2671//2818
f 2675//2819 2676//2819 2671//2819 2670//2819
f 2654//2820 2675//2820 2670//2820 2648//2820
f 2675//2821 2654//2821 2653//2821 2674//2821
f 2673//2822 2652//2822 1964//2822 1986//2822
f 2672//2823 2650//2823 2649//2823 2671//2823
f 2671//2824 2649//2824 2648//2824 2670//2824
f 2669//2825 2646//2825 2643//2825 2667//2825
f 1358//2826 1340//2826 1339//2826 1357//2826
f 2646//2827 2669//2827 2668//2827 2645//2827
f 2668//2828 2669//2828 2667//2828 2666//2828
f 2667//2829 2643//2829 2640//2829 2665//2829
f 2666//2830 2667//2830 2665//2830 2664//2830
f 2665//2831 2640//2831 2638//2831 2663//2831
f 2664//2832 2665//2832 2663//2832 2662//2832
f 2663//2833 2638//2833 2635//2833 2661//2833
f 2662//2834 2663//2834 2661//2834 2660//2834
f 2661//2835 2635//2835 2632//2835 2656//2835
f 2660//2836 2661//2836 2656//2836 2655//2836
f 2658//2837 2659//2837 2653//2837 2652//2837
f 2634//2838 2657//2838 2652//2838 2630//2838
f 2657//2839 2634//2839 1948//2839 1968//2839
f 2657//2840 1968//2840 1964//2840 2652//2840
f 2656//2841 2632//2841 2628//2841 2651//2841
f 2655//2842 2656//2842 2651//2842 2650//2842
f 2653//2843 2654//2843 2648//2843 2647//2843
f 2631//2844 2653//2844 2647//2844 2624//2844
f 2653//2845 2631//2845 2630//2845 2652//2845
f 1375//2846 1356//2846 379//2846 3464//2846
f 397//2847 1376//2847 1375//2847 3464//2847
f 2651//2848 2628//2848 2627//2848 2650//2848
f 2650//2849 2627//2849 2626//2849 2649//2849
f 2649//2850 2626//2850 2625//2850 2648//2850
f 2648//2851 2625//2851 2624//2851 2647//2851
f 2646//2852 2645//2852 2642//2852 2643//2852
f 2645//2853 2614//2853 2608//2853 2642//2853
f 2610//2854 2644//2854 2641//2854 2604//2854
f 2644//2855 2610//2855 1945//2855 1956//2855
f 2644//2856 1956//2856 1954//2856 2641//2856
f 2643//2857 2609//2857 2603//2857 2640//2857
f 2609//2858 2643//2858 2642//2858 2608//2858
f 2604//2859 2641//2859 1954//2859 1944//2859
f 2640//2860 2603//2860 2597//2860 2638//2860
f 2598//2861 2639//2861 2637//2861 2593//2861
f 2639//2862 2598//2862 1943//2862 1952//2862
f 2639//2863 1952//2863 1950//2863 2637//2863
f 2638//2864 2597//2864 2591//2864 2635//2864
f 2593//2865 2637//2865 1950//2865 1942//2865
f 2636//2866 2592//2866 2587//2866 2633//2866
f 2592//2867 2636//2867 2635//2867 2591//2867
f 2635//2868 2636//2868 2633//2868 2632//2868
f 2588//2869 2634//2869 2630//2869 2584//2869
f 2634//2870 2588//2870 1941//2870 1948//2870
f 2633//2871 2587//2871 2583//2871 2629//2871
f 2632//2872 2633//2872 2629//2872 2628//2872
f 2585//2873 2631//2873 2624//2873 2578//2873
f 2631//2874 2585//2874 2584//2874 2630//2874
f 2629//2875 2583//2875 2582//2875 2628//2875
f 2628//2876 2582//2876 2581//2876 2627//2876
f 2627//2877 2581//2877 2580//2877 2626//2877
f 2626//2878 2580//2878 2579//2878 2625//2878
f 2625//2879 2579//2879 2578//2879 2624//2879
f 2623//2880 2622//2880 2617//2880 2618//2880
f 2622//2881 2621//2881 2616//2881 2617//2881
f 2621//2882 2620//2882 2615//2882 2616//2882
f 2619//2883 2618//2883 2613//2883 2614//2883
f 2618//2884 2617//2884 2612//2884 2613//2884
f 2617//2885 2616//2885 2611//2885 2612//2885
f 2616//2886 2615//2886 2610//2886 2611//2886
f 3501//2887 3500//2887 2996//2887 2997//2887
f 1414//2888 422//2888 3468//2888 3499//2888
f 1415//2889 1414//2889 3499//2889 3500//2889
f 2615//2890 1946//2890 1945//2890 2610//2890
f 1416//2891 1415//2891 3500//2891 3501//2891
f 2614//2892 2613//2892 2607//2892 2608//2892
f 1417//2893 1416//2893 3501//2893 3502//2893
f 2613//2894 2612//2894 2606//2894 2607//2894
f 2612//2895 2611//2895 2605//2895 2606//2895
f 2611//2896 2610//2896 2604//2896 2605//2896
f 2609//2897 2608//2897 2602//2897 2603//2897
f 2608//2898 2607//2898 2601//2898 2602//2898
f 2607//2899 2606//2899 2600//2899 2601//2899
f 2606//2900 2605//2900 2599//2900 2600//2900
f 2605//2901 2604//2901 2598//2901 2599//2901
f 2604//2902 1944//2902 1943//2902 2598//2902
f 2603//2903 2602//2903 2596//2903 2597//2903
f 2602//2904 2577//2904 2573//2904 2596//2904
f 2577//2905 2602//2905 2601//2905 2576//2905
f 2576//2906 2601//2906 2600//2906 2575//2906
f 2575//2907 2600//2907 2595//2907 2571//2907
f 2600//2908 2599//2908 2594//2908 2595//2908
f 2599//2909 2598//2909 2593//2909 2594//2909
f 3503//2910 3470//2910 2253//2910 3002//2910
f 3503//2911 3499//2911 3468//2911 3470//2911
f 3504//2912 3503//2912 3002//2912 3003//2912
f 3504//2913 3500//2913 3499//2913 3503//2913
f 3500//2914 3504//2914 3003//2914 2996//2914
f 3505//2915 3501//2915 2997//2915 3004//2915
f 3506//2916 3505//2916 3004//2916 3005//2916
f 3506//2917 3502//2917 3501//2917 3505//2917
f 3507//2918 3506//2918 3005//2918 3006//2918
f 1430//2919 1417//2919 3502//2919 3506//2919
f 1431//2920 1430//2920 3506//2920 3507//2920
f 2597//2921 2574//2921 2570//2921 2591//2921
f 2574//2922 2597//2922 2596//2922 2573//2922
f 2571//2923 2595//2923 2590//2923 2567//2923
f 2595//2924 2594//2924 2589//2924 2590//2924
f 2594//2925 2593//2925 2588//2925 2589//2925
f 2593//2926 1942//2926 1941//2926 2588//2926
f 2592//2927 2591//2927 2586//2927 2587//2927
f 2591//2928 2570//2928 2564//2928 2586//2928
f 2567//2929 2590//2929 2589//2929 2566//2929
f 3508//2930 3507//2930 3006//2930 3021//2930
f 1442//2931 1431//2931 3507//2931 3508//2931
f 2566//2932 2589//2932 2588//2932 2565//2932
f 2565//2933 2588//2933 2584//2933 2559//2933
f 2587//2934 2586//2934 2582//2934 2583//2934
f 2586//2935 2564//2935 2558//2935 2582//2935
f 2560//2936 2585//2936 2578//2936 2554//2936
f 2585//2937 2560//2937 2559//2937 2584//2937
f 2582//2938 2558//2938 2557//2938 2581//2938
f 2581//2939 2557//2939 2556//2939 2580//2939
f 2580//2940 2556//2940 2555//2940 2579//2940
f 2579//2941 2555//2941 2554//2941 2578//2941
f 2577//2942 2576//2942 2572//2942 2573//2942
f 3509//2943 3508//2943 3021//2943 3038//2943
f 1454//2944 1442//2944 3508//2944 3509//2944
f 2576//2945 2575//2945 2571//2945 2572//2945
f 2574//2946 2573//2946 2569//2946 2570//2946
f 2573//2947 2572//2947 2568//2947 2569//2947
f 2572//2948 2571//2948 2567//2948 2568//2948
f 2570//2949 2569//2949 2563//2949 2564//2949
f 2569//2950 2568//2950 2562//2950 2563//2950
f 2568//2951 2567//2951 2561//2951 2562//2951
f 2567//2952 2566//2952 2560//2952 2561//2952
f 2566//2953 2565//2953 2559//2953 2560//2953
f 2564//2954 2563//2954 2557//2954 2558//2954
f 2563//2955 2562//2955 2556//2955 2557//2955
f 2562//2956 2561//2956 2555//2956 2556//2956
f 2561//2957 2560//2957 2554//2957 2555//2957
f 2458//2958 2553//2958 2552//2958 2456//2958
f 2456//2959 2552//2959 2551//2959 2363//2959
f 2363//2960 2551//2960 2550//2960 2360//2960
f 2360//2961 2550//2961 2549//2961 2359//2961
f 2549//2962 2550//2962 2548//2962 2547//2962
f 2359//2963 2549//2963 2547//2963 2357//2963
f 2547//2964 2548//2964 2546//2964 2545//2964
f 2357//2965 2547//2965 2545//2965 2354//2965
f 2355//2966 2546//2966 2544//2966 2352//2966
f 2546//2967 2355//2967 2354//2967 2545//2967
f 2535//2968 2543//2968 2542//2968 2532//2968
f 2532//2969 2542//2969 2541//2969 2531//2969
f 2541//2970 2542//2970 2540//2970 2539//2970
f 2531//2971 2541//2971 2539//2971 2529//2971
f 2539//2972 2540//2972 2453//2972 2452//2972
f 2529//2973 2539//2973 2452//2973 2432//2973
f 2526//2974 2538//2974 2537//2974 2524//2974
f 2524//2975 2537//2975 2536//2975 2523//2975
f 2536//2976 2537//2976 2535//2976 2534//2976
f 2523//2977 2536//2977 2534//2977 2521//2977
f 2534//2978 2535//2978 2532//2978 2531//2978
f 2521//2979 2534//2979 2533//2979 2520//2979
f 2533//2980 2534//2980 2531//2980 2530//2980
f 2520//2981 2533//2981 2530//2981 2519//2981
f 2530//2982 2531//2982 2529//2982 2528//2982
f 2519//2983 2530//2983 2528//2983 2518//2983
f 2528//2984 2529//2984 2432//2984 2431//2984
f 2518//2985 2528//2985 2431//2985 2417//2985
f 2516//2986 2527//2986 2526//2986 2515//2986
f 2515//2987 2526//2987 2525//2987 2514//2987
f 2525//2988 2526//2988 2524//2988 2523//2988
f 2514//2989 2525//2989 2523//2989 2513//2989
f 2513//2990 2523//2990 2522//2990 2512//2990
f 2522//2991 2523//2991 2521//2991 2520//2991
f 2512//2992 2522//2992 2520//2992 2510//2992
f 2510//2993 2520//2993 2519//2993 2509//2993
f 2509//2994 2519//2994 2518//2994 2508//2994
f 2508//2995 2518//2995 2417//2995 2401//2995
f 2506//2996 2517//2996 2516//2996 2505//2996
f 2505//2997 2516//2997 2515//2997 2502//2997
f 2502//2998 2515//2998 2514//2998 2501//2998
f 2501//2999 2514//2999 2513//2999 2499//2999
f 2499//3000 2513//3000 2511//3000 2498//3000
f 2513//3001 2512//3001 2510//3001 2511//3001
f 2498//3002 2511//3002 2510//3002 2497//3002
f 2497//3003 2510//3003 2509//3003 2496//3003
f 2496//3004 2509//3004 2508//3004 2495//3004
f 2495//3005 2508//3005 2401//3005 2385//3005
f 2494//3006 2507//3006 2506//3006 2492//3006
f 2492//3007 2506//3007 2505//3007 2489//3007
f 2489//3008 2505//3008 2504//3008 2488//3008
f 2504//3009 2505//3009 2502//3009 2501//3009
f 2488//3010 2504//3010 2501//3010 2486//3010
f 2487//3011 2503//3011 2500//3011 2485//3011
f 2503//3012 2487//3012 2486//3012 2501//3012
f 2503//3013 2501//3013 2499//3013 2500//3013
f 2485//3014 2500//3014 2499//3014 2484//3014
f 2484//3015 2499//3015 2498//3015 2482//3015
f 2482//3016 2498//3016 2497//3016 2481//3016
f 2481//3017 2497//3017 2496//3017 2479//3017
f 2479//3018 2496//3018 2495//3018 2477//3018
f 2477//3019 2495//3019 2385//3019 2375//3019
f 2476//3020 2494//3020 2493//3020 2475//3020
f 2493//3021 2494//3021 2492//3021 2491//3021
f 2475//3022 2493//3022 2491//3022 2474//3022
f 2491//3023 2492//3023 2489//3023 2488//3023
f 2474//3024 2491//3024 2488//3024 2472//3024
f 2473//3025 2490//3025 2487//3025 2471//3025
f 2490//3026 2473//3026 2472//3026 2488//3026
f 2490//3027 2488//3027 2486//3027 2487//3027
f 2471//3028 2487//3028 2485//3028 2470//3028
f 2470//3029 2485//3029 2483//3029 2469//3029
f 2485//3030 2484//3030 2482//3030 2483//3030
f 2469//3031 2483//3031 2482//3031 2468//3031
f 2468//3032 2482//3032 2480//3032 2466//3032
f 2482//3033 2481//3033 2479//3033 2480//3033
f 2466//3034 2480//3034 2479//3034 2465//3034
f 2465//3035 2479//3035 2477//3035 2462//3035
f 2463//3036 2478//3036 2376//3036 2367//3036
f 2478//3037 2463//3037 2462//3037 2477//3037
f 2478//3038 2477//3038 2375//3038 2376//3038
f 2265//3039 2475//3039 2474//3039 2263//3039
f 2263//3040 2474//3040 2472//3040 2261//3040
f 2262//3041 2473//3041 2471//3041 2260//3041
f 2473//3042 2262//3042 2261//3042 2472//3042
f 2260//3043 2471//3043 2470//3043 2259//3043
f 2469//3044 2468//3044 2466//3044 2467//3044
f 2467//3045 2466//3045 2463//3045 2464//3045
f 2466//3046 2465//3046 2462//3046 2463//3046
f 2464//3047 2463//3047 2367//3047 2368//3047
f 2445//3048 2461//3048 2460//3048 2442//3048
f 2442//3049 2460//3049 2459//3049 2441//3049
f 2459//3050 2460//3050 2458//3050 2457//3050
f 2441//3051 2459//3051 2457//3051 2439//3051
f 2457//3052 2458//3052 2456//3052 2455//3052
f 2439//3053 2457//3053 2455//3053 2436//3053
f 2455//3054 2456//3054 2363//3054 2362//3054
f 2436//3055 2455//3055 2454//3055 2435//3055
f 2454//3056 2455//3056 2362//3056 2361//3056
f 2435//3057 2454//3057 2361//3057 2344//3057
f 2452//3058 2453//3058 2451//3058 2450//3058
f 2432//3059 2452//3059 2450//3059 2430//3059
f 2450//3060 2451//3060 2449//3060 2448//3060
f 2430//3061 2450//3061 2448//3061 2428//3061
f 2448//3062 2449//3062 2447//3062 2446//3062
f 2428//3063 2448//3063 2446//3063 2426//3063
f 2446//3064 2447//3064 2445//3064 2444//3064
f 2426//3065 2446//3065 2444//3065 2424//3065
f 2444//3066 2445//3066 2442//3066 2441//3066
f 2424//3067 2444//3067 2443//3067 2423//3067
f 2443//3068 2444//3068 2441//3068 2440//3068
f 2423//3069 2443//3069 2440//3069 2422//3069
f 2440//3070 2441//3070 2439//3070 2438//3070
f 2422//3071 2440//3071 2438//3071 2421//3071
f 2438//3072 2439//3072 2436//3072 2435//3072
f 2421//3073 2438//3073 2437//3073 2420//3073
f 2437//3074 2438//3074 2435//3074 2434//3074
f 2420//3075 2437//3075 2434//3075 2419//3075
f 2434//3076 2435//3076 2344//3076 2343//3076
f 2419//3077 2434//3077 2433//3077 2418//3077
f 2433//3078 2434//3078 2343//3078 2342//3078
f 2418//3079 2433//3079 2342//3079 2320//3079
f 2431//3080 2432//3080 2430//3080 2429//3080
f 2417//3081 2431//3081 2429//3081 2416//3081
f 2429//3082 2430//3082 2428//3082 2427//3082
f 2416//3083 2429//3083 2427//3083 2415//3083
f 2427//3084 2428//3084 2426//3084 2425//3084
f 2415//3085 2427//3085 2425//3085 2413//3085
f 2425//3086 2426//3086 2424//3086 2423//3086
f 2413//3087 2425//3087 2423//3087 2411//3087
f 2411//3088 2423//3088 2422//3088 2409//3088
f 2409//3089 2422//3089 2421//3089 2407//3089
f 2407//3090 2421//3090 2420//3090 2406//3090
f 2406//3091 2420//3091 2419//3091 2403//3091
f 2403//3092 2419//3092 2418//3092 2402//3092
f 2402//3093 2418//3093 2320//3093 2304//3093
f 2401//3094 2417//3094 2416//3094 2400//3094
f 2400//3095 2416//3095 2415//3095 2398//3095
f 2398//3096 2415//3096 2413//3096 2395//3096
f 2396//3097 2414//3097 2412//3097 2393//3097
f 2414//3098 2396//3098 2395//3098 2413//3098
f 2414//3099 2413//3099 2411//3099 2412//3099
f 2393//3100 2412//3100 2410//3100 2391//3100
f 2412//3101 2411//3101 2409//3101 2410//3101
f 2391//3102 2410//3102 2408//3102 2389//3102
f 2410//3103 2409//3103 2407//3103 2408//3103
f 2389//3104 2408//3104 2405//3104 2387//3104
f 2408//3105 2407//3105 2404//3105 2405//3105
f 2407//3106 2406//3106 2403//3106 2404//3106
f 2387//3107 2405//3107 2404//3107 2386//3107
f 2386//3108 2404//3108 2306//3108 2280//3108
f 2404//3109 2403//3109 2305//3109 2306//3109
f 2403//3110 2402//3110 2304//3110 2305//3110
f 2385//3111 2401//3111 2400//3111 2383//3111
f 2383//3112 2400//3112 2398//3112 2380//3112
f 2381//3113 2399//3113 2396//3113 2378//3113
f 2399//3114 2381//3114 2380//3114 2398//3114
f 2399//3115 2398//3115 2395//3115 2396//3115
f 2379//3116 2397//3116 2394//3116 2377//3116
f 2397//3117 2379//3117 2378//3117 2396//3117
f 2397//3118 2396//3118 2393//3118 2394//3118
f 2394//3119 2393//3119 2391//3119 2392//3119
f 2392//3120 2391//3120 2389//3120 2390//3120
f 2390//3121 2389//3121 2387//3121 2388//3121
f 2388//3122 2387//3122 2281//3122 2282//3122
f 2387//3123 2386//3123 2280//3123 2281//3123
f 2375//3124 2385//3124 2383//3124 2372//3124
f 2373//3125 2384//3125 2381//3125 2370//3125
f 2384//3126 2373//3126 2372//3126 2383//3126
f 2384//3127 2383//3127 2380//3127 2381//3127
f 2371//3128 2382//3128 2379//3128 2369//3128
f 2382//3129 2371//3129 2370//3129 2381//3129
f 2382//3130 2381//3130 2378//3130 2379//3130
f 2367//3131 2376//3131 2373//3131 2365//3131
f 2376//3132 2375//3132 2372//3132 2373//3132
f 2366//3133 2374//3133 2371//3133 2364//3133
f 2374//3134 2366//3134 2365//3134 2373//3134
f 2374//3135 2373//3135 2370//3135 2371//3135
f 2368//3136 2367//3136 2365//3136 2366//3136
f 2362//3137 2363//3137 2360//3137 2359//3137
f 2361//3138 2362//3138 2359//3138 2358//3138
f 2344//3139 2361//3139 2358//3139 2341//3139
f 2358//3140 2359//3140 2357//3140 2356//3140
f 2341//3141 2358//3141 2356//3141 2338//3141
f 2356//3142 2357//3142 2354//3142 2353//3142
f 2338//3143 2356//3143 2353//3143 2335//3143
f 2354//3144 2355//3144 2352//3144 2351//3144
f 2353//3145 2354//3145 2351//3145 2350//3145
f 2335//3146 2353//3146 2350//3146 2331//3146
f 2352//3147 2332//3147 2328//3147 2349//3147
f 2351//3148 2352//3148 2349//3148 2348//3148
f 2350//3149 2351//3149 2348//3149 2347//3149
f 2331//3150 2350//3150 2347//3150 2326//3150
f 2349//3151 2328//3151 2327//3151 2348//3151
f 2348//3152 2327//3152 2323//3152 2346//3152
f 2347//3153 2348//3153 2346//3153 2345//3153
f 2326//3154 2347//3154 2345//3154 2322//3154
f 2346//3155 2323//3155 2322//3155 2345//3155
f 2343//3156 2344//3156 2341//3156 2340//3156
f 2342//3157 2343//3157 2340//3157 2339//3157
f 2320//3158 2342//3158 2339//3158 2319//3158
f 2340//3159 2341//3159 2338//3159 2337//3159
f 2339//3160 2340//3160 2337//3160 2336//3160
f 2319//3161 2339//3161 2336//3161 2318//3161
f 2337//3162 2338//3162 2335//3162 2334//3162
f 2336//3163 2337//3163 2334//3163 2333//3163
f 2318//3164 2336//3164 2333//3164 2316//3164
f 2334//3165 2335//3165 2331//3165 2330//3165
f 2333//3166 2334//3166 2330//3166 2329//3166
f 2316//3167 2333//3167 2329//3167 2314//3167
f 2330//3168 2331//3168 2326//3168 2325//3168
f 2315//3169 2330//3169 2325//3169 2311//3169
f 2330//3170 2315//3170 2314//3170 2329//3170
f 2328//3171 2313//3171 2310//3171 2324//3171
f 2327//3172 2328//3172 2324//3172 2323//3172
f 2325//3173 2326//3173 2322//3173 2321//3173
f 2311//3174 2325//3174 2321//3174 2307//3174
f 2324//3175 2310//3175 2309//3175 2323//3175
f 2323//3176 2309//3176 2308//3176 2322//3176
f 2322//3177 2308//3177 2307//3177 2321//3177
f 2304//3178 2320//3178 2319//3178 2301//3178
f 2301//3179 2319//3179 2318//3179 2298//3179
f 2298//3180 2318//3180 2316//3180 2294//3180
f 2295//3181 2317//3181 2315//3181 2290//3181
f 2317//3182 2295//3182 2294//3182 2316//3182
f 2317//3183 2316//3183 2314//3183 2315//3183
f 2290//3184 2315//3184 2311//3184 2286//3184
f 2313//3185 2289//3185 2285//3185 2310//3185
f 2287//3186 2312//3186 2308//3186 2283//3186
f 2312//3187 2287//3187 2286//3187 2311//3187
f 2312//3188 2311//3188 2307//3188 2308//3188
f 2310//3189 2285//3189 2284//3189 2309//3189
f 2309//3190 2284//3190 2283//3190 2308//3190
f 2280//3191 2306//3191 2303//3191 2277//3191
f 2306//3192 2305//3192 2302//3192 2303//3192
f 2305//3193 2304//3193 2301//3193 2302//3193
f 2277//3194 2303//3194 2300//3194 2274//3194
f 2303//3195 2302//3195 2299//3195 2300//3195
f 2302//3196 2301//3196 2298//3196 2299//3196
f 2274//3197 2300//3197 2296//3197 2271//3197
f 2300//3198 2299//3198 2295//3198 2296//3198
f 2299//3199 2298//3199 2294//3199 2295//3199
f 2297//3200 2273//3200 2270//3200 2293//3200
f 2271//3201 2296//3201 2291//3201 2268//3201
f 2296//3202 2295//3202 2290//3202 2291//3202
f 2293//3203 2270//3203 2269//3203 2292//3203
f 2293//3204 2292//3204 2288//3204 2289//3204
f 2292//3205 2269//3205 2267//3205 2288//3205
f 2268//3206 2291//3206 2287//3206 2266//3206
f 2291//3207 2290//3207 2286//3207 2287//3207
f 2289//3208 2288//3208 2284//3208 2285//3208
f 2288//3209 2267//3209 2266//3209 2287//3209
f 2288//3210 2287//3210 2283//3210 2284//3210
f 2282//3211 2281//3211 2278//3211 2279//3211
f 2281//3212 2280//3212 2277//3212 2278//3212
f 2279//3213 2278//3213 2275//3213 2276//3213
f 2278//3214 2277//3214 2274//3214 2275//3214
f 2276//3215 2275//3215 2272//3215 2273//3215
f 2275//3216 2274//3216 2271//3216 2272//3216
f 2273//3217 2272//3217 2269//3217 2270//3217
f 2272//3218 2271//3218 2268//3218 2269//3218
f 2269//3219 2268//3219 2266//3219 2267//3219
f 2257//3220 2265//3220 2263//3220 2255//3220
f 2256//3221 2264//3221 2262//3221 2254//3221
f 2264//3222 2256//3222 2255//3222 2263//3222
f 2264//3223 2263//3223 2261//3223 2262//3223
f 2253//3224 2258//3224 2256//3224 2252//3224
f 2258//3225 2257//3225 2255//3225 2256//3225
f 2251//3226 2248//3226 2247//3226 2250//3226
f 2250//3227 2247//3227 2246//3227 2249//3227
f 2248//3228 2245//3228 2244//3228 2247//3228
f 2247//3229 2244//3229 2243//3229 2246//3229
f 2230//3230 2241//3230 2239//3230 2228//3230
f 2241//3231 2230//3231 2229//3231 2240//3231
f 2228//3232 2239//3232 2238//3232 2226//3232
f 2226//3233 2238//3233 2237//3233 2225//3233
f 2222//3234 2236//3234 2235//3234 2221//3234
f 2235//3235 2236//3235 2234//3235 2233//3235
f 2221//3236 2235//3236 2233//3236 2219//3236
f 2233//3237 2234//3237 2232//3237 2231//3237
f 2219//3238 2233//3238 2231//3238 2217//3238
f 2231//3239 2232//3239 2147//3239 2146//3239
f 2217//3240 2231//3240 2146//3240 2143//3240
f 2229//3241 2230//3241 2228//3241 2227//3241
f 2215//3242 2229//3242 2227//3242 2213//3242
f 2214//3243 2228//3243 2226//3243 2212//3243
f 2228//3244 2214//3244 2213//3244 2227//3244
f 2212//3245 2226//3245 2225//3245 2210//3245
f 2210//3246 2225//3246 2224//3246 2209//3246
f 2209//3247 2224//3247 2223//3247 2208//3247
f 2223//3248 2224//3248 2222//3248 2221//3248
f 2208//3249 2223//3249 2221//3249 2207//3249
f 2207//3250 2221//3250 2220//3250 2206//3250
f 2220//3251 2221//3251 2219//3251 2218//3251
f 2206//3252 2220//3252 2218//3252 2205//3252
f 2218//3253 2219//3253 2217//3253 2216//3253
f 2205//3254 2218//3254 2216//3254 2204//3254
f 2216//3255 2217//3255 2143//3255 2142//3255
f 2204//3256 2216//3256 2142//3256 2136//3256
f 2202//3257 2215//3257 2213//3257 2200//3257
f 2213//3258 2214//3258 2212//3258 2211//3258
f 2200//3259 2213//3259 2211//3259 2198//3259
f 2199//3260 2212//3260 2210//3260 2197//3260
f 2212//3261 2199//3261 2198//3261 2211//3261
f 2197//3262 2210//3262 2209//3262 2195//3262
f 2195//3263 2209//3263 2208//3263 2194//3263
f 2194//3264 2208//3264 2207//3264 2192//3264
f 2192//3265 2207//3265 2206//3265 2191//3265
f 2191//3266 2206//3266 2205//3266 2190//3266
f 2190//3267 2205//3267 2204//3267 2188//3267
f 2188//3268 2204//3268 2136//3268 2125//3268
f 2186//3269 2203//3269 2201//3269 2185//3269
f 2203//3270 2202//3270 2200//3270 2201//3270
f 2185//3271 2201//3271 2200//3271 2184//3271
f 2184//3272 2200//3272 2198//3272 2182//3272
f 2198//3273 2199//3273 2197//3273 2196//3273
f 2182//3274 2198//3274 2196//3274 2180//3274
f 2196//3275 2197//3275 2195//3275 2194//3275
f 2180//3276 2196//3276 2194//3276 2179//3276
f 3510//3277 3509//3277 3038//3277 3266//3277
f 1762//3278 1454//3278 3509//3278 3510//3278
f 2179//3279 2194//3279 2193//3279 2178//3279
f 2193//3280 2194//3280 2192//3280 2191//3280
f 2178//3281 2193//3281 2191//3281 2177//3281
f 2177//3282 2191//3282 2190//3282 2176//3282
f 2176//3283 2190//3283 2189//3283 2175//3283
f 2189//3284 2190//3284 2188//3284 2187//3284
f 2175//3285 2189//3285 2187//3285 2173//3285
f 2174//3286 2188//3286 2125//3286 2106//3286
f 2188//3287 2174//3287 2173//3287 2187//3287
f 2172//3288 2185//3288 2183//3288 2171//3288
f 2185//3289 2184//3289 2182//3289 2183//3289
f 3512//3290 3513//3290 3285//3290 3284//3290
f 3513//3291 3510//3291 3266//3291 3285//3291
f 689//3292 1774//3292 3511//3292 3476//3292
f 1775//3293 1776//3293 3513//3293 3512//3293
f 1776//3294 1762//3294 3510//3294 3513//3294
f 2171//3295 2183//3295 2181//3295 2170//3295
f 2183//3296 2182//3296 2180//3296 2181//3296
f 2170//3297 2181//3297 2180//3297 2169//3297
f 2169//3298 2180//3298 2179//3298 2167//3298
f 2167//3299 2179//3299 2178//3299 2166//3299
f 2166//3300 2178//3300 2177//3300 2164//3300
f 2164//3301 2177//3301 2176//3301 2162//3301
f 2162//3302 2176//3302 2174//3302 2161//3302
f 2176//3303 2175//3303 2173//3303 2174//3303
f 2161//3304 2174//3304 2106//3304 2091//3304
f 2160//3305 2170//3305 2168//3305 2159//3305
f 2170//3306 2169//3306 2167//3306 2168//3306
f 2159//3307 2168//3307 2167//3307 2158//3307
f 2158//3308 2167//3308 2165//3308 2156//3308
f 2167//3309 2166//3309 2164//3309 2165//3309
f 3477//3310 3514//3310 3305//3310 2507//3310
f 3511//3311 3514//3311 3477//3311 3476//3311
f 3514//3312 3515//3312 3306//3312 3305//3312
f 3516//3313 3512//3313 3284//3313 3308//3313
f 1774//3314 1792//3314 3514//3314 3511//3314
f 1793//3315 1775//3315 3512//3315 3516//3315
f 3518//3316 1793//3316 3516//3316 3517//3316
f 2156//3317 2165//3317 2163//3317 2154//3317
f 2165//3318 2164//3318 2162//3318 2163//3318
f 2154//3319 2163//3319 2162//3319 2153//3319
f 2153//3320 2162//3320 2161//3320 2150//3320
f 2150//3321 2161//3321 2091//3321 2072//3321
f 2159//3322 2158//3322 2156//3322 2157//3322
f 2157//3323 2156//3323 2154//3323 2155//3323
f 2149//3324 2155//3324 2152//3324 2148//3324
f 2155//3325 2154//3325 2151//3325 2152//3325
f 2154//3326 2153//3326 2150//3326 2151//3326
f 2148//3327 2152//3327 2074//3327 2052//3327
f 2152//3328 2151//3328 2073//3328 2074//3328
f 2151//3329 2150//3329 2072//3329 2073//3329
f 2144//3330 2147//3330 2145//3330 2141//3330
f 2147//3331 2144//3331 2143//3331 2146//3331
f 2143//3332 2144//3332 2141//3332 2140//3332
f 2142//3333 2143//3333 2140//3333 2139//3333
f 3520//3334 3515//3334 3514//3334 3519//3334
f 3515//3335 3520//3335 3331//3335 3306//3335
f 3520//3336 3521//3336 3332//3336 3331//3336
f 3521//3337 3522//3337 3333//3337 3332//3337
f 3522//3338 3516//3338 3308//3338 3333//3338
f 3523//3339 3517//3339 3516//3339 3522//3339
f 1792//3340 1809//3340 3519//3340 3514//3340
f 1810//3341 3524//3341 3523//3341 3522//3341
f 3518//3342 3524//3342 1810//3342 1793//3342
f 3524//3343 3518//3343 3517//3343 3523//3343
f 2136//3344 2142//3344 2139//3344 2134//3344
f 2140//3345 2141//3345 2138//3345 2137//3345
f 2135//3346 2140//3346 2137//3346 2132//3346
f 2140//3347 2135//3347 2134//3347 2139//3347
f 2138//3348 2133//3348 2132//3348 2137//3348
f 2125//3349 2136//3349 2134//3349 2124//3349
f 2134//3350 2135//3350 2132//3350 2131//3350
f 2124//3351 2134//3351 2131//3351 2122//3351
f 2132//3352 2133//3352 2130//3352 2129//3352
f 2123//3353 2132//3353 2129//3353 2120//3353
f 2132//3354 2123//3354 2122//3354 2131//3354
f 2130//3355 2121//3355 2120//3355 2129//3355
f 2114//3356 2128//3356 2127//3356 2111//3356
f 2111//3357 2127//3357 2126//3357 2110//3357
f 2126//3358 2127//3358 2045//3358 2044//3358
f 2110//3359 2126//3359 2044//3359 2040//3359
f 2106//3360 2125//3360 2124//3360 2105//3360
f 3526//3361 3520//3361 3519//3361 3525//3361
f 3527//3362 3521//3362 3520//3362 3526//3362
f 3528//3363 3522//3363 3521//3363 3527//3363
f 1809//3364 1828//3364 3525//3364 3519//3364
f 1828//3365 1829//3365 3526//3365 3525//3365
f 1829//3366 1830//3366 3527//3366 3526//3366
f 1830//3367 1831//3367 3528//3367 3527//3367
f 1831//3368 1810//3368 3522//3368 3528//3368
f 2105//3369 2124//3369 2122//3369 2104//3369
f 2122//3370 2123//3370 2120//3370 2119//3370
f 2104//3371 2122//3371 2119//3371 2102//3371
f 2120//3372 2121//3372 2118//3372 2117//3372
f 2103//3373 2120//3373 2117//3373 2101//3373
f 2120//3374 2103//3374 2102//3374 2119//3374
f 2117//3375 2118//3375 2116//3375 2115//3375
f 2101//3376 2117//3376 2115//3376 2099//3376
f 2115//3377 2116//3377 2114//3377 2113//3377
f 2099//3378 2115//3378 2113//3378 2097//3378
f 2113//3379 2114//3379 2111//3379 2110//3379
f 2097//3380 2113//3380 2112//3380 2096//3380
f 2112//3381 2113//3381 2110//3381 2109//3381
f 2096//3382 2112//3382 2109//3382 2094//3382
f 2109//3383 2110//3383 2040//3383 2039//3383
f 2094//3384 2109//3384 2108//3384 2093//3384
f 2108//3385 2109//3385 2039//3385 2038//3385
f 2093//3386 2108//3386 2107//3386 2092//3386
f 2107//3387 2108//3387 2038//3387 2037//3387
f 2092//3388 2107//3388 2037//3388 2013//3388
f 2091//3389 2106//3389 2105//3389 2089//3389
f 2089//3390 2105//3390 2104//3390 2087//3390
f 2087//3391 2104//3391 2102//3391 2085//3391
f 2102//3392 2103//3392 2101//3392 2100//3392
f 2085//3393 2102//3393 2100//3393 2083//3393
f 2100//3394 2101//3394 2099//3394 2098//3394
f 2083//3395 2100//3395 2098//3395 2081//3395
f 2098//3396 2099//3396 2097//3396 2096//3396
f 2081//3397 2098//3397 2096//3397 2079//3397
f 2079//3398 2096//3398 2095//3398 2078//3398
f 2095//3399 2096//3399 2094//3399 2093//3399
f 2078//3400 2095//3400 2093//3400 2076//3400
f 2076//3401 2093//3401 2092//3401 2075//3401
f 2075//3402 2092//3402 2013//3402 1995//3402
f 2072//3403 2091//3403 2089//3403 2069//3403
f 2070//3404 2090//3404 2088//3404 2067//3404
f 2090//3405 2070//3405 2069//3405 2089//3405
f 2090//3406 2089//3406 2087//3406 2088//3406
f 2067//3407 2088//3407 2086//3407 2065//3407
f 2088//3408 2087//3408 2085//3408 2086//3408
f 2065//3409 2086//3409 2084//3409 2063//3409
f 2086//3410 2085//3410 2083//3410 2084//3410
f 2063//3411 2084//3411 2083//3411 2062//3411
f 2062//3412 2083//3412 2081//3412 2059//3412
f 2060//3413 2082//3413 2080//3413 2057//3413
f 2082//3414 2060//3414 2059//3414 2081//3414
f 2082//3415 2081//3415 2079//3415 2080//3415
f 2057//3416 2080//3416 2079//3416 2056//3416
f 2056//3417 2079//3417 2077//3417 2054//3417
f 2079//3418 2078//3418 2076//3418 2077//3418
f 2054//3419 2077//3419 2076//3419 2053//3419
f 2053//3420 2076//3420 1996//3420 1978//3420
f 2076//3421 2075//3421 1995//3421 1996//3421
f 2074//3422 2073//3422 2070//3422 2071//3422
f 2073//3423 2072//3423 2069//3423 2070//3423
f 2071//3424 2070//3424 2067//3424 2068//3424
f 2068//3425 2067//3425 2065//3425 2066//3425
f 2066//3426 2065//3426 2063//3426 2064//3426
f 2051//3427 2064//3427 2061//3427 2050//3427
f 2064//3428 2063//3428 2060//3428 2061//3428
f 2063//3429 2062//3429 2059//3429 2060//3429
f 2050//3430 2061//3430 2058//3430 2049//3430
f 2061//3431 2060//3431 2057//3431 2058//3431
f 2049//3432 2058//3432 2057//3432 2048//3432
f 2048//3433 2057//3433 2055//3433 2046//3433
f 2057//3434 2056//3434 2054//3434 2055//3434
f 2046//3435 2055//3435 1980//3435 1955//3435
f 2055//3436 2054//3436 1979//3436 1980//3436
f 2054//3437 2053//3437 1978//3437 1979//3437
f 2049//3438 2048//3438 2046//3438 2047//3438
f 1946//3439 2047//3439 1956//3439 1945//3439
f 2047//3440 2046//3440 1955//3440 1956//3440
f 2045//3441 2041//3441 2036//3441 2043//3441
f 2044//3442 2045//3442 2043//3442 2042//3442
f 2040//3443 2044//3443 2042//3443 2035//3443
f 2043//3444 2036//3444 2035//3444 2042//3444
f 2039//3445 2040//3445 2035//3445 2034//3445
f 2038//3446 2039//3446 2034//3446 2033//3446
f 2037//3447 2038//3447 2033//3447 2032//3447
f 2013//3448 2037//3448 2032//3448 2012//3448
f 2035//3449 2036//3449 2031//3449 2030//3449
f 2034//3450 2035//3450 2030//3450 2029//3450
f 2033//3451 2034//3451 2029//3451 2028//3451
f 2032//3452 2033//3452 2028//3452 2027//3452
f 2012//3453 2032//3453 2027//3453 2010//3453
f 2030//3454 2031//3454 2026//3454 2025//3454
f 2029//3455 2030//3455 2025//3455 2024//3455
f 2028//3456 2029//3456 2024//3456 2023//3456
f 2011//3457 2028//3457 2023//3457 2009//3457
f 2028//3458 2011//3458 2010//3458 2027//3458
f 2025//3459 2026//3459 2022//3459 2021//3459
f 2024//3460 2025//3460 2021//3460 2020//3460
f 2023//3461 2024//3461 2020//3461 2019//3461
f 2009//3462 2023//3462 2019//3462 2006//3462
f 2021//3463 2022//3463 2018//3463 2017//3463
f 2020//3464 2021//3464 2017//3464 2016//3464
f 2007//3465 2020//3465 2016//3465 2002//3465
f 2020//3466 2007//3466 2006//3466 2019//3466
f 2018//3467 2004//3467 2003//3467 2017//3467
f 2017//3468 2003//3468 1999//3468 2015//3468
f 2016//3469 2017//3469 2015//3469 2014//3469
f 2002//3470 2016//3470 2014//3470 1998//3470
f 2015//3471 1999//3471 1998//3471 2014//3471
f 1995//3472 2013//3472 2012//3472 1993//3472
f 1993//3473 2012//3473 2010//3473 1991//3473
f 2010//3474 2011//3474 2009//3474 2008//3474
f 1991//3475 2010//3475 2008//3475 1989//3475
f 2008//3476 2009//3476 2006//3476 2005//3476
f 1989//3477 2008//3477 2005//3477 1987//3477
f 2006//3478 2007//3478 2002//3478 2001//3478
f 1988//3479 2006//3479 2001//3479 1985//3479
f 2006//3480 1988//3480 1987//3480 2005//3480
f 2004//3481 1986//3481 1984//3481 2000//3481
f 2003//3482 2004//3482 2000//3482 1999//3482
f 2001//3483 2002//3483 1998//3483 1997//3483
f 1985//3484 2001//3484 1997//3484 1981//3484
f 2000//3485 1984//3485 1983//3485 1999//3485
f 1999//3486 1983//3486 1982//3486 1998//3486
f 1998//3487 1982//3487 1981//3487 1997//3487
f 1978//3488 1996//3488 1994//3488 1975//3488
f 1996//3489 1995//3489 1993//3489 1994//3489
f 1975//3490 1994//3490 1992//3490 1972//3490
f 1994//3491 1993//3491 1991//3491 1992//3491
f 1972//3492 1992//3492 1990//3492 1969//3492
f 1992//3493 1991//3493 1989//3493 1990//3493
f 1969//3494 1990//3494 1988//3494 1965//3494
f 1990//3495 1989//3495 1987//3495 1988//3495
f 1965//3496 1988//3496 1985//3496 1961//3496
f 1986//3497 1964//3497 1960//3497 1984//3497
f 1961//3498 1985//3498 1981//3498 1957//3498
f 1984//3499 1960//3499 1959//3499 1983//3499
f 1983//3500 1959//3500 1958//3500 1982//3500
f 1982//3501 1958//3501 1957//3501 1981//3501
f 1955//3502 1980//3502 1977//3502 1953//3502
f 1980//3503 1979//3503 1976//3503 1977//3503
f 1979//3504 1978//3504 1975//3504 1976//3504
f 1953//3505 1977//3505 1974//3505 1951//3505
f 1977//3506 1976//3506 1973//3506 1974//3506
f 1976//3507 1975//3507 1972//3507 1973//3507
f 1951//3508 1974//3508 1971//3508 1949//3508
f 1974//3509 1973//3509 1970//3509 1971//3509
f 1973//3510 1972//3510 1969//3510 1970//3510
f 1949//3511 1971//3511 1967//3511 1947//3511
f 1971//3512 1970//3512 1966//3512 1967//3512
f 1970//3513 1969//3513 1965//3513 1966//3513
f 1968//3514 1948//3514 1947//3514 1967//3514
f 1968//3515 1967//3515 1963//3515 1964//3515
f 1967//3516 1966//3516 1962//3516 1963//3516
f 1966//3517 1965//3517 1961//3517 1962//3517
f 1964//3518 1963//3518 1959//3518 1960//3518
f 1963//3519 1962//3519 1958//3519 1959//3519
f 1962//3520 1961//3520 1957//3520 1958//3520
f 1956//3521 1955//3521 1953//3521 1954//3521
f 1944//3522 1954//3522 1952//3522 1943//3522
f 1954//3523 1953//3523 1951//3523 1952//3523
f 1952//3524 1951//3524 1949//3524 1950//3524
f 1942//3525 1950//3525 1948//3525 1941//3525
f 1950//3526 1949//3526 1947//3526 1948//3526
